,title,name,stars,text,label_sentimen,text_clean,text_casefoldingText,text_slangwords,text_stemming,text_tokenizingText,text_stopword,text_final
0,Terminal Bulupitu Purwokerto,Muhammad Bakarudin,5,Joss terminalnya makasih,Positif,Joss terminalnya makasih,joss terminalnya makasih,bagus terminalnya terima kasih,bagus terminal terima kasih,"['bagus', 'terminal', 'terima', 'kasih']","['bagus', 'terminal', 'terima', 'kasih']",bagus terminal terima kasih
1,Terminal Bulupitu Purwokerto,Teguh Ku,1,Sangat mengecewakan banyak oknum pungli .. memaksaan kehendak terhadap penumpang,Negatif,Sangat mengecewakan banyak oknum pungli  memaksaan kehendak terhadap penumpang,sangat mengecewakan banyak oknum pungli  memaksaan kehendak terhadap penumpang,sangat mengecewakan banyak oknum pungli memaksaan kehendak terhadap penumpang,sangat kecewa banyak oknum pungli paksa hendak hadap tumpang,"['sangat', 'kecewa', 'banyak', 'oknum', 'pungli', 'paksa', 'hendak', 'hadap', 'tumpang']","['kecewa', 'oknum', 'pungli', 'paksa', 'hadap', 'tumpang']",kecewa oknum pungli paksa hadap tumpang
2,Terminal Bulupitu Purwokerto,KARTASOEWARTO UNIVERSAL,5,"Lumayan bagus dan cukup tertata
Loket telah disediakan bagus berderetan
Namun masih saja banyak calonya
Harusnya yang lalulalang itu hanya petugas yang berfungsi sebagai informan dan pengaman
Cukup sepi karena bis bagus jarang masuk terminal ini
Konsumen lebih memilih agen di luar terminal karena faktor harga tiket dan kenyamanan
Kalau keamanan sudah standar tinggal kenyamanan penumpang belum maksimal
TOILET GRATIS
Dulu walau sudah ada tulisan gratis tapi ada saja orang yang nongkrong di depan toilet memberi kesan seolah bayar ke oknum tersebut, bikin gak enak hati akhirnya bayar juga
Sekarang sudah ditertibkan
TERMINAL INI MEMILIKI TAMAN YANG LUAS TERMASUK AREA BERMAIN ANAK
LAHAN PARKIR KENDARAAN UNTUK PENGUNJUNG SANGAT LUAS
KULINER JUGA MEMADAI DENGAN HARGA TETAP TERKENDALI
BAGUS DAN LAYAK UNTUK DISINGGAHI",Positif,Lumayan bagus dan cukup tertata Loket telah disediakan bagus berderetan Namun masih saja banyak calonya Harusnya yang lalulalang itu hanya petugas yang berfungsi sebagai informan dan pengaman Cukup sepi karena bis bagus jarang masuk terminal ini Konsumen lebih memilih agen di luar terminal karena faktor harga tiket dan kenyamanan Kalau keamanan sudah standar tinggal kenyamanan penumpang belum maksimal TOILET GRATIS Dulu walau sudah ada tulisan gratis tapi ada saja orang yang nongkrong di depan toilet memberi kesan seolah bayar ke oknum tersebut bikin gak enak hati akhirnya bayar juga Sekarang sudah ditertibkan TERMINAL INI MEMILIKI TAMAN YANG LUAS TERMASUK AREA BERMAIN ANAK LAHAN PARKIR KENDARAAN UNTUK PENGUNJUNG SANGAT LUAS KULINER JUGA MEMADAI DENGAN HARGA TETAP TERKENDALI BAGUS DAN LAYAK UNTUK DISINGGAHI,lumayan bagus dan cukup tertata loket telah disediakan bagus berderetan namun masih saja banyak calonya harusnya yang lalulalang itu hanya petugas yang berfungsi sebagai informan dan pengaman cukup sepi karena bis bagus jarang masuk terminal ini konsumen lebih memilih agen di luar terminal karena faktor harga tiket dan kenyamanan kalau keamanan sudah standar tinggal kenyamanan penumpang belum maksimal toilet gratis dulu walau sudah ada tulisan gratis tapi ada saja orang yang nongkrong di depan toilet memberi kesan seolah bayar ke oknum tersebut bikin gak enak hati akhirnya bayar juga sekarang sudah ditertibkan terminal ini memiliki taman yang luas termasuk area bermain anak lahan parkir kendaraan untuk pengunjung sangat luas kuliner juga memadai dengan harga tetap terkendali bagus dan layak untuk disinggahi,lumayan bagus dan cukup tertata loket telah disediakan bagus berderetan namun masih saja banyak calonya harusnya yang lalulalang itu hanya petugas yang berfungsi sebagai informan dan pengaman cukup sepi karena bis bagus jarang masuk terminal ini konsumen lebih memilih agen di luar terminal karena faktor harga tiket dan kenyamanan kalau keamanan sudah standar tinggal kenyamanan penumpang belum maksimal toilet gratis dulu walau sudah ada tulisan gratis tapi ada saja orang yang nongkrong di depan toilet memberi kesan seolah bayar ke oknum tersebut bikin enggak enak hati akhirnya bayar juga sekarang sudah ditertibkan terminal ini memiliki taman yang luas termasuk area bermain anak lahan parkir kendaraan untuk pengunjung sangat luas kuliner juga memadai dengan harga tetap terkendali bagus dan layak untuk disinggahi,lumayan bagus dan cukup tata loket telah sedia bagus deret namun masih saja banyak calo harus yang lalulalang itu hanya tugas yang fungsi bagai informan dan kam cukup sepi karena bis bagus jarang masuk terminal ini konsumen lebih pilih agen di luar terminal karena faktor harga tiket dan nyaman kalau aman sudah standar tinggal nyaman tumpang belum maksimal toilet gratis dulu walau sudah ada tulis gratis tapi ada saja orang yang nongkrong di depan toilet beri kesan olah bayar ke oknum sebut bikin enggak enak hati akhir bayar juga sekarang sudah tertib terminal ini milik taman yang luas masuk area main anak lahan parkir kendara untuk unjung sangat luas kuliner juga pada dengan harga tetap kendali bagus dan layak untuk singgah,"['lumayan', 'bagus', 'dan', 'cukup', 'tata', 'loket', 'telah', 'sedia', 'bagus', 'deret', 'namun', 'masih', 'saja', 'banyak', 'calo', 'harus', 'yang', 'lalulalang', 'itu', 'hanya', 'tugas', 'yang', 'fungsi', 'bagai', 'informan', 'dan', 'kam', 'cukup', 'sepi', 'karena', 'bis', 'bagus', 'jarang', 'masuk', 'terminal', 'ini', 'konsumen', 'lebih', 'pilih', 'agen', 'di', 'luar', 'terminal', 'karena', 'faktor', 'harga', 'tiket', 'dan', 'nyaman', 'kalau', 'aman', 'sudah', 'standar', 'tinggal', 'nyaman', 'tumpang', 'belum', 'maksimal', 'toilet', 'gratis', 'dulu', 'walau', 'sudah', 'ada', 'tulis', 'gratis', 'tapi', 'ada', 'saja', 'orang', 'yang', 'nongkrong', 'di', 'depan', 'toilet', 'beri', 'kesan', 'olah', 'bayar', 'ke', 'oknum', 'sebut', 'bikin', 'enggak', 'enak', 'hati', 'akhir', 'bayar', 'juga', 'sekarang', 'sudah', 'tertib', 'terminal', 'ini', 'milik', 'taman', 'yang', 'luas', 'masuk', 'area', 'main', 'anak', 'lahan', 'parkir', 'kendara', 'untuk', 'unjung', 'sangat', 'luas', 'kuliner', 'juga', 'pada', 'dengan', 'harga', 'tetap', 'kendali', 'bagus', 'dan', 'layak', 'untuk', 'singgah']","['lumayan', 'bagus', 'tata', 'loket', 'sedia', 'bagus', 'deret', 'calo', 'lalulalang', 'tugas', 'fungsi', 'informan', 'kam', 'sepi', 'bis', 'bagus', 'jarang', 'masuk', 'terminal', 'konsumen', 'pilih', 'agen', 'terminal', 'faktor', 'harga', 'tiket', 'nyaman', 'aman', 'standar', 'tinggal', 'nyaman', 'tumpang', 'maksimal', 'toilet', 'gratis', 'tulis', 'gratis', 'orang', 'nongkrong', 'toilet', 'kesan', 'olah', 'bayar', 'oknum', 'bikin', 'enak', 'hati', 'bayar', 'tertib', 'terminal', 'milik', 'taman', 'luas', 'masuk', 'area', 'main', 'anak', 'lahan', 'parkir', 'kendara', 'unjung', 'luas', 'kuliner', 'harga', 'kendali', 'bagus', 'layak', 'singgah']",lumayan bagus tata loket sedia bagus deret calo lalulalang tugas fungsi informan kam sepi bis bagus jarang masuk terminal konsumen pilih agen terminal faktor harga tiket nyaman aman standar tinggal nyaman tumpang maksimal toilet gratis tulis gratis orang nongkrong toilet kesan olah bayar oknum bikin enak hati bayar tertib terminal milik taman luas masuk area main anak lahan parkir kendara unjung luas kuliner harga kendali bagus layak singgah
3,Terminal Bulupitu Purwokerto,Mohamad Riqob,5,"Terminal Purwokerto ini cukup luas sudah banyak pembangunan dan kemajuan setiap tahun, depan lobby sudah ada grab pickup seperti di bandara. Ruang tunggu berAC cukup nyaman dan ada playground untuk bermain anak. Start terminal bus trans jateng dan trans banyumas",Positif,Terminal Purwokerto ini cukup luas sudah banyak pembangunan dan kemajuan setiap tahun depan lobby sudah ada grab pickup seperti di bandara Ruang tunggu berAC cukup nyaman dan ada playground untuk bermain anak Start terminal bus trans jateng dan trans banyumas,terminal purwokerto ini cukup luas sudah banyak pembangunan dan kemajuan setiap tahun depan lobby sudah ada grab pickup seperti di bandara ruang tunggu berac cukup nyaman dan ada playground untuk bermain anak start terminal bus trans jateng dan trans banyumas,terminal purwokerto ini cukup luas sudah banyak pembangunan dan kemajuan setiap tahun depan lobby sudah ada grab ambil di toko seperti di bandara ruang tunggu berac cukup nyaman dan ada playground untuk bermain anak start terminal bus trans jateng dan trans banyumas,terminal purwokerto ini cukup luas sudah banyak bangun dan maju tiap tahun depan lobby sudah ada grab ambil di toko seperti di bandara ruang tunggu berac cukup nyaman dan ada playground untuk main anak start terminal bus trans jateng dan trans banyumas,"['terminal', 'purwokerto', 'ini', 'cukup', 'luas', 'sudah', 'banyak', 'bangun', 'dan', 'maju', 'tiap', 'tahun', 'depan', 'lobby', 'sudah', 'ada', 'grab', 'ambil', 'di', 'toko', 'seperti', 'di', 'bandara', 'ruang', 'tunggu', 'berac', 'cukup', 'nyaman', 'dan', 'ada', 'playground', 'untuk', 'main', 'anak', 'start', 'terminal', 'bus', 'trans', 'jateng', 'dan', 'trans', 'banyumas']","['terminal', 'purwokerto', 'luas', 'bangun', 'maju', 'lobby', 'grab', 'ambil', 'toko', 'bandara', 'ruang', 'tunggu', 'berac', 'nyaman', 'playground', 'main', 'anak', 'start', 'terminal', 'bus', 'trans', 'jateng', 'trans', 'banyumas']",terminal purwokerto luas bangun maju lobby grab ambil toko bandara ruang tunggu berac nyaman playground main anak start terminal bus trans jateng trans banyumas
4,Terminal Bulupitu Purwokerto,molly _,5,terminal penuh kenangan dengan almarhum mbah kakung saat anter pak lik sekeluarga pulang ke depok,Positif,terminal penuh kenangan dengan almarhum mbah kakung saat anter pak lik sekeluarga pulang ke depok,terminal penuh kenangan dengan almarhum mbah kakung saat anter pak lik sekeluarga pulang ke depok,terminal penuh kenangan dengan almarhum mbah kakung saat antar pak lik sekeluarga pulang ke depok,terminal penuh kenang dengan almarhum mbah kakung saat antar pak lik keluarga pulang ke depok,"['terminal', 'penuh', 'kenang', 'dengan', 'almarhum', 'mbah', 'kakung', 'saat', 'antar', 'pak', 'lik', 'keluarga', 'pulang', 'ke', 'depok']","['terminal', 'penuh', 'kenang', 'almarhum', 'mbah', 'kakung', 'lik', 'keluarga', 'pulang', 'depok']",terminal penuh kenang almarhum mbah kakung lik keluarga pulang depok
5,Terminal Bulupitu Purwokerto,Ragel26,5,Bersih dan nyaman,Positif,Bersih dan nyaman,bersih dan nyaman,bersih dan nyaman,bersih dan nyaman,"['bersih', 'dan', 'nyaman']","['bersih', 'nyaman']",bersih nyaman
6,Terminal Bulupitu Purwokerto,Achmad Fauzi,1,"Menurut saya sangat buruk perhatian terhadap sarana dan prasarana yg ada, ini awal april loh.. Kamarin maret momen lebaran ngga ada pembenahan ya? Khususnya fasilitas toilet.., minim penerangan, air keruh, keran rusak, kotor, aroma gak sedap,",Negatif,Menurut saya sangat buruk perhatian terhadap sarana dan prasarana yg ada ini awal april loh Kamarin maret momen lebaran ngga ada pembenahan ya Khususnya fasilitas toilet minim penerangan air keruh keran rusak kotor aroma gak sedap,menurut saya sangat buruk perhatian terhadap sarana dan prasarana yg ada ini awal april loh kamarin maret momen lebaran ngga ada pembenahan ya khususnya fasilitas toilet minim penerangan air keruh keran rusak kotor aroma gak sedap,menurut saya sangat buruk perhatian terhadap sarana dan prasarana yang ada ini awal april loh kamarin maret momen lebaran enggak ada pembenahan ya khususnya fasilitas toilet minim penerangan air keruh keran rusak kotor aroma enggak sedap,turut saya sangat buruk perhati hadap sarana dan prasarana yang ada ini awal april loh kamarin maret momen lebaran enggak ada benah ya khusus fasilitas toilet minim terang air keruh keran rusak kotor aroma enggak sedap,"['turut', 'saya', 'sangat', 'buruk', 'perhati', 'hadap', 'sarana', 'dan', 'prasarana', 'yang', 'ada', 'ini', 'awal', 'april', 'loh', 'kamarin', 'maret', 'momen', 'lebaran', 'enggak', 'ada', 'benah', 'ya', 'khusus', 'fasilitas', 'toilet', 'minim', 'terang', 'air', 'keruh', 'keran', 'rusak', 'kotor', 'aroma', 'enggak', 'sedap']","['buruk', 'perhati', 'hadap', 'sarana', 'prasarana', 'april', 'kamarin', 'maret', 'momen', 'lebaran', 'benah', 'khusus', 'fasilitas', 'toilet', 'minim', 'terang', 'air', 'keruh', 'keran', 'rusak', 'kotor', 'aroma', 'sedap']",buruk perhati hadap sarana prasarana april kamarin maret momen lebaran benah khusus fasilitas toilet minim terang air keruh keran rusak kotor aroma sedap
7,Terminal Bulupitu Purwokerto,Arrr Ifff,1,Nunggu nya lama banget dari jam 7 sampe jam 12,Negatif,Nunggu nya lama banget dari jam  sampe jam,nunggu nya lama banget dari jam  sampe jam,menunggu nya lama  sekali dari jam sampai jam,tunggu nya lama sekali dari jam sampai jam,"['tunggu', 'nya', 'lama', 'sekali', 'dari', 'jam', 'sampai', 'jam']","['tunggu', 'jam', 'jam']",tunggu jam jam
8,Terminal Bulupitu Purwokerto,Vino Ade Santeria,1,"tempatnya panas gk ada AC gk ada kipas, kotor juga banyak plafonnya yang udah pada jebol.",Negatif,tempatnya panas gk ada AC gk ada kipas kotor juga banyak plafonnya yang udah pada jebol,tempatnya panas gk ada ac gk ada kipas kotor juga banyak plafonnya yang udah pada jebol,tempatnya panas enggak ada ac enggak ada kipas kotor juga banyak plafonnya yang sudah pada jebol,tempat panas enggak ada ac enggak ada kipas kotor juga banyak plafon yang sudah pada jebol,"['tempat', 'panas', 'enggak', 'ada', 'ac', 'enggak', 'ada', 'kipas', 'kotor', 'juga', 'banyak', 'plafon', 'yang', 'sudah', 'pada', 'jebol']","['panas', 'ac', 'kipas', 'kotor', 'plafon', 'jebol']",panas ac kipas kotor plafon jebol
9,Terminal Bulupitu Purwokerto,Fathur Rahman,5,Bagus banget...bersih rapi aman terkendali,Positif,Bagus bangetbersih rapi aman terkendali,bagus bangetbersih rapi aman terkendali,bagus bangetbersih rapi aman terkendali,bagus bangetbersih rapi aman kendali,"['bagus', 'bangetbersih', 'rapi', 'aman', 'kendali']","['bagus', 'bangetbersih', 'rapi', 'aman', 'kendali']",bagus bangetbersih rapi aman kendali
10,Terminal Bulupitu Purwokerto,Nursiti Saefuroh,5,"Bersih, rapih dan petugasnya helpfull",Positif,Bersih rapih dan petugasnya helpfull,bersih rapih dan petugasnya helpfull,bersih rapi dan petugasnya helpfull,bersih rapi dan tugas helpfull,"['bersih', 'rapi', 'dan', 'tugas', 'helpfull']","['bersih', 'rapi', 'tugas', 'helpfull']",bersih rapi tugas helpfull
11,Terminal Bulupitu Purwokerto,Aisyah QA,5,Sangat di sambut dengan baik,Positif,Sangat di sambut dengan baik,sangat di sambut dengan baik,sangat di sambut dengan baik,sangat di sambut dengan baik,"['sangat', 'di', 'sambut', 'dengan', 'baik']",['sambut'],sambut
12,Terminal Bulupitu Purwokerto,Anto Ardilla,1,Tolong untuknpengelola parkir dibenahi karna tidak ada plang tarif ketentuan nya jadi asal2 saja menentukan tarif nya,Negatif,Tolong untuknpengelola parkir dibenahi karna tidak ada plang tarif ketentuan nya jadi asal saja menentukan tarif nya,tolong untuknpengelola parkir dibenahi karna tidak ada plang tarif ketentuan nya jadi asal saja menentukan tarif nya,tolong untuknpengelola parkir dibenahi karena tidak ada plang tarif ketentuan nya jadi asal saja menentukan tarif nya,tolong untuknpengelola parkir benah karena tidak ada plang tarif tentu nya jadi asal saja tentu tarif nya,"['tolong', 'untuknpengelola', 'parkir', 'benah', 'karena', 'tidak', 'ada', 'plang', 'tarif', 'tentu', 'nya', 'jadi', 'asal', 'saja', 'tentu', 'tarif', 'nya']","['tolong', 'untuknpengelola', 'parkir', 'benah', 'tidak', 'plang', 'tarif', 'tarif']",tolong untuknpengelola parkir benah tidak plang tarif tarif
13,Terminal Bulupitu Purwokerto,resepan,1,"MAS MAS MUDA YG JAGAIN DI PINTU MASUK DAN KELUARR G PUNYA EMPATI DAN G RAMAH SEKALI, ORG KY GT KOK MESI DI PEKERJAKAN.",Negatif,MAS MAS MUDA YG JAGAIN DI PINTU MASUK DAN KELUARR G PUNYA EMPATI DAN G RAMAH SEKALI ORG KY GT KOK MESI DI PEKERJAKAN,mas mas muda yg jagain di pintu masuk dan keluarr g punya empati dan g ramah sekali org ky gt kok mesi di pekerjakan,mas mas muda yang menjaga di pintu masuk dan keluarr enggak punya empati dan enggak ramah sekali orang kaya begitu kok mesi di pekerjakan,mas mas muda yang jaga di pintu masuk dan keluarr enggak punya empati dan enggak ramah sekali orang kaya begitu kok mes di kerja,"['mas', 'mas', 'muda', 'yang', 'jaga', 'di', 'pintu', 'masuk', 'dan', 'keluarr', 'enggak', 'punya', 'empati', 'dan', 'enggak', 'ramah', 'sekali', 'orang', 'kaya', 'begitu', 'kok', 'mes', 'di', 'kerja']","['mas', 'mas', 'muda', 'jaga', 'pintu', 'masuk', 'keluarr', 'empati', 'ramah', 'orang', 'kaya', 'mes', 'kerja']",mas mas muda jaga pintu masuk keluarr empati ramah orang kaya mes kerja
14,Terminal Bulupitu Purwokerto,Abdul Akhir,1,Calo parah,Negatif,Calo parah,calo parah,calo parah,calo parah,"['calo', 'parah']","['calo', 'parah']",calo parah
15,Terminal Bulupitu Purwokerto,Ika moy,1,"Parkiran mobil banyak pohon setua dan segede itu
Ranting jatoh aja bisa bikin pecah kaca mobilku.
Ke petugas setempat pengelola parkir jawabannya enak banget padahal sudah merugikan. Minimal ranting ranting di pangkas di rawat lah itu pepohonan
Sudah banyak korban seharusnya gimana caranya biar ngga kejadian lagi.
Untung aja bukan batang pohonnya yg njatohin mobil parkir.
Warning untuk pengurus tempat parkir. Aku tandain 👀",Negatif,Parkiran mobil banyak pohon setua dan segede itu Ranting jatoh aja bisa bikin pecah kaca mobilku Ke petugas setempat pengelola parkir jawabannya enak banget padahal sudah merugikan Minimal ranting ranting di pangkas di rawat lah itu pepohonan Sudah banyak korban seharusnya gimana caranya biar ngga kejadian lagi Untung aja bukan batang pohonnya yg njatohin mobil parkir Warning untuk pengurus tempat parkir Aku tandain,parkiran mobil banyak pohon setua dan segede itu ranting jatoh aja bisa bikin pecah kaca mobilku ke petugas setempat pengelola parkir jawabannya enak banget padahal sudah merugikan minimal ranting ranting di pangkas di rawat lah itu pepohonan sudah banyak korban seharusnya gimana caranya biar ngga kejadian lagi untung aja bukan batang pohonnya yg njatohin mobil parkir warning untuk pengurus tempat parkir aku tandain,parkiran mobil banyak pohon setua dan segede itu ranting jatuh saja bisa bikin pecah kaca mobilku ke petugas setempat pengelola parkir jawabannya enak  sekali padahal sudah merugikan minimal ranting ranting di pangkas di rawat lah itu pepohonan sudah banyak korban seharusnya bagaimana caranya biar enggak kejadian lagi untung saja bukan batang pohonnya yang njatohin mobil parkir warning untuk pengurus tempat parkir aku tandain,parkir mobil banyak pohon tua dan gede itu ranting jatuh saja bisa bikin pecah kaca mobil ke tugas tempat kelola parkir jawab enak sekali padahal sudah rugi minimal ranting ranting di pangkas di rawat lah itu pohon sudah banyak korban harus bagaimana cara biar enggak jadi lagi untung saja bukan batang pohon yang njatohin mobil parkir warning untuk urus tempat parkir aku tandain,"['parkir', 'mobil', 'banyak', 'pohon', 'tua', 'dan', 'gede', 'itu', 'ranting', 'jatuh', 'saja', 'bisa', 'bikin', 'pecah', 'kaca', 'mobil', 'ke', 'tugas', 'tempat', 'kelola', 'parkir', 'jawab', 'enak', 'sekali', 'padahal', 'sudah', 'rugi', 'minimal', 'ranting', 'ranting', 'di', 'pangkas', 'di', 'rawat', 'lah', 'itu', 'pohon', 'sudah', 'banyak', 'korban', 'harus', 'bagaimana', 'cara', 'biar', 'enggak', 'jadi', 'lagi', 'untung', 'saja', 'bukan', 'batang', 'pohon', 'yang', 'njatohin', 'mobil', 'parkir', 'warning', 'untuk', 'urus', 'tempat', 'parkir', 'aku', 'tandain']","['parkir', 'mobil', 'pohon', 'tua', 'gede', 'ranting', 'jatuh', 'bikin', 'pecah', 'kaca', 'mobil', 'tugas', 'kelola', 'parkir', 'enak', 'rugi', 'minimal', 'ranting', 'ranting', 'pangkas', 'rawat', 'pohon', 'korban', 'biar', 'untung', 'batang', 'pohon', 'njatohin', 'mobil', 'parkir', 'warning', 'urus', 'parkir', 'tandain']",parkir mobil pohon tua gede ranting jatuh bikin pecah kaca mobil tugas kelola parkir enak rugi minimal ranting ranting pangkas rawat pohon korban biar untung batang pohon njatohin mobil parkir warning urus parkir tandain
16,Terminal Bulupitu Purwokerto,Ahmad Syaiful Ar-Rahman,1,"Calo nya bala bngt, ngambil untung nya kek mau pergi umroh
Tolong benahi dong instansi terkait
Bkin gk nyaman penumpang yg mau ke loket krna matok tarif gk wajar",Negatif,Calo nya bala bngt ngambil untung nya kek mau pergi umroh Tolong benahi dong instansi terkait Bkin gk nyaman penumpang yg mau ke loket krna matok tarif gk wajar,calo nya bala bngt ngambil untung nya kek mau pergi umroh tolong benahi dong instansi terkait bkin gk nyaman penumpang yg mau ke loket krna matok tarif gk wajar,calo nya bala banget ngambil untung nya kayak mau pergi umroh tolong benahi dong instansi terkait bikin enggak nyaman penumpang yang mau ke loket karena matok tarif enggak wajar,calo nya bala banget ngambil untung nya kayak mau pergi umroh tolong benah dong instansi kait bikin enggak nyaman tumpang yang mau ke loket karena matok tarif enggak wajar,"['calo', 'nya', 'bala', 'banget', 'ngambil', 'untung', 'nya', 'kayak', 'mau', 'pergi', 'umroh', 'tolong', 'benah', 'dong', 'instansi', 'kait', 'bikin', 'enggak', 'nyaman', 'tumpang', 'yang', 'mau', 'ke', 'loket', 'karena', 'matok', 'tarif', 'enggak', 'wajar']","['calo', 'bala', 'banget', 'ngambil', 'untung', 'kayak', 'pergi', 'umroh', 'tolong', 'benah', 'instansi', 'kait', 'bikin', 'nyaman', 'tumpang', 'loket', 'matok', 'tarif', 'wajar']",calo bala banget ngambil untung kayak pergi umroh tolong benah instansi kait bikin nyaman tumpang loket matok tarif wajar
17,Terminal Bulupitu Purwokerto,Ellyza Nurhayati,5,"Terminalnya lumayan, standar lah untuk terminal. Seperti biasa pasti banyak calo tapi surprisingly toiletnya lumayan bersih, ada mushola juga good👍. Ruang tunggunya ada di dalam tapi di depan ada taman juga buat nunggu, lumayan sejuk juga karna banyak pohon nya dan ada gazebo. Overall 👍👏✨",Positif,Terminalnya lumayan standar lah untuk terminal Seperti biasa pasti banyak calo tapi surprisingly toiletnya lumayan bersih ada mushola juga good Ruang tunggunya ada di dalam tapi di depan ada taman juga buat nunggu lumayan sejuk juga karna banyak pohon nya dan ada gazebo Overall,terminalnya lumayan standar lah untuk terminal seperti biasa pasti banyak calo tapi surprisingly toiletnya lumayan bersih ada mushola juga good ruang tunggunya ada di dalam tapi di depan ada taman juga buat nunggu lumayan sejuk juga karna banyak pohon nya dan ada gazebo overall,terminalnya lumayan standar lah untuk terminal seperti biasa pasti banyak calo tapi surprisingly toiletnya lumayan bersih ada mushola juga good ruang tunggunya ada di dalam tapi di depan ada taman juga buat menunggu lumayan sejuk juga karena banyak pohon nya dan ada gazebo overall,terminal lumayan standar lah untuk terminal seperti biasa pasti banyak calo tapi surprisingly toilet lumayan bersih ada mushola juga good ruang tunggu ada di dalam tapi di depan ada taman juga buat tunggu lumayan sejuk juga karena banyak pohon nya dan ada gazebo overall,"['terminal', 'lumayan', 'standar', 'lah', 'untuk', 'terminal', 'seperti', 'biasa', 'pasti', 'banyak', 'calo', 'tapi', 'surprisingly', 'toilet', 'lumayan', 'bersih', 'ada', 'mushola', 'juga', 'good', 'ruang', 'tunggu', 'ada', 'di', 'dalam', 'tapi', 'di', 'depan', 'ada', 'taman', 'juga', 'buat', 'tunggu', 'lumayan', 'sejuk', 'juga', 'karena', 'banyak', 'pohon', 'nya', 'dan', 'ada', 'gazebo', 'overall']","['terminal', 'lumayan', 'standar', 'terminal', 'calo', 'surprisingly', 'toilet', 'lumayan', 'bersih', 'mushola', 'good', 'ruang', 'tunggu', 'taman', 'tunggu', 'lumayan', 'sejuk', 'pohon', 'gazebo', 'overall']",terminal lumayan standar terminal calo surprisingly toilet lumayan bersih mushola good ruang tunggu taman tunggu lumayan sejuk pohon gazebo overall
18,Terminal Bulupitu Purwokerto,Cyril Gifran,5,Tempatnya busmania kumpul dan nongkiyy,Positif,Tempatnya busmania kumpul dan nongkiyy,tempatnya busmania kumpul dan nongkiyy,tempatnya busmania kumpul dan nongkiyy,tempat busmania kumpul dan nongkiyy,"['tempat', 'busmania', 'kumpul', 'dan', 'nongkiyy']","['busmania', 'kumpul', 'nongkiyy']",busmania kumpul nongkiyy
19,Terminal Bulupitu Purwokerto,Basir Udin,5,Aman dari calo,Positif,Aman dari calo,aman dari calo,aman dari calo,aman dari calo,"['aman', 'dari', 'calo']","['aman', 'calo']",aman calo
20,Terminal Bulupitu Purwokerto,Iswanti iswanti,1,"Terminal dengan agen agen bus preman.cuma sinar jaya saja yang bagus.
Toilet terjorok yang pernah saya singah.jorok sekali.sepertinya karena orang orangnya jorok juga.& toilet semua mampet.bener bener jorok.jijik banget pokoknya.semoga aja ada perbaikan terutama untuk orang orang agen bus .& toilet nya.diwilayah lain udah maju.diterminal purwokerto masih aja jorok.",Negatif,Terminal dengan agen agen bus premancuma sinar jaya saja yang bagus Toilet terjorok yang pernah saya singahjorok sekalisepertinya karena orang orangnya jorok juga toilet semua mampetbener bener jorokjijik banget pokoknyasemoga aja ada perbaikan terutama untuk orang orang agen bus  toilet nyadiwilayah lain udah majuditerminal purwokerto masih aja jorok,terminal dengan agen agen bus premancuma sinar jaya saja yang bagus toilet terjorok yang pernah saya singahjorok sekalisepertinya karena orang orangnya jorok juga toilet semua mampetbener bener jorokjijik banget pokoknyasemoga aja ada perbaikan terutama untuk orang orang agen bus  toilet nyadiwilayah lain udah majuditerminal purwokerto masih aja jorok,terminal dengan agen agen bus premancuma sinar jaya saja yang bagus toilet terjorok yang pernah saya singahjorok sekalisepertinya karena orang orangnya jorok juga toilet semua mampetbener benar jorokjijik  sekali pokoknyasemoga saja ada perbaikan terutama untuk orang orang agen bus toilet nyadiwilayah lain sudah majuditerminal purwokerto masih saja jorok,terminal dengan agen agen bus premancuma sinar jaya saja yang bagus toilet jorok yang pernah saya singahjorok sekalisepertinya karena orang orang jorok juga toilet semua mampetbener benar jorokjijik sekali pokoknyasemoga saja ada baik utama untuk orang orang agen bus toilet nyadiwilayah lain sudah majuditerminal purwokerto masih saja jorok,"['terminal', 'dengan', 'agen', 'agen', 'bus', 'premancuma', 'sinar', 'jaya', 'saja', 'yang', 'bagus', 'toilet', 'jorok', 'yang', 'pernah', 'saya', 'singahjorok', 'sekalisepertinya', 'karena', 'orang', 'orang', 'jorok', 'juga', 'toilet', 'semua', 'mampetbener', 'benar', 'jorokjijik', 'sekali', 'pokoknyasemoga', 'saja', 'ada', 'baik', 'utama', 'untuk', 'orang', 'orang', 'agen', 'bus', 'toilet', 'nyadiwilayah', 'lain', 'sudah', 'majuditerminal', 'purwokerto', 'masih', 'saja', 'jorok']","['terminal', 'agen', 'agen', 'bus', 'premancuma', 'sinar', 'jaya', 'bagus', 'toilet', 'jorok', 'singahjorok', 'sekalisepertinya', 'orang', 'orang', 'jorok', 'toilet', 'mampetbener', 'jorokjijik', 'pokoknyasemoga', 'utama', 'orang', 'orang', 'agen', 'bus', 'toilet', 'nyadiwilayah', 'majuditerminal', 'purwokerto', 'jorok']",terminal agen agen bus premancuma sinar jaya bagus toilet jorok singahjorok sekalisepertinya orang orang jorok toilet mampetbener jorokjijik pokoknyasemoga utama orang orang agen bus toilet nyadiwilayah majuditerminal purwokerto jorok
21,Terminal Bulupitu Purwokerto,Re,1,"Bintang 1 aja kayanya masih kebagusan ini.
Tolong dong pemerintah setempat atau dinas perhubungan kota purwokerto kerja, diperbaiki lagi ini terminal berantakan banget sistemnya. Calo calonya dibina biar ga ngasih harga ga masuk akal gini. Udah harga mahal dikasih bus kaya delman.
Gimana kotanya mau maju, kalau hal hal kaya gini aja acuh. Padahal udah banyak keluhan yang serupa. Pertama dan terakhir kalinya saya kesini",Negatif,Bintang  aja kayanya masih kebagusan ini Tolong dong pemerintah setempat atau dinas perhubungan kota purwokerto kerja diperbaiki lagi ini terminal berantakan banget sistemnya Calo calonya dibina biar ga ngasih harga ga masuk akal gini Udah harga mahal dikasih bus kaya delman Gimana kotanya mau maju kalau hal hal kaya gini aja acuh Padahal udah banyak keluhan yang serupa Pertama dan terakhir kalinya saya kesini,bintang  aja kayanya masih kebagusan ini tolong dong pemerintah setempat atau dinas perhubungan kota purwokerto kerja diperbaiki lagi ini terminal berantakan banget sistemnya calo calonya dibina biar ga ngasih harga ga masuk akal gini udah harga mahal dikasih bus kaya delman gimana kotanya mau maju kalau hal hal kaya gini aja acuh padahal udah banyak keluhan yang serupa pertama dan terakhir kalinya saya kesini,bintang saja kayanya masih kebagusan ini tolong dong pemerintah setempat atau dinas perhubungan kota purwokerto kerja diperbaiki lagi ini terminal berantakan  sekali sistemnya calo calonya dibina biar enggak mengasih harga enggak masuk akal begini sudah harga mahal dikasih bus kayak delman bagaimana kotanya mau maju kalau hal hal kayak begini saja acuh padahal sudah banyak keluhan yang serupa pertama dan terakhir kalinya saya kesini,bintang saja kaya masih bagus ini tolong dong perintah tempat atau dinas hubung kota purwokerto kerja baik lagi ini terminal beranta sekali sistem calo calo bina biar enggak asih harga enggak masuk akal begini sudah harga mahal kasih bus kayak delman bagaimana kota mau maju kalau hal hal kayak begini saja acuh padahal sudah banyak keluh yang rupa pertama dan akhir kali saya kesini,"['bintang', 'saja', 'kaya', 'masih', 'bagus', 'ini', 'tolong', 'dong', 'perintah', 'tempat', 'atau', 'dinas', 'hubung', 'kota', 'purwokerto', 'kerja', 'baik', 'lagi', 'ini', 'terminal', 'beranta', 'sekali', 'sistem', 'calo', 'calo', 'bina', 'biar', 'enggak', 'asih', 'harga', 'enggak', 'masuk', 'akal', 'begini', 'sudah', 'harga', 'mahal', 'kasih', 'bus', 'kayak', 'delman', 'bagaimana', 'kota', 'mau', 'maju', 'kalau', 'hal', 'hal', 'kayak', 'begini', 'saja', 'acuh', 'padahal', 'sudah', 'banyak', 'keluh', 'yang', 'rupa', 'pertama', 'dan', 'akhir', 'kali', 'saya', 'kesini']","['bintang', 'kaya', 'bagus', 'tolong', 'perintah', 'dinas', 'hubung', 'kota', 'purwokerto', 'kerja', 'terminal', 'beranta', 'sistem', 'calo', 'calo', 'bina', 'biar', 'asih', 'harga', 'masuk', 'akal', 'harga', 'mahal', 'kasih', 'bus', 'kayak', 'delman', 'kota', 'maju', 'kayak', 'acuh', 'keluh', 'rupa', 'kali', 'kesini']",bintang kaya bagus tolong perintah dinas hubung kota purwokerto kerja terminal beranta sistem calo calo bina biar asih harga masuk akal harga mahal kasih bus kayak delman kota maju kayak acuh keluh rupa kali kesini
22,Terminal Bulupitu Purwokerto,xxxfffa,2,"terminal nya bagus tapi sayang bangettt banyak calooo yang ga ngotak kalo matok in harga , warung2 juga ngasih hrg makanannya ga masuk akal banget, beli indomie 1 sama bakso kecil isi 5 + teh anget tawar 2 dipatok harga 40rebuu , ampunnnn kapok bangettt!!",Negatif,terminal nya bagus tapi sayang bangettt banyak calooo yang ga ngotak kalo matok in harga  warung juga ngasih hrg makanannya ga masuk akal banget beli indomie  sama bakso kecil isi   teh anget tawar  dipatok harga rebuu  ampunnnn kapok bangettt,terminal nya bagus tapi sayang bangettt banyak calooo yang ga ngotak kalo matok in harga  warung juga ngasih hrg makanannya ga masuk akal banget beli indomie  sama bakso kecil isi   teh anget tawar  dipatok harga rebuu  ampunnnn kapok bangettt,terminal nya bagus tapi sayang banget banyak calooo yang enggak ngotak kalo matok ini harga warung juga mengasih hrg makanannya enggak masuk akal  sekali beli indomie sama bakso kecil isi teh anget tawar dipatok harga rebuu ampun kapok banget,terminal nya bagus tapi sayang banget banyak calooo yang enggak ngotak kalo matok ini harga warung juga asih hrg makan enggak masuk akal sekali beli indomie sama bakso kecil isi teh anget tawar patok harga rebuu ampun kapok banget,"['terminal', 'nya', 'bagus', 'tapi', 'sayang', 'banget', 'banyak', 'calooo', 'yang', 'enggak', 'ngotak', 'kalo', 'matok', 'ini', 'harga', 'warung', 'juga', 'asih', 'hrg', 'makan', 'enggak', 'masuk', 'akal', 'sekali', 'beli', 'indomie', 'sama', 'bakso', 'kecil', 'isi', 'teh', 'anget', 'tawar', 'patok', 'harga', 'rebuu', 'ampun', 'kapok', 'banget']","['terminal', 'bagus', 'sayang', 'banget', 'calooo', 'ngotak', 'kalo', 'matok', 'harga', 'warung', 'asih', 'hrg', 'makan', 'masuk', 'akal', 'beli', 'indomie', 'bakso', 'isi', 'teh', 'anget', 'tawar', 'patok', 'harga', 'rebuu', 'ampun', 'kapok', 'banget']",terminal bagus sayang banget calooo ngotak kalo matok harga warung asih hrg makan masuk akal beli indomie bakso isi teh anget tawar patok harga rebuu ampun kapok banget
23,Terminal Bulupitu Purwokerto,Rafardhan Zahir Ramadhan,1,Calo ga bertanggung jawab kok berkeliaran...atau sengaja ada oknum pelihara,Negatif,Calo ga bertanggung jawab kok berkeliaranatau sengaja ada oknum pelihara,calo ga bertanggung jawab kok berkeliaranatau sengaja ada oknum pelihara,calo enggak bertanggung jawab kok berkeliaranatau sengaja ada oknum pelihara,calo enggak tanggung jawab kok berkeliaranatau sengaja ada oknum pelihara,"['calo', 'enggak', 'tanggung', 'jawab', 'kok', 'berkeliaranatau', 'sengaja', 'ada', 'oknum', 'pelihara']","['calo', 'tanggung', 'berkeliaranatau', 'sengaja', 'oknum', 'pelihara']",calo tanggung berkeliaranatau sengaja oknum pelihara
24,Terminal Bulupitu Purwokerto,Agus Sunaryo,5,"Terminalnya sudah bagus dan tertata rapi, calo2 masih ada tapi udah lbh kondusif. Mantap pokoknya perkembangan terminal ini, banyak penjual2 makanan dan agen2 tiket bus yang ramah2.
Tempat parkir luas ada di depan terminal, ada taman bermain anak untuk pengunjung yang sedang menunggu kedatangan atau mengantar penumpang.",Positif,Terminalnya sudah bagus dan tertata rapi calo masih ada tapi udah lbh kondusif Mantap pokoknya perkembangan terminal ini banyak penjual makanan dan agen tiket bus yang ramah Tempat parkir luas ada di depan terminal ada taman bermain anak untuk pengunjung yang sedang menunggu kedatangan atau mengantar penumpang,terminalnya sudah bagus dan tertata rapi calo masih ada tapi udah lbh kondusif mantap pokoknya perkembangan terminal ini banyak penjual makanan dan agen tiket bus yang ramah tempat parkir luas ada di depan terminal ada taman bermain anak untuk pengunjung yang sedang menunggu kedatangan atau mengantar penumpang,terminalnya sudah bagus dan tertata rapi calo masih ada tapi sudah lebih kondusif mantap pokoknya perkembangan terminal ini banyak penjual makanan dan agen tiket bus yang ramah tempat parkir luas ada di depan terminal ada taman bermain anak untuk pengunjung yang sedang menunggu kedatangan atau mengantar penumpang,terminal sudah bagus dan tata rapi calo masih ada tapi sudah lebih kondusif mantap pokok kembang terminal ini banyak jual makan dan agen tiket bus yang ramah tempat parkir luas ada di depan terminal ada taman main anak untuk unjung yang sedang tunggu datang atau antar tumpang,"['terminal', 'sudah', 'bagus', 'dan', 'tata', 'rapi', 'calo', 'masih', 'ada', 'tapi', 'sudah', 'lebih', 'kondusif', 'mantap', 'pokok', 'kembang', 'terminal', 'ini', 'banyak', 'jual', 'makan', 'dan', 'agen', 'tiket', 'bus', 'yang', 'ramah', 'tempat', 'parkir', 'luas', 'ada', 'di', 'depan', 'terminal', 'ada', 'taman', 'main', 'anak', 'untuk', 'unjung', 'yang', 'sedang', 'tunggu', 'datang', 'atau', 'antar', 'tumpang']","['terminal', 'bagus', 'tata', 'rapi', 'calo', 'kondusif', 'mantap', 'pokok', 'kembang', 'terminal', 'jual', 'makan', 'agen', 'tiket', 'bus', 'ramah', 'parkir', 'luas', 'terminal', 'taman', 'main', 'anak', 'unjung', 'tunggu', 'tumpang']",terminal bagus tata rapi calo kondusif mantap pokok kembang terminal jual makan agen tiket bus ramah parkir luas terminal taman main anak unjung tunggu tumpang
25,Terminal Bulupitu Purwokerto,Humas Bulupitu,5,"Terminal yang sangat bersih,aman dan nyaman",Positif,Terminal yang sangat bersihaman dan nyaman,terminal yang sangat bersihaman dan nyaman,terminal yang sangat bersihaman dan nyaman,terminal yang sangat bersihaman dan nyaman,"['terminal', 'yang', 'sangat', 'bersihaman', 'dan', 'nyaman']","['terminal', 'bersihaman', 'nyaman']",terminal bersihaman nyaman
26,Terminal Bulupitu Purwokerto,novie ari,5,"Pelayanan bagus, petugas dishubnya baik, bawa lansia naik kursi roda diantar...",Positif,Pelayanan bagus petugas dishubnya baik bawa lansia naik kursi roda diantar,pelayanan bagus petugas dishubnya baik bawa lansia naik kursi roda diantar,pelayanan bagus petugas dishubnya baik bawa lansia naik kursi roda diantar,layan bagus tugas dishubnya baik bawa lansia naik kursi roda antar,"['layan', 'bagus', 'tugas', 'dishubnya', 'baik', 'bawa', 'lansia', 'naik', 'kursi', 'roda', 'antar']","['layan', 'bagus', 'tugas', 'dishubnya', 'bawa', 'lansia', 'kursi', 'roda']",layan bagus tugas dishubnya bawa lansia kursi roda
27,Terminal Bulupitu Purwokerto,Mei lusiana dewi,1,"Masih banyak calo tiket penipu berkeliaran. Setidaknya kalo ada orang tidak tau ya dikasih tau bukan malah dibodohi !! Dimintai pertanggung jawaban malah ngumpet !
Jangan membodohi orang kalo mau hidup kalian berkah !!",Negatif,Masih banyak calo tiket penipu berkeliaran Setidaknya kalo ada orang tidak tau ya dikasih tau bukan malah dibodohi  Dimintai pertanggung jawaban malah ngumpet  Jangan membodohi orang kalo mau hidup kalian berkah,masih banyak calo tiket penipu berkeliaran setidaknya kalo ada orang tidak tau ya dikasih tau bukan malah dibodohi  dimintai pertanggung jawaban malah ngumpet  jangan membodohi orang kalo mau hidup kalian berkah,masih banyak calo tiket penipu berkeliaran setidaknya kalo ada orang tidak tau ya dikasih tau bukan malah dibodohi dimintai pertanggung jawaban malah ngumpet jangan membodohi orang kalo mau hidup kalian berkah,masih banyak calo tiket tipu liar tidak kalo ada orang tidak tau ya kasih tau bukan malah bodoh minta tanggung jawab malah ngumpet jangan bodoh orang kalo mau hidup kalian berkah,"['masih', 'banyak', 'calo', 'tiket', 'tipu', 'liar', 'tidak', 'kalo', 'ada', 'orang', 'tidak', 'tau', 'ya', 'kasih', 'tau', 'bukan', 'malah', 'bodoh', 'minta', 'tanggung', 'jawab', 'malah', 'ngumpet', 'jangan', 'bodoh', 'orang', 'kalo', 'mau', 'hidup', 'kalian', 'berkah']","['calo', 'tiket', 'tipu', 'liar', 'tidak', 'kalo', 'orang', 'tidak', 'tau', 'kasih', 'tau', 'bodoh', 'tanggung', 'ngumpet', 'bodoh', 'orang', 'kalo', 'hidup', 'berkah']",calo tiket tipu liar tidak kalo orang tidak tau kasih tau bodoh tanggung ngumpet bodoh orang kalo hidup berkah
28,Terminal Bulupitu Purwokerto,ferdi putra,1,"di urus tu calo nya kocak ktanya ke ps minggu malah kp rambutan, katanya naik murni jaya di kasih nya sumber alam, butuh penumpang butuh duit ga gitu juga kali kocak, mikir lah di kasih duit di kasih penumpang rezeki ya di hargain juga penumpangnya ga ngotak",Negatif,di urus tu calo nya kocak ktanya ke ps minggu malah kp rambutan katanya naik murni jaya di kasih nya sumber alam butuh penumpang butuh duit ga gitu juga kali kocak mikir lah di kasih duit di kasih penumpang rezeki ya di hargain juga penumpangnya ga ngotak,di urus tu calo nya kocak ktanya ke ps minggu malah kp rambutan katanya naik murni jaya di kasih nya sumber alam butuh penumpang butuh duit ga gitu juga kali kocak mikir lah di kasih duit di kasih penumpang rezeki ya di hargain juga penumpangnya ga ngotak,di urus itu calo nya kocak katanya ke pas minggu malah kp rambutan katanya naik murni jaya di kasih nya sumber alam butuh penumpang butuh duit enggak begitu juga kali kocak mikir lah di kasih duit di kasih penumpang rezeki ya di hargain juga penumpangnya enggak ngotak,di urus itu calo nya kocak kata ke pas minggu malah kp rambutan kata naik murni jaya di kasih nya sumber alam butuh tumpang butuh duit enggak begitu juga kali kocak mikir lah di kasih duit di kasih tumpang rezeki ya di hargain juga tumpang enggak ngotak,"['di', 'urus', 'itu', 'calo', 'nya', 'kocak', 'kata', 'ke', 'pas', 'minggu', 'malah', 'kp', 'rambutan', 'kata', 'naik', 'murni', 'jaya', 'di', 'kasih', 'nya', 'sumber', 'alam', 'butuh', 'tumpang', 'butuh', 'duit', 'enggak', 'begitu', 'juga', 'kali', 'kocak', 'mikir', 'lah', 'di', 'kasih', 'duit', 'di', 'kasih', 'tumpang', 'rezeki', 'ya', 'di', 'hargain', 'juga', 'tumpang', 'enggak', 'ngotak']","['urus', 'calo', 'kocak', 'pas', 'minggu', 'kp', 'rambutan', 'murni', 'jaya', 'kasih', 'sumber', 'alam', 'butuh', 'tumpang', 'butuh', 'duit', 'kali', 'kocak', 'mikir', 'kasih', 'duit', 'kasih', 'tumpang', 'rezeki', 'hargain', 'tumpang', 'ngotak']",urus calo kocak pas minggu kp rambutan murni jaya kasih sumber alam butuh tumpang butuh duit kali kocak mikir kasih duit kasih tumpang rezeki hargain tumpang ngotak
29,Terminal Bulupitu Purwokerto,Herdy Nova Cahya,4,"Terminal bagus, fasilitas baik mantap terminal bulupitu Purwokerto
Bersih dan nyaman",Positif,Terminal bagus fasilitas baik mantap terminal bulupitu Purwokerto Bersih dan nyaman,terminal bagus fasilitas baik mantap terminal bulupitu purwokerto bersih dan nyaman,terminal bagus fasilitas baik mantap terminal bulupitu purwokerto bersih dan nyaman,terminal bagus fasilitas baik mantap terminal bulupitu purwokerto bersih dan nyaman,"['terminal', 'bagus', 'fasilitas', 'baik', 'mantap', 'terminal', 'bulupitu', 'purwokerto', 'bersih', 'dan', 'nyaman']","['terminal', 'bagus', 'fasilitas', 'mantap', 'terminal', 'bulupitu', 'purwokerto', 'bersih', 'nyaman']",terminal bagus fasilitas mantap terminal bulupitu purwokerto bersih nyaman
30,Terminal Bulupitu Purwokerto,asep muhamad karim,1,"pelayanan yang sangat membagongkan dan penipuan mobil triplek banyak boongnyaa,ya pantas aja peminat bus kurang orang pertama naik bus langsung dikasih pelayanan yang jelek mobil yang jelek bayar mahal, jalan mulus aja ajrug ajrugan😂",Negatif,pelayanan yang sangat membagongkan dan penipuan mobil triplek banyak boongnyaaya pantas aja peminat bus kurang orang pertama naik bus langsung dikasih pelayanan yang jelek mobil yang jelek bayar mahal jalan mulus aja ajrug ajrugan,pelayanan yang sangat membagongkan dan penipuan mobil triplek banyak boongnyaaya pantas aja peminat bus kurang orang pertama naik bus langsung dikasih pelayanan yang jelek mobil yang jelek bayar mahal jalan mulus aja ajrug ajrugan,pelayanan yang sangat membagongkan dan penipuan mobil triplek banyak boongnyaaya pantas saja peminat bus kurang orang pertama naik bus langsung dikasih pelayanan yang jelek mobil yang jelek bayar mahal jalan mulus saja ajrug ajrugan,layan yang sangat bagong dan tipu mobil triplek banyak boongnyaaya pantas saja minat bus kurang orang pertama naik bus langsung kasih layan yang jelek mobil yang jelek bayar mahal jalan mulus saja ajrug ajrugan,"['layan', 'yang', 'sangat', 'bagong', 'dan', 'tipu', 'mobil', 'triplek', 'banyak', 'boongnyaaya', 'pantas', 'saja', 'minat', 'bus', 'kurang', 'orang', 'pertama', 'naik', 'bus', 'langsung', 'kasih', 'layan', 'yang', 'jelek', 'mobil', 'yang', 'jelek', 'bayar', 'mahal', 'jalan', 'mulus', 'saja', 'ajrug', 'ajrugan']","['layan', 'bagong', 'tipu', 'mobil', 'triplek', 'boongnyaaya', 'minat', 'bus', 'orang', 'bus', 'langsung', 'kasih', 'layan', 'jelek', 'mobil', 'jelek', 'bayar', 'mahal', 'jalan', 'mulus', 'ajrug', 'ajrugan']",layan bagong tipu mobil triplek boongnyaaya minat bus orang bus langsung kasih layan jelek mobil jelek bayar mahal jalan mulus ajrug ajrugan
31,Terminal Bulupitu Purwokerto,rita saripah,1,"Hati hati banyak calo di janjikan dapet bus bagus dengan harga lumayan mahal dengan fasilitas ac dan toilet nya ternyata yang dateng bus majapahit, bus aladin tujuan bandung hati hati menjalankan ugal ugalan hampir tabrakan di jalan malangbong",Negatif,Hati hati banyak calo di janjikan dapet bus bagus dengan harga lumayan mahal dengan fasilitas ac dan toilet nya ternyata yang dateng bus majapahit bus aladin tujuan bandung hati hati menjalankan ugal ugalan hampir tabrakan di jalan malangbong,hati hati banyak calo di janjikan dapet bus bagus dengan harga lumayan mahal dengan fasilitas ac dan toilet nya ternyata yang dateng bus majapahit bus aladin tujuan bandung hati hati menjalankan ugal ugalan hampir tabrakan di jalan malangbong,hati hati banyak calo di janjikan dapat bus bagus dengan harga lumayan mahal dengan fasilitas ac dan toilet nya ternyata yang datang bus majapahit bus bank aladin tujuan bandung hati hati menjalankan ugal ugalan hampir tabrakan di jalan malangbong,hati hati banyak calo di janji dapat bus bagus dengan harga lumayan mahal dengan fasilitas ac dan toilet nya nyata yang datang bus majapahit bus bank aladin tuju bandung hati hati jalan ugal ugalan hampir tabrak di jalan malangbong,"['hati', 'hati', 'banyak', 'calo', 'di', 'janji', 'dapat', 'bus', 'bagus', 'dengan', 'harga', 'lumayan', 'mahal', 'dengan', 'fasilitas', 'ac', 'dan', 'toilet', 'nya', 'nyata', 'yang', 'datang', 'bus', 'majapahit', 'bus', 'bank', 'aladin', 'tuju', 'bandung', 'hati', 'hati', 'jalan', 'ugal', 'ugalan', 'hampir', 'tabrak', 'di', 'jalan', 'malangbong']","['hati', 'hati', 'calo', 'janji', 'bus', 'bagus', 'harga', 'lumayan', 'mahal', 'fasilitas', 'ac', 'toilet', 'nyata', 'bus', 'majapahit', 'bus', 'bank', 'aladin', 'tuju', 'bandung', 'hati', 'hati', 'jalan', 'ugal', 'ugalan', 'tabrak', 'jalan', 'malangbong']",hati hati calo janji bus bagus harga lumayan mahal fasilitas ac toilet nyata bus majapahit bus bank aladin tuju bandung hati hati jalan ugal ugalan tabrak jalan malangbong
32,Terminal Bulupitu Purwokerto,Fahrul Bachtiar,1,"Pengalaman yang sangat membagongkan, terminal nya sih bagus, tapi isi nya calo kek tai semua, bayar mahal"" Dapet bus kek delman anying",Negatif,Pengalaman yang sangat membagongkan terminal nya sih bagus tapi isi nya calo kek tai semua bayar mahal Dapet bus kek delman anying,pengalaman yang sangat membagongkan terminal nya sih bagus tapi isi nya calo kek tai semua bayar mahal dapet bus kek delman anying,pengalaman yang sangat membagongkan terminal nya sih bagus tapi isi nya calo kayak tahi semua bayar mahal dapat bus kayak delman anying,alam yang sangat bagong terminal nya sih bagus tapi isi nya calo kayak tahi semua bayar mahal dapat bus kayak delman anying,"['alam', 'yang', 'sangat', 'bagong', 'terminal', 'nya', 'sih', 'bagus', 'tapi', 'isi', 'nya', 'calo', 'kayak', 'tahi', 'semua', 'bayar', 'mahal', 'dapat', 'bus', 'kayak', 'delman', 'anying']","['alam', 'bagong', 'terminal', 'bagus', 'isi', 'calo', 'kayak', 'tahi', 'bayar', 'mahal', 'bus', 'kayak', 'delman', 'anying']",alam bagong terminal bagus isi calo kayak tahi bayar mahal bus kayak delman anying
33,Terminal Bulupitu Purwokerto,Khalimatus Sadiyah,1,"Kakehan calo,biasa purwokerto tegal 30k ditariki 60k
Ati² go sing pan numpak",Negatif,Kakehan calobiasa purwokerto tegal k ditariki k Ati² go sing pan numpak,kakehan calobiasa purwokerto tegal k ditariki k ati² go sing pan numpak,kakehan calobiasa purwokerto tegal ke ditariki ke ati² go sing kapan numpak,kakehan calobiasa purwokerto tegal ke tarik ke ati go sing kapan numpak,"['kakehan', 'calobiasa', 'purwokerto', 'tegal', 'ke', 'tarik', 'ke', 'ati', 'go', 'sing', 'kapan', 'numpak']","['kakehan', 'calobiasa', 'purwokerto', 'tegal', 'tarik', 'ati', 'go', 'sing', 'numpak']",kakehan calobiasa purwokerto tegal tarik ati go sing numpak
34,Terminal Bulupitu Purwokerto,by. khurniya,4,"Jarang banget ya ada terminal kek nya sebagus ini, iya ga sih?
Tempat nya bersih, fasilitas toilet dan mushola jg terawat

Luas banget area parking, serius deh. Dari pintu masuk menuju loket nya itu jauh bngt wkwk
Tapi bagus sih karna banyak pepohonan nya hihi, area menunggu pun tersedia bnyak kursi.

Itu aja sih ripiuw dr aku",Positif,Jarang banget ya ada terminal kek nya sebagus ini iya ga sih Tempat nya bersih fasilitas toilet dan mushola jg terawat  Luas banget area parking serius deh Dari pintu masuk menuju loket nya itu jauh bngt wkwk Tapi bagus sih karna banyak pepohonan nya hihi area menunggu pun tersedia bnyak kursi  Itu aja sih ripiuw dr aku,jarang banget ya ada terminal kek nya sebagus ini iya ga sih tempat nya bersih fasilitas toilet dan mushola jg terawat  luas banget area parking serius deh dari pintu masuk menuju loket nya itu jauh bngt wkwk tapi bagus sih karna banyak pepohonan nya hihi area menunggu pun tersedia bnyak kursi  itu aja sih ripiuw dr aku,jarang  sekali ya ada terminal kayak nya sebagus ini iya enggak sih tempat nya bersih fasilitas toilet dan mushola juga terawat luas  sekali area parking serius deh dari pintu masuk menuju loket nya itu jauh banget wkwk tapi bagus sih karena banyak pepohonan nya hihi area menunggu pun tersedia banyak kursi itu saja sih ripiuw dari aku,jarang sekali ya ada terminal kayak nya bagus ini iya enggak sih tempat nya bersih fasilitas toilet dan mushola juga awat luas sekali area parking serius deh dari pintu masuk tuju loket nya itu jauh banget wkwk tapi bagus sih karena banyak pohon nya hihi area tunggu pun sedia banyak kursi itu saja sih ripiuw dari aku,"['jarang', 'sekali', 'ya', 'ada', 'terminal', 'kayak', 'nya', 'bagus', 'ini', 'iya', 'enggak', 'sih', 'tempat', 'nya', 'bersih', 'fasilitas', 'toilet', 'dan', 'mushola', 'juga', 'awat', 'luas', 'sekali', 'area', 'parking', 'serius', 'deh', 'dari', 'pintu', 'masuk', 'tuju', 'loket', 'nya', 'itu', 'jauh', 'banget', 'wkwk', 'tapi', 'bagus', 'sih', 'karena', 'banyak', 'pohon', 'nya', 'hihi', 'area', 'tunggu', 'pun', 'sedia', 'banyak', 'kursi', 'itu', 'saja', 'sih', 'ripiuw', 'dari', 'aku']","['jarang', 'terminal', 'kayak', 'bagus', 'bersih', 'fasilitas', 'toilet', 'mushola', 'awat', 'luas', 'area', 'parking', 'serius', 'deh', 'pintu', 'masuk', 'tuju', 'loket', 'banget', 'wkwk', 'bagus', 'pohon', 'hihi', 'area', 'tunggu', 'sedia', 'kursi', 'ripiuw']",jarang terminal kayak bagus bersih fasilitas toilet mushola awat luas area parking serius deh pintu masuk tuju loket banget wkwk bagus pohon hihi area tunggu sedia kursi ripiuw
35,Terminal Bulupitu Purwokerto,Lutfi Sovian,5,Sekarang masih ada gak ya?,Positif,Sekarang masih ada gak ya,sekarang masih ada gak ya,sekarang masih ada enggak ya,sekarang masih ada enggak ya,"['sekarang', 'masih', 'ada', 'enggak', 'ya']",[],
36,Terminal Bulupitu Purwokerto,Ismurtyadhi B. Yuniarto,1,Banyak calo menyamar jadi kondektur. Hati-hati dipalak. Kalau mau pergi ke arah barat lebih baik naik dari perempatan Tanjung,Negatif,Banyak calo menyamar jadi kondektur Hatihati dipalak Kalau mau pergi ke arah barat lebih baik naik dari perempatan Tanjung,banyak calo menyamar jadi kondektur hatihati dipalak kalau mau pergi ke arah barat lebih baik naik dari perempatan tanjung,banyak calo menyamar jadi kondektur hatihati dipalak kalau mau pergi ke arah barat lebih baik naik dari perempatan tanjung,banyak calo samar jadi kondektur hatihati palak kalau mau pergi ke arah barat lebih baik naik dari empat tanjung,"['banyak', 'calo', 'samar', 'jadi', 'kondektur', 'hatihati', 'palak', 'kalau', 'mau', 'pergi', 'ke', 'arah', 'barat', 'lebih', 'baik', 'naik', 'dari', 'empat', 'tanjung']","['calo', 'samar', 'kondektur', 'hatihati', 'palak', 'pergi', 'arah', 'barat', 'tanjung']",calo samar kondektur hatihati palak pergi arah barat tanjung
37,Terminal Bulupitu Purwokerto,Riva Lina,1,"Tiket jakarta purwokerto lebih murah . Daripada purwokerto - jakarta . Naik 100% ..
Padahal hari biasa... menang tempat doang. Dijamin gk bakal lama ini terminal gk jalan",Negatif,Tiket jakarta purwokerto lebih murah  Daripada purwokerto  jakarta  Naik   Padahal hari biasa menang tempat doang Dijamin gk bakal lama ini terminal gk jalan,tiket jakarta purwokerto lebih murah  daripada purwokerto  jakarta  naik   padahal hari biasa menang tempat doang dijamin gk bakal lama ini terminal gk jalan,tiket jakarta purwokerto lebih murah daripada purwokerto jakarta naik padahal hari biasa menang tempat doang dijamin enggak bakal lama ini terminal enggak jalan,tiket jakarta purwokerto lebih murah daripada purwokerto jakarta naik padahal hari biasa menang tempat doang jamin enggak bakal lama ini terminal enggak jalan,"['tiket', 'jakarta', 'purwokerto', 'lebih', 'murah', 'daripada', 'purwokerto', 'jakarta', 'naik', 'padahal', 'hari', 'biasa', 'menang', 'tempat', 'doang', 'jamin', 'enggak', 'bakal', 'lama', 'ini', 'terminal', 'enggak', 'jalan']","['tiket', 'jakarta', 'purwokerto', 'murah', 'purwokerto', 'jakarta', 'menang', 'doang', 'jamin', 'terminal', 'jalan']",tiket jakarta purwokerto murah purwokerto jakarta menang doang jamin terminal jalan
38,Terminal Bulupitu Purwokerto,Sayur Tomat,1,Banyak calo ngasih harga gak ngotak. Tolong dishub berantas calo2 disini,Negatif,Banyak calo ngasih harga gak ngotak Tolong dishub berantas calo disini,banyak calo ngasih harga gak ngotak tolong dishub berantas calo disini,banyak calo mengasih harga enggak ngotak tolong dishub berantas calo disini,banyak calo asih harga enggak ngotak tolong dishub berantas calo sini,"['banyak', 'calo', 'asih', 'harga', 'enggak', 'ngotak', 'tolong', 'dishub', 'berantas', 'calo', 'sini']","['calo', 'asih', 'harga', 'ngotak', 'tolong', 'dishub', 'berantas', 'calo']",calo asih harga ngotak tolong dishub berantas calo
39,Terminal Bulupitu Purwokerto,Ulil Tri,1,Tempatnya bagus,Negatif,Tempatnya bagus,tempatnya bagus,tempatnya bagus,tempat bagus,"['tempat', 'bagus']",['bagus'],bagus
40,Terminal Bulupitu Purwokerto,Indri Dwifreyyanni,2,"Toilet kotor
Pemberitahuan ke pemberangkatan terlalu lama nunggu jadiny",Negatif,Toilet kotor Pemberitahuan ke pemberangkatan terlalu lama nunggu jadiny,toilet kotor pemberitahuan ke pemberangkatan terlalu lama nunggu jadiny,toilet kotor pemberitahuan ke pemberangkatan terlalu lama menunggu jadiny,toilet kotor pemberitahuan ke berangkat terlalu lama tunggu jadiny,"['toilet', 'kotor', 'pemberitahuan', 'ke', 'berangkat', 'terlalu', 'lama', 'tunggu', 'jadiny']","['toilet', 'kotor', 'pemberitahuan', 'berangkat', 'tunggu', 'jadiny']",toilet kotor pemberitahuan berangkat tunggu jadiny
41,Terminal Bulupitu Purwokerto,Enoe Alfian,4,Lumayan sepi kebayakan nunggu di jalur keberangkatan,Positif,Lumayan sepi kebayakan nunggu di jalur keberangkatan,lumayan sepi kebayakan nunggu di jalur keberangkatan,lumayan sepi kebayakan menunggu di jalur keberangkatan,lumayan sepi kebaya tunggu di jalur berangkat,"['lumayan', 'sepi', 'kebaya', 'tunggu', 'di', 'jalur', 'berangkat']","['lumayan', 'sepi', 'kebaya', 'tunggu', 'jalur', 'berangkat']",lumayan sepi kebaya tunggu jalur berangkat
42,Terminal Bulupitu Purwokerto,Lovy Andriyanto,2,Tolong untuk petugas di terminal terutama kebersihan untuk lebih sopan ke penumpang yang sedang duduk nunggu bus...kalo mau ngepel dket tempat duduk yg sedang ada orang nya bilang permisi dulu atau gimana jangan cuma diem....ga ada SOPAN SANTUNNYA sama sekali!!!,Negatif,Tolong untuk petugas di terminal terutama kebersihan untuk lebih sopan ke penumpang yang sedang duduk nunggu buskalo mau ngepel dket tempat duduk yg sedang ada orang nya bilang permisi dulu atau gimana jangan cuma diemga ada SOPAN SANTUNNYA sama sekali,tolong untuk petugas di terminal terutama kebersihan untuk lebih sopan ke penumpang yang sedang duduk nunggu buskalo mau ngepel dket tempat duduk yg sedang ada orang nya bilang permisi dulu atau gimana jangan cuma diemga ada sopan santunnya sama sekali,tolong untuk petugas di terminal terutama kebersihan untuk lebih sopan ke penumpang yang sedang duduk menunggu buskalo mau ngepel dket tempat duduk yang sedang ada orang nya bilang permisi dulu atau bagaimana jangan cuma diemga ada sopan santunnya sama sekali,tolong untuk tugas di terminal utama bersih untuk lebih sopan ke tumpang yang sedang duduk tunggu buskalo mau ngepel dket tempat duduk yang sedang ada orang nya bilang permisi dulu atau bagaimana jangan cuma diemga ada sopan santun sama sekali,"['tolong', 'untuk', 'tugas', 'di', 'terminal', 'utama', 'bersih', 'untuk', 'lebih', 'sopan', 'ke', 'tumpang', 'yang', 'sedang', 'duduk', 'tunggu', 'buskalo', 'mau', 'ngepel', 'dket', 'tempat', 'duduk', 'yang', 'sedang', 'ada', 'orang', 'nya', 'bilang', 'permisi', 'dulu', 'atau', 'bagaimana', 'jangan', 'cuma', 'diemga', 'ada', 'sopan', 'santun', 'sama', 'sekali']","['tolong', 'tugas', 'terminal', 'utama', 'bersih', 'sopan', 'tumpang', 'duduk', 'tunggu', 'buskalo', 'ngepel', 'dket', 'duduk', 'orang', 'bilang', 'permisi', 'diemga', 'sopan', 'santun']",tolong tugas terminal utama bersih sopan tumpang duduk tunggu buskalo ngepel dket duduk orang bilang permisi diemga sopan santun
43,Terminal Bulupitu Purwokerto,KUSIRIN,5,"Aman, mau ke Jakarta, Jogja, Bandung atau kemana aja. Banyak trayek busnya",Positif,Aman mau ke Jakarta Jogja Bandung atau kemana aja Banyak trayek busnya,aman mau ke jakarta jogja bandung atau kemana aja banyak trayek busnya,aman mau ke jakarta jogja bandung atau kemana saja banyak trayek busnya,aman mau ke jakarta jogja bandung atau mana saja banyak trayek bus,"['aman', 'mau', 'ke', 'jakarta', 'jogja', 'bandung', 'atau', 'mana', 'saja', 'banyak', 'trayek', 'bus']","['aman', 'jakarta', 'jogja', 'bandung', 'trayek', 'bus']",aman jakarta jogja bandung trayek bus
44,Terminal Bulupitu Purwokerto,Doni Sutrisno (Odosh),5,Terminalnya cukup memuaskan aga kurang banyak pilihan PO terminal sebesar ini,Positif,Terminalnya cukup memuaskan aga kurang banyak pilihan PO terminal sebesar ini,terminalnya cukup memuaskan aga kurang banyak pilihan po terminal sebesar ini,terminalnya cukup memuaskan  agar kurang banyak pilihan po terminal sebesar ini,terminal cukup muas agar kurang banyak pilih po terminal besar ini,"['terminal', 'cukup', 'muas', 'agar', 'kurang', 'banyak', 'pilih', 'po', 'terminal', 'besar', 'ini']","['terminal', 'muas', 'pilih', 'po', 'terminal']",terminal muas pilih po terminal
45,Terminal Bulupitu Purwokerto,mas suk,4,"Sudah bagus, tinggal komitmen pengguna saja untuk menjaga kebersihan terutama merokok agar g bebas,,",Positif,Sudah bagus tinggal komitmen pengguna saja untuk menjaga kebersihan terutama merokok agar g bebas,sudah bagus tinggal komitmen pengguna saja untuk menjaga kebersihan terutama merokok agar g bebas,sudah bagus tinggal komitmen pengguna saja untuk menjaga kebersihan terutama merokok agar enggak bebas,sudah bagus tinggal komitmen guna saja untuk jaga bersih utama rokok agar enggak bebas,"['sudah', 'bagus', 'tinggal', 'komitmen', 'guna', 'saja', 'untuk', 'jaga', 'bersih', 'utama', 'rokok', 'agar', 'enggak', 'bebas']","['bagus', 'tinggal', 'komitmen', 'jaga', 'bersih', 'utama', 'rokok', 'bebas']",bagus tinggal komitmen jaga bersih utama rokok bebas
46,Terminal Bulupitu Purwokerto,Hidayat Nur Rohmat 23,5,"Teeminal yg ramah trhadap pengunjung
Walaupun bnyak calo tp tetep calonya g prnah maks buat ikut..",Positif,Teeminal yg ramah trhadap pengunjung Walaupun bnyak calo tp tetep calonya g prnah maks buat ikut,teeminal yg ramah trhadap pengunjung walaupun bnyak calo tp tetep calonya g prnah maks buat ikut,teeminal yang ramah  terhadap pengunjung walaupun banyak calo tapi tetap calonya enggak pernah maks buat ikut,teeminal yang ramah hadap unjung walaupun banyak calo tapi tetap calo enggak pernah maks buat ikut,"['teeminal', 'yang', 'ramah', 'hadap', 'unjung', 'walaupun', 'banyak', 'calo', 'tapi', 'tetap', 'calo', 'enggak', 'pernah', 'maks', 'buat', 'ikut']","['teeminal', 'ramah', 'hadap', 'unjung', 'calo', 'calo', 'maks']",teeminal ramah hadap unjung calo calo maks
47,Terminal Bulupitu Purwokerto,Sy Firdausy,5,Terminal  bis Purwokerto. Lokasi tiket bis Sinar jaya setelah pintu masuk terminal.,Positif,Terminal  bis Purwokerto Lokasi tiket bis Sinar jaya setelah pintu masuk terminal,terminal  bis purwokerto lokasi tiket bis sinar jaya setelah pintu masuk terminal,terminal bis purwokerto lokasi tiket bis sinar jaya setelah pintu masuk terminal,terminal bis purwokerto lokasi tiket bis sinar jaya telah pintu masuk terminal,"['terminal', 'bis', 'purwokerto', 'lokasi', 'tiket', 'bis', 'sinar', 'jaya', 'telah', 'pintu', 'masuk', 'terminal']","['terminal', 'bis', 'purwokerto', 'lokasi', 'tiket', 'bis', 'sinar', 'jaya', 'pintu', 'masuk', 'terminal']",terminal bis purwokerto lokasi tiket bis sinar jaya pintu masuk terminal
48,Terminal Bulupitu Purwokerto,tulus hardiyanto,5,Nyaman,Positif,Nyaman,nyaman,nyaman,nyaman,['nyaman'],['nyaman'],nyaman
49,Terminal Bulupitu Purwokerto,Bagus Prabowo,4,Petugasnya ramah tapi hati-hati masih banyak calo lalu-lalang disini,Positif,Petugasnya ramah tapi hatihati masih banyak calo lalulalang disini,petugasnya ramah tapi hatihati masih banyak calo lalulalang disini,petugasnya ramah tapi hatihati masih banyak calo lalulalang disini,tugas ramah tapi hatihati masih banyak calo lalulalang sini,"['tugas', 'ramah', 'tapi', 'hatihati', 'masih', 'banyak', 'calo', 'lalulalang', 'sini']","['tugas', 'ramah', 'hatihati', 'calo', 'lalulalang']",tugas ramah hatihati calo lalulalang
50,Terminal Bulupitu Purwokerto,soekamto harry,5,"Masih jadi terminal paling bersih yg pernah tak kunjungi. Skrg sdh ada transBanyumas juga disini. Maap, videonya gak nyambung. Hehee",Positif,Masih jadi terminal paling bersih yg pernah tak kunjungi Skrg sdh ada transBanyumas juga disini Maap videonya gak nyambung Hehee,masih jadi terminal paling bersih yg pernah tak kunjungi skrg sdh ada transbanyumas juga disini maap videonya gak nyambung hehee,masih jadi terminal paling bersih yang pernah tak kunjungi sekarang sudah ada transbanyumas juga disini maaf videonya enggak menyambung hehee,masih jadi terminal paling bersih yang pernah tak kunjung sekarang sudah ada transbanyumas juga sini maaf video enggak sambung hehee,"['masih', 'jadi', 'terminal', 'paling', 'bersih', 'yang', 'pernah', 'tak', 'kunjung', 'sekarang', 'sudah', 'ada', 'transbanyumas', 'juga', 'sini', 'maaf', 'video', 'enggak', 'sambung', 'hehee']","['terminal', 'bersih', 'tak', 'kunjung', 'transbanyumas', 'maaf', 'video', 'sambung', 'hehee']",terminal bersih tak kunjung transbanyumas maaf video sambung hehee
51,Terminal Bulupitu Purwokerto,Rina Blahblah,5,Luar biasa bersih 💝,Positif,Luar biasa bersih,luar biasa bersih,luar biasa bersih,luar biasa bersih,"['luar', 'biasa', 'bersih']",['bersih'],bersih
52,Terminal Bulupitu Purwokerto,ilham maliki,5,"Terminal dengan fasilitas yg memadai serta terstruktur rapi, semoga senantiasa konsisten serta terjaga integritasnya.",Positif,Terminal dengan fasilitas yg memadai serta terstruktur rapi semoga senantiasa konsisten serta terjaga integritasnya,terminal dengan fasilitas yg memadai serta terstruktur rapi semoga senantiasa konsisten serta terjaga integritasnya,terminal dengan fasilitas yang memadai serta terstruktur rapi semoga senantiasa konsisten serta terjaga integritasnya,terminal dengan fasilitas yang pada serta struktur rapi moga senantiasa konsisten serta jaga integritas,"['terminal', 'dengan', 'fasilitas', 'yang', 'pada', 'serta', 'struktur', 'rapi', 'moga', 'senantiasa', 'konsisten', 'serta', 'jaga', 'integritas']","['terminal', 'fasilitas', 'struktur', 'rapi', 'moga', 'senantiasa', 'konsisten', 'jaga', 'integritas']",terminal fasilitas struktur rapi moga senantiasa konsisten jaga integritas
53,Terminal Bulupitu Purwokerto,Tukang Review Jujur,5,"Mantap sih, bersih dan tertata rapi banget udah tempatnya. Josss",Positif,Mantap sih bersih dan tertata rapi banget udah tempatnya Josss,mantap sih bersih dan tertata rapi banget udah tempatnya josss,mantap sih bersih dan tertata rapi  sekali sudah tempatnya josss,mantap sih bersih dan tata rapi sekali sudah tempat josss,"['mantap', 'sih', 'bersih', 'dan', 'tata', 'rapi', 'sekali', 'sudah', 'tempat', 'josss']","['mantap', 'bersih', 'tata', 'rapi', 'josss']",mantap bersih tata rapi josss
54,Terminal Bulupitu Purwokerto,Ari Yanto,5,"Fasilitas semakin lengkap,
Mau ambil uang tunai sekarang bisa langsung ke ATM yang ada di area lobi depan,
Sampai dengan Juli 2023 ini,terdapat 2 ATM yang berdampingan.",Positif,Fasilitas semakin lengkap Mau ambil uang tunai sekarang bisa langsung ke ATM yang ada di area lobi depan Sampai dengan Juli  initerdapat  ATM yang berdampingan,fasilitas semakin lengkap mau ambil uang tunai sekarang bisa langsung ke atm yang ada di area lobi depan sampai dengan juli  initerdapat  atm yang berdampingan,fasilitas semakin lengkap mau ambil di toko uang tunai sekarang bisa langsung ke atm yang ada di area lobi depan sampai dengan juli initerdapat atm yang berdampingan,fasilitas makin lengkap mau ambil di toko uang tunai sekarang bisa langsung ke atm yang ada di area lobi depan sampai dengan juli initerdapat atm yang damping,"['fasilitas', 'makin', 'lengkap', 'mau', 'ambil', 'di', 'toko', 'uang', 'tunai', 'sekarang', 'bisa', 'langsung', 'ke', 'atm', 'yang', 'ada', 'di', 'area', 'lobi', 'depan', 'sampai', 'dengan', 'juli', 'initerdapat', 'atm', 'yang', 'damping']","['fasilitas', 'lengkap', 'ambil', 'toko', 'uang', 'tunai', 'langsung', 'atm', 'area', 'lobi', 'juli', 'initerdapat', 'atm', 'damping']",fasilitas lengkap ambil toko uang tunai langsung atm area lobi juli initerdapat atm damping
55,Terminal Bulupitu Purwokerto,Hafidh Nur Danar Kusuma,5,"Bangunan dan fasilitas sangat lengkap dengan lahan parkir untuk mengantar atau menjemput penumpang (saudara), mushola, toilet, tempat menuggu bis juga luas dan bersih, serta warung jajanan yang banyak",Positif,Bangunan dan fasilitas sangat lengkap dengan lahan parkir untuk mengantar atau menjemput penumpang saudara mushola toilet tempat menuggu bis juga luas dan bersih serta warung jajanan yang banyak,bangunan dan fasilitas sangat lengkap dengan lahan parkir untuk mengantar atau menjemput penumpang saudara mushola toilet tempat menuggu bis juga luas dan bersih serta warung jajanan yang banyak,bangunan dan fasilitas sangat lengkap dengan lahan parkir untuk mengantar atau menjemput penumpang saudara mushola toilet tempat menuggu bis juga luas dan bersih serta warung jajanan yang banyak,bangun dan fasilitas sangat lengkap dengan lahan parkir untuk antar atau jemput tumpang saudara mushola toilet tempat menuggu bis juga luas dan bersih serta warung jajan yang banyak,"['bangun', 'dan', 'fasilitas', 'sangat', 'lengkap', 'dengan', 'lahan', 'parkir', 'untuk', 'antar', 'atau', 'jemput', 'tumpang', 'saudara', 'mushola', 'toilet', 'tempat', 'menuggu', 'bis', 'juga', 'luas', 'dan', 'bersih', 'serta', 'warung', 'jajan', 'yang', 'banyak']","['bangun', 'fasilitas', 'lengkap', 'lahan', 'parkir', 'jemput', 'tumpang', 'saudara', 'mushola', 'toilet', 'menuggu', 'bis', 'luas', 'bersih', 'warung', 'jajan']",bangun fasilitas lengkap lahan parkir jemput tumpang saudara mushola toilet menuggu bis luas bersih warung jajan
56,Terminal Bulupitu Purwokerto,Aris Nurcholis,4,"Lumayan tertib, lumayan bersih",Positif,Lumayan tertib lumayan bersih,lumayan tertib lumayan bersih,lumayan tertib lumayan bersih,lumayan tertib lumayan bersih,"['lumayan', 'tertib', 'lumayan', 'bersih']","['lumayan', 'tertib', 'lumayan', 'bersih']",lumayan tertib lumayan bersih
57,Terminal Bulupitu Purwokerto,Banyak Cotro,1,"Ternyata masih ada calo yang untungnya ga main main 30% dari harga tiket,,dan anehnya calo ini menempati loket  di dalam terminal..hati hati kalian kalau masuk terminal,,,HARUS BERANI MENOLAK JIKA ADA ORANG YANG TERUS MENERUS NGIKUTI KAMU....SOALNYA HARGA TIKETNYA JADI SANGAT MAHAL..KASIH MAKAN KELUARGA DARI HASIL MERAS ORANG.....WOW...BANGET KAMU...GA TAKUT KARMA????SAKIT CELAKA ATAU APA KEK.....",Negatif,Ternyata masih ada calo yang untungnya ga main main  dari harga tiketdan anehnya calo ini menempati loket  di dalam terminalhati hati kalian kalau masuk terminalHARUS BERANI MENOLAK JIKA ADA ORANG YANG TERUS MENERUS NGIKUTI KAMUSOALNYA HARGA TIKETNYA JADI SANGAT MAHALKASIH MAKAN KELUARGA DARI HASIL MERAS ORANGWOWBANGET KAMUGA TAKUT KARMASAKIT CELAKA ATAU APA KEK,ternyata masih ada calo yang untungnya ga main main  dari harga tiketdan anehnya calo ini menempati loket  di dalam terminalhati hati kalian kalau masuk terminalharus berani menolak jika ada orang yang terus menerus ngikuti kamusoalnya harga tiketnya jadi sangat mahalkasih makan keluarga dari hasil meras orangwowbanget kamuga takut karmasakit celaka atau apa kek,ternyata masih ada calo yang untungnya enggak main main dari harga tiketdan anehnya calo ini menempati loket di dalam terminalhati hati kalian kalau masuk terminalharus berani menolak jika ada orang yang terus menerus ngikuti kamusoalnya harga tiketnya jadi sangat mahalkasih makan keluarga dari hasil meras orangwowbanget kamuga takut karmasakit celaka atau apa kayak,nyata masih ada calo yang untung enggak main main dari harga tiketdan aneh calo ini tempat loket di dalam terminalhati hati kalian kalau masuk terminalharus berani tolak jika ada orang yang terus terus ngikuti kamusoalnya harga tiket jadi sangat mahalkasih makan keluarga dari hasil ras orangwowbanget kamuga takut karmasakit celaka atau apa kayak,"['nyata', 'masih', 'ada', 'calo', 'yang', 'untung', 'enggak', 'main', 'main', 'dari', 'harga', 'tiketdan', 'aneh', 'calo', 'ini', 'tempat', 'loket', 'di', 'dalam', 'terminalhati', 'hati', 'kalian', 'kalau', 'masuk', 'terminalharus', 'berani', 'tolak', 'jika', 'ada', 'orang', 'yang', 'terus', 'terus', 'ngikuti', 'kamusoalnya', 'harga', 'tiket', 'jadi', 'sangat', 'mahalkasih', 'makan', 'keluarga', 'dari', 'hasil', 'ras', 'orangwowbanget', 'kamuga', 'takut', 'karmasakit', 'celaka', 'atau', 'apa', 'kayak']","['nyata', 'calo', 'untung', 'main', 'main', 'harga', 'tiketdan', 'aneh', 'calo', 'loket', 'terminalhati', 'hati', 'masuk', 'terminalharus', 'berani', 'tolak', 'orang', 'ngikuti', 'kamusoalnya', 'harga', 'tiket', 'mahalkasih', 'makan', 'keluarga', 'hasil', 'ras', 'orangwowbanget', 'kamuga', 'takut', 'karmasakit', 'celaka', 'kayak']",nyata calo untung main main harga tiketdan aneh calo loket terminalhati hati masuk terminalharus berani tolak orang ngikuti kamusoalnya harga tiket mahalkasih makan keluarga hasil ras orangwowbanget kamuga takut karmasakit celaka kayak
58,Terminal Bulupitu Purwokerto,Aris Rianto,5,Mantap,Positif,Mantap,mantap,mantap,mantap,['mantap'],['mantap'],mantap
59,Terminal Bulupitu Purwokerto,Mo Alfares,4,A clean place.,Positif,A clean place,a clean place,a clean place,a clean place,"['a', 'clean', 'place']","['clean', 'place']",clean place
60,Terminal Bulupitu Purwokerto,maulana,5,Jam 5 masih sepi🤦‍♂️ untungnya bus udah ada yg stay...,Positif,Jam  masih sepi untungnya bus udah ada yg stay,jam  masih sepi untungnya bus udah ada yg stay,jam masih sepi untungnya bus sudah ada yang stay,jam masih sepi untung bus sudah ada yang stay,"['jam', 'masih', 'sepi', 'untung', 'bus', 'sudah', 'ada', 'yang', 'stay']","['jam', 'sepi', 'untung', 'bus', 'stay']",jam sepi untung bus stay
61,Terminal Bulupitu Purwokerto,setyo wantoro,4,Olways sinarjaya ..ws kayakuwebae..pokoke yess,Positif,Olways sinarjaya ws kayakuwebaepokoke yess,olways sinarjaya ws kayakuwebaepokoke yess,selalu sinarjaya ws kayakuwebaepokoke yess,selalu sinarjaya ws kayakuwebaepokoke yess,"['selalu', 'sinarjaya', 'ws', 'kayakuwebaepokoke', 'yess']","['sinarjaya', 'ws', 'kayakuwebaepokoke', 'yess']",sinarjaya ws kayakuwebaepokoke yess
62,Terminal Bulupitu Purwokerto,Tri Wahyu,4,Tempat transit menuju Jogja,Positif,Tempat transit menuju Jogja,tempat transit menuju jogja,tempat transit menuju jogja,tempat transit tuju jogja,"['tempat', 'transit', 'tuju', 'jogja']","['transit', 'tuju', 'jogja']",transit tuju jogja
63,Terminal Bulupitu Purwokerto,Aries 11,5,Tmpatnya sangat nyman buat santai,Positif,Tmpatnya sangat nyman buat santai,tmpatnya sangat nyman buat santai,tmpatnya sangat nyman buat santai,tmpatnya sangat nyman buat santai,"['tmpatnya', 'sangat', 'nyman', 'buat', 'santai']","['tmpatnya', 'nyman', 'santai']",tmpatnya nyman santai
64,Terminal Bulupitu Purwokerto,Joy Jakarta Driver,5,"Toilet kotor bau tidak terawat, air tidak ada. Mohon di perhatikan",Positif,Toilet kotor bau tidak terawat air tidak ada Mohon di perhatikan,toilet kotor bau tidak terawat air tidak ada mohon di perhatikan,toilet kotor bau tidak terawat air tidak ada mohon di perhatikan,toilet kotor bau tidak awat air tidak ada mohon di perhati,"['toilet', 'kotor', 'bau', 'tidak', 'awat', 'air', 'tidak', 'ada', 'mohon', 'di', 'perhati']","['toilet', 'kotor', 'bau', 'tidak', 'awat', 'air', 'tidak', 'mohon', 'perhati']",toilet kotor bau tidak awat air tidak mohon perhati
65,Terminal Bulupitu Purwokerto,Nalendra Aghna,5,Rame wangi rapi bersih aman josss bulupitu sekarang,Positif,Rame wangi rapi bersih aman josss bulupitu sekarang,rame wangi rapi bersih aman josss bulupitu sekarang,rame wangi rapi bersih aman josss bulupitu sekarang,rame wangi rapi bersih aman josss bulupitu sekarang,"['rame', 'wangi', 'rapi', 'bersih', 'aman', 'josss', 'bulupitu', 'sekarang']","['rame', 'wangi', 'rapi', 'bersih', 'aman', 'josss', 'bulupitu']",rame wangi rapi bersih aman josss bulupitu
66,Terminal Bulupitu Purwokerto,Muhammad Ridlo,1,"Bagi yg belum mengetahui seluk beluk terminal ini hati-hati. Memang secara tampilan sudah berubah. Tapi masih banyak calo!!
Cukup yg terakhir kmaren aja lh saya dateng ksitu. Tapi bingung juga nyari agen bus yg tanpa calo di sini karna cuma beberapa yg punya agen di luar terminal!😖",Negatif,Bagi yg belum mengetahui seluk beluk terminal ini hatihati Memang secara tampilan sudah berubah Tapi masih banyak calo Cukup yg terakhir kmaren aja lh saya dateng ksitu Tapi bingung juga nyari agen bus yg tanpa calo di sini karna cuma beberapa yg punya agen di luar terminal,bagi yg belum mengetahui seluk beluk terminal ini hatihati memang secara tampilan sudah berubah tapi masih banyak calo cukup yg terakhir kmaren aja lh saya dateng ksitu tapi bingung juga nyari agen bus yg tanpa calo di sini karna cuma beberapa yg punya agen di luar terminal,bagi yang belum mengetahui seluk beluk terminal ini hatihati memang secara tampilan sudah berubah tapi masih banyak calo cukup yang terakhir kemarin saja boleh saya datang kesitu tapi bingung juga mencari agen bus yang tanpa calo di sini karena cuma beberapa yang punya agen di luar terminal,bagi yang belum tahu seluk beluk terminal ini hatihati memang cara tampil sudah ubah tapi masih banyak calo cukup yang akhir kemarin saja boleh saya datang kesitu tapi bingung juga cari agen bus yang tanpa calo di sini karena cuma beberapa yang punya agen di luar terminal,"['bagi', 'yang', 'belum', 'tahu', 'seluk', 'beluk', 'terminal', 'ini', 'hatihati', 'memang', 'cara', 'tampil', 'sudah', 'ubah', 'tapi', 'masih', 'banyak', 'calo', 'cukup', 'yang', 'akhir', 'kemarin', 'saja', 'boleh', 'saya', 'datang', 'kesitu', 'tapi', 'bingung', 'juga', 'cari', 'agen', 'bus', 'yang', 'tanpa', 'calo', 'di', 'sini', 'karena', 'cuma', 'beberapa', 'yang', 'punya', 'agen', 'di', 'luar', 'terminal']","['seluk', 'beluk', 'terminal', 'hatihati', 'tampil', 'ubah', 'calo', 'kemarin', 'kesitu', 'bingung', 'cari', 'agen', 'bus', 'calo', 'agen', 'terminal']",seluk beluk terminal hatihati tampil ubah calo kemarin kesitu bingung cari agen bus calo agen terminal
67,Terminal Bulupitu Purwokerto,Mafatichul Fuadi,5,"Bangunan dan fasilitasnya cukup lengkap dibanding terminal lain. Tapi air di bak toilet kuning dan kurangnya sandal untuk wudhu di mushala.

Semoga bisa jd bahan evaluasi",Positif,Bangunan dan fasilitasnya cukup lengkap dibanding terminal lain Tapi air di bak toilet kuning dan kurangnya sandal untuk wudhu di mushala  Semoga bisa jd bahan evaluasi,bangunan dan fasilitasnya cukup lengkap dibanding terminal lain tapi air di bak toilet kuning dan kurangnya sandal untuk wudhu di mushala  semoga bisa jd bahan evaluasi,bangunan dan fasilitasnya cukup lengkap dibanding terminal lain tapi air di bak toilet kuning dan kurangnya sandal untuk wudhu di mushala semoga bisa jadi bahan evaluasi,bangun dan fasilitas cukup lengkap banding terminal lain tapi air di bak toilet kuning dan kurang sandal untuk wudhu di mushala moga bisa jadi bahan evaluasi,"['bangun', 'dan', 'fasilitas', 'cukup', 'lengkap', 'banding', 'terminal', 'lain', 'tapi', 'air', 'di', 'bak', 'toilet', 'kuning', 'dan', 'kurang', 'sandal', 'untuk', 'wudhu', 'di', 'mushala', 'moga', 'bisa', 'jadi', 'bahan', 'evaluasi']","['bangun', 'fasilitas', 'lengkap', 'banding', 'terminal', 'air', 'bak', 'toilet', 'kuning', 'sandal', 'wudhu', 'mushala', 'moga', 'bahan', 'evaluasi']",bangun fasilitas lengkap banding terminal air bak toilet kuning sandal wudhu mushala moga bahan evaluasi
68,Terminal Bulupitu Purwokerto,we winaresich,5,"Tempatnya luas, fasilitas komplit, tersedia berbagai macam bus....",Positif,Tempatnya luas fasilitas komplit tersedia berbagai macam bus,tempatnya luas fasilitas komplit tersedia berbagai macam bus,tempatnya luas fasilitas komplit tersedia berbagai macam bus,tempat luas fasilitas komplit sedia bagai macam bus,"['tempat', 'luas', 'fasilitas', 'komplit', 'sedia', 'bagai', 'macam', 'bus']","['luas', 'fasilitas', 'komplit', 'sedia', 'bus']",luas fasilitas komplit sedia bus
69,Terminal Bulupitu Purwokerto,rado ndaru prabowo,5,"Terminalnya mulai tertata dan ada peningkatan kebersihannya, pembangunan masih berjalan, semoga bisa lebih baik lagi dan menjadi kebanggaan masyarakat Purwokerto dan sekitarnya",Positif,Terminalnya mulai tertata dan ada peningkatan kebersihannya pembangunan masih berjalan semoga bisa lebih baik lagi dan menjadi kebanggaan masyarakat Purwokerto dan sekitarnya,terminalnya mulai tertata dan ada peningkatan kebersihannya pembangunan masih berjalan semoga bisa lebih baik lagi dan menjadi kebanggaan masyarakat purwokerto dan sekitarnya,terminalnya mulai tertata dan ada peningkatan kebersihannya pembangunan masih berjalan semoga bisa lebih baik lagi dan menjadi kebanggaan masyarakat purwokerto dan sekitarnya,terminal mulai tata dan ada tingkat bersih bangun masih jalan moga bisa lebih baik lagi dan jadi bangga masyarakat purwokerto dan sekitar,"['terminal', 'mulai', 'tata', 'dan', 'ada', 'tingkat', 'bersih', 'bangun', 'masih', 'jalan', 'moga', 'bisa', 'lebih', 'baik', 'lagi', 'dan', 'jadi', 'bangga', 'masyarakat', 'purwokerto', 'dan', 'sekitar']","['terminal', 'tata', 'tingkat', 'bersih', 'bangun', 'jalan', 'moga', 'bangga', 'masyarakat', 'purwokerto']",terminal tata tingkat bersih bangun jalan moga bangga masyarakat purwokerto
70,Terminal Bulupitu Purwokerto,arka raziq,5,Jumat berkah,Positif,Jumat berkah,jumat berkah,jumat berkah,jumat berkah,"['jumat', 'berkah']","['jumat', 'berkah']",jumat berkah
71,Terminal Bulupitu Purwokerto,Ari Purnomo,5,"Nyaman langsung ke loket untuk antar propinsi ya?jgn lewat calo.
Sedikit info untuk tujuan jakarta khususnya pengguna sinar jaya
Jam setengah sebelas siang ad dan setengah dua siang ad,transit di cibitung...tks",Positif,Nyaman langsung ke loket untuk antar propinsi yajgn lewat calo Sedikit info untuk tujuan jakarta khususnya pengguna sinar jaya Jam setengah sebelas siang ad dan setengah dua siang adtransit di cibitungtks,nyaman langsung ke loket untuk antar propinsi yajgn lewat calo sedikit info untuk tujuan jakarta khususnya pengguna sinar jaya jam setengah sebelas siang ad dan setengah dua siang adtransit di cibitungtks,nyaman langsung ke loket untuk antar propinsi yajgn lewat calo sedikit info untuk tujuan jakarta khususnya pengguna sinar jaya jam setengah sebelas siang ada dan setengah dua siang adtransit di cibitungtks,nyaman langsung ke loket untuk antar propinsi yajgn lewat calo sedikit info untuk tuju jakarta khusus guna sinar jaya jam tengah sebelas siang ada dan tengah dua siang adtransit di cibitungtks,"['nyaman', 'langsung', 'ke', 'loket', 'untuk', 'antar', 'propinsi', 'yajgn', 'lewat', 'calo', 'sedikit', 'info', 'untuk', 'tuju', 'jakarta', 'khusus', 'guna', 'sinar', 'jaya', 'jam', 'tengah', 'sebelas', 'siang', 'ada', 'dan', 'tengah', 'dua', 'siang', 'adtransit', 'di', 'cibitungtks']","['nyaman', 'langsung', 'loket', 'propinsi', 'yajgn', 'calo', 'info', 'tuju', 'jakarta', 'khusus', 'sinar', 'jaya', 'jam', 'sebelas', 'siang', 'siang', 'adtransit', 'cibitungtks']",nyaman langsung loket propinsi yajgn calo info tuju jakarta khusus sinar jaya jam sebelas siang siang adtransit cibitungtks
72,Terminal Bulupitu Purwokerto,Estu Ayu Ragil,4,"parkiran luas, ada toilet umum, masjid dan banyak agen bis tiket",Positif,parkiran luas ada toilet umum masjid dan banyak agen bis tiket,parkiran luas ada toilet umum masjid dan banyak agen bis tiket,parkiran luas ada toilet umum masjid dan banyak agen bis tiket,parkir luas ada toilet umum masjid dan banyak agen bis tiket,"['parkir', 'luas', 'ada', 'toilet', 'umum', 'masjid', 'dan', 'banyak', 'agen', 'bis', 'tiket']","['parkir', 'luas', 'toilet', 'masjid', 'agen', 'bis', 'tiket']",parkir luas toilet masjid agen bis tiket
73,Terminal Bulupitu Purwokerto,m. ltfh,5,"Merasa excited dan ""wow"" nemu terminal cakep begini wkwk. Dr luar udah ngerasa ""kok bagus ada arena bermainnya"". Pas masuk, wow wkwkw. Luas sekali.

Di depan gedung utama ada bbrp bapak yg nanyain, ""mau kemana mba?"". Pas kita jawab, bapaknya langsung ngarahin, ""beli tiketnya ini masuk lalu ke kiri, konter nomer sekian mba"". Baik sih, tak pikir calo tiket 😅🙏

Masuk gedung, rasa adem. Tempatnya juga bersih. Fasilitas memadai. Konter tiket rapi, ga bikin bingung pengunjung dan calon penumpang. Pas udah beli tiket, tanya ke bapaknya, ""ini bus nya sebelah mana pak?"", eeh sama bapaknya diantar sampe ke bus. Luar biasaa. Jadi ga kapok kalo pergi sendiri 😆😆😆 kalo cape, ada bangku utk duduk di depan konter tiket.

Kurangnya sih, kok pas saya ke sana skitar pukul 08.30, konter tiket yg jaga hanya ada 2 orang dari belasan konter. Apa itu masih terlalu pagi atau memang kosong? Hehee. Trus katanya lantai 2 masih kosong. Tapi memang untuk terminal besar, suasananya masih sangat sepi. Ga banyak pengunjung atau calon penumpang di jam yang bukan lagi sangat pagi. Itu udah menuju siang sih.

Menuju ke terminal di dalam dr lobi utama, ada ruang tunggu yg luas, tertutup, bangku banyak. Suasana jg ga panas. Ada warung juga di dalam utk bisa kita beli camilan.

Pas masuk dr gerbang utama td, kok kayaknya masuknya jauh, ternyata memang seluas itu ekwk. Tapi ternyata ga gerah karena sekitarnya pohon rindang. Mungkin kalo malam hari bakal sedikit horor juga kali ya? Ya tapi kalo penerangan cukup sih akan eksotis dan indah hihiw.

Ini terminal bus paling bagus, bersih, dan rapi selama saya pernah mengunjungi terminal yg lain. Semoga ke depannya semakin maju 👌",Positif,Merasa excited dan wow nemu terminal cakep begini wkwk Dr luar udah ngerasa kok bagus ada arena bermainnya Pas masuk wow wkwkw Luas sekali  Di depan gedung utama ada bbrp bapak yg nanyain mau kemana mba Pas kita jawab bapaknya langsung ngarahin beli tiketnya ini masuk lalu ke kiri konter nomer sekian mba Baik sih tak pikir calo tiket   Masuk gedung rasa adem Tempatnya juga bersih Fasilitas memadai Konter tiket rapi ga bikin bingung pengunjung dan calon penumpang Pas udah beli tiket tanya ke bapaknya ini bus nya sebelah mana pak eeh sama bapaknya diantar sampe ke bus Luar biasaa Jadi ga kapok kalo pergi sendiri  kalo cape ada bangku utk duduk di depan konter tiket  Kurangnya sih kok pas saya ke sana skitar pukul  konter tiket yg jaga hanya ada  orang dari belasan konter Apa itu masih terlalu pagi atau memang kosong Hehee Trus katanya lantai  masih kosong Tapi memang untuk terminal besar suasananya masih sangat sepi Ga banyak pengunjung atau calon penumpang di jam yang bukan lagi sangat pagi Itu udah menuju siang sih  Menuju ke terminal di dalam dr lobi utama ada ruang tunggu yg luas tertutup bangku banyak Suasana jg ga panas Ada warung juga di dalam utk bisa kita beli camilan  Pas masuk dr gerbang utama td kok kayaknya masuknya jauh ternyata memang seluas itu ekwk Tapi ternyata ga gerah karena sekitarnya pohon rindang Mungkin kalo malam hari bakal sedikit horor juga kali ya Ya tapi kalo penerangan cukup sih akan eksotis dan indah hihiw  Ini terminal bus paling bagus bersih dan rapi selama saya pernah mengunjungi terminal yg lain Semoga ke depannya semakin maju,merasa excited dan wow nemu terminal cakep begini wkwk dr luar udah ngerasa kok bagus ada arena bermainnya pas masuk wow wkwkw luas sekali  di depan gedung utama ada bbrp bapak yg nanyain mau kemana mba pas kita jawab bapaknya langsung ngarahin beli tiketnya ini masuk lalu ke kiri konter nomer sekian mba baik sih tak pikir calo tiket   masuk gedung rasa adem tempatnya juga bersih fasilitas memadai konter tiket rapi ga bikin bingung pengunjung dan calon penumpang pas udah beli tiket tanya ke bapaknya ini bus nya sebelah mana pak eeh sama bapaknya diantar sampe ke bus luar biasaa jadi ga kapok kalo pergi sendiri  kalo cape ada bangku utk duduk di depan konter tiket  kurangnya sih kok pas saya ke sana skitar pukul  konter tiket yg jaga hanya ada  orang dari belasan konter apa itu masih terlalu pagi atau memang kosong hehee trus katanya lantai  masih kosong tapi memang untuk terminal besar suasananya masih sangat sepi ga banyak pengunjung atau calon penumpang di jam yang bukan lagi sangat pagi itu udah menuju siang sih  menuju ke terminal di dalam dr lobi utama ada ruang tunggu yg luas tertutup bangku banyak suasana jg ga panas ada warung juga di dalam utk bisa kita beli camilan  pas masuk dr gerbang utama td kok kayaknya masuknya jauh ternyata memang seluas itu ekwk tapi ternyata ga gerah karena sekitarnya pohon rindang mungkin kalo malam hari bakal sedikit horor juga kali ya ya tapi kalo penerangan cukup sih akan eksotis dan indah hihiw  ini terminal bus paling bagus bersih dan rapi selama saya pernah mengunjungi terminal yg lain semoga ke depannya semakin maju,merasa excited dan wow nemu terminal cakep begini wkwk dari luar sudah merasa kok bagus ada arena bermainnya  ketika masuk wow wkwkw luas sekali di depan gedung utama ada beberapa bapak yang nanyain mau kemana mbak  ketika kita jawab bapaknya langsung ngarahin beli tiketnya ini masuk lalu ke kiri konter nomer sekian mbak baik sih tak pikir calo tiket masuk gedung rasa adem tempatnya juga bersih fasilitas memadai konter tiket rapi enggak bikin bingung pengunjung dan calon penumpang  ketika sudah beli tiket tanya ke bapaknya ini bus nya sebelah mana pak eeh sama bapaknya diantar sampai ke bus luar biasa jadi enggak kapok kalo pergi sendiri kalo capek ada bangku untuk duduk di depan konter tiket kurangnya sih kok  ketika saya ke sana sekitar pukul konter tiket yang jaga hanya ada orang dari belasan konter apa itu masih terlalu pagi atau memang habis hehee terus katanya lantai masih habis tapi memang untuk terminal besar suasananya masih sangat sepi enggak banyak pengunjung atau calon penumpang di jam yang bukan lagi sangat pagi itu sudah menuju siang sih menuju ke terminal di dalam dari lobi utama ada ruang tunggu yang luas tertutup bangku banyak suasana juga enggak panas ada warung juga di dalam untuk bisa kita beli camilan  ketika masuk dari gerbang utama tadi kok kayaknya masuknya jauh ternyata memang seluas itu ekwk tapi ternyata enggak gerah karena sekitarnya pohon rindang mungkin kalo malam hari bakal sedikit horor juga kali ya ya tapi kalo penerangan cukup sih akan eksotis dan indah hihiw ini terminal bus paling bagus bersih dan rapi selama saya pernah mengunjungi terminal yang lain semoga ke depannya semakin maju,rasa excited dan wow nemu terminal cakep begini wkwk dari luar sudah rasa kok bagus ada arena main ketika masuk wow wkwkw luas sekali di depan gedung utama ada beberapa bapak yang nanyain mau mana mbak ketika kita jawab bapak langsung ngarahin beli tiket ini masuk lalu ke kiri konter nomer sekian mbak baik sih tak pikir calo tiket masuk gedung rasa adem tempat juga bersih fasilitas pada konter tiket rapi enggak bikin bingung unjung dan calon tumpang ketika sudah beli tiket tanya ke bapak ini bus nya belah mana pak eeh sama bapak antar sampai ke bus luar biasa jadi enggak kapok kalo pergi sendiri kalo capek ada bangku untuk duduk di depan konter tiket kurang sih kok ketika saya ke sana sekitar pukul konter tiket yang jaga hanya ada orang dari bas konter apa itu masih terlalu pagi atau memang habis hehee terus kata lantai masih habis tapi memang untuk terminal besar suasana masih sangat sepi enggak banyak unjung atau calon tumpang di jam yang bukan lagi sangat pagi itu sudah tuju siang sih tuju ke terminal di dalam dari lobi utama ada ruang tunggu yang luas tutup bangku banyak suasana juga enggak panas ada warung juga di dalam untuk bisa kita beli camil ketika masuk dari gerbang utama tadi kok kayak masuk jauh nyata memang luas itu ekwk tapi nyata enggak gerah karena sekitar pohon rindang mungkin kalo malam hari bakal sedikit horor juga kali ya ya tapi kalo terang cukup sih akan eksotis dan indah hihiw ini terminal bus paling bagus bersih dan rapi lama saya pernah unjung terminal yang lain moga ke depan makin maju,"['rasa', 'excited', 'dan', 'wow', 'nemu', 'terminal', 'cakep', 'begini', 'wkwk', 'dari', 'luar', 'sudah', 'rasa', 'kok', 'bagus', 'ada', 'arena', 'main', 'ketika', 'masuk', 'wow', 'wkwkw', 'luas', 'sekali', 'di', 'depan', 'gedung', 'utama', 'ada', 'beberapa', 'bapak', 'yang', 'nanyain', 'mau', 'mana', 'mbak', 'ketika', 'kita', 'jawab', 'bapak', 'langsung', 'ngarahin', 'beli', 'tiket', 'ini', 'masuk', 'lalu', 'ke', 'kiri', 'konter', 'nomer', 'sekian', 'mbak', 'baik', 'sih', 'tak', 'pikir', 'calo', 'tiket', 'masuk', 'gedung', 'rasa', 'adem', 'tempat', 'juga', 'bersih', 'fasilitas', 'pada', 'konter', 'tiket', 'rapi', 'enggak', 'bikin', 'bingung', 'unjung', 'dan', 'calon', 'tumpang', 'ketika', 'sudah', 'beli', 'tiket', 'tanya', 'ke', 'bapak', 'ini', 'bus', 'nya', 'belah', 'mana', 'pak', 'eeh', 'sama', 'bapak', 'antar', 'sampai', 'ke', 'bus', 'luar', 'biasa', 'jadi', 'enggak', 'kapok', 'kalo', 'pergi', 'sendiri', 'kalo', 'capek', 'ada', 'bangku', 'untuk', 'duduk', 'di', 'depan', 'konter', 'tiket', 'kurang', 'sih', 'kok', 'ketika', 'saya', 'ke', 'sana', 'sekitar', 'pukul', 'konter', 'tiket', 'yang', 'jaga', 'hanya', 'ada', 'orang', 'dari', 'bas', 'konter', 'apa', 'itu', 'masih', 'terlalu', 'pagi', 'atau', 'memang', 'habis', 'hehee', 'terus', 'kata', 'lantai', 'masih', 'habis', 'tapi', 'memang', 'untuk', 'terminal', 'besar', 'suasana', 'masih', 'sangat', 'sepi', 'enggak', 'banyak', 'unjung', 'atau', 'calon', 'tumpang', 'di', 'jam', 'yang', 'bukan', 'lagi', 'sangat', 'pagi', 'itu', 'sudah', 'tuju', 'siang', 'sih', 'tuju', 'ke', 'terminal', 'di', 'dalam', 'dari', 'lobi', 'utama', 'ada', 'ruang', 'tunggu', 'yang', 'luas', 'tutup', 'bangku', 'banyak', 'suasana', 'juga', 'enggak', 'panas', 'ada', 'warung', 'juga', 'di', 'dalam', 'untuk', 'bisa', 'kita', 'beli', 'camil', 'ketika', 'masuk', 'dari', 'gerbang', 'utama', 'tadi', 'kok', 'kayak', 'masuk', 'jauh', 'nyata', 'memang', 'luas', 'itu', 'ekwk', 'tapi', 'nyata', 'enggak', 'gerah', 'karena', 'sekitar', 'pohon', 'rindang', 'mungkin', 'kalo', 'malam', 'hari', 'bakal', 'sedikit', 'horor', 'juga', 'kali', 'ya', 'ya', 'tapi', 'kalo', 'terang', 'cukup', 'sih', 'akan', 'eksotis', 'dan', 'indah', 'hihiw', 'ini', 'terminal', 'bus', 'paling', 'bagus', 'bersih', 'dan', 'rapi', 'lama', 'saya', 'pernah', 'unjung', 'terminal', 'yang', 'lain', 'moga', 'ke', 'depan', 'makin', 'maju']","['excited', 'wow', 'nemu', 'terminal', 'cakep', 'wkwk', 'bagus', 'arena', 'main', 'masuk', 'wow', 'wkwkw', 'luas', 'gedung', 'utama', 'nanyain', 'mbak', 'langsung', 'ngarahin', 'beli', 'tiket', 'masuk', 'kiri', 'konter', 'nomer', 'sekian', 'mbak', 'tak', 'pikir', 'calo', 'tiket', 'masuk', 'gedung', 'adem', 'bersih', 'fasilitas', 'konter', 'tiket', 'rapi', 'bikin', 'bingung', 'unjung', 'calon', 'tumpang', 'beli', 'tiket', 'bus', 'belah', 'eeh', 'bus', 'kapok', 'kalo', 'pergi', 'kalo', 'capek', 'bangku', 'duduk', 'konter', 'tiket', 'konter', 'tiket', 'jaga', 'orang', 'bas', 'konter', 'pagi', 'habis', 'hehee', 'lantai', 'habis', 'terminal', 'suasana', 'sepi', 'unjung', 'calon', 'tumpang', 'jam', 'pagi', 'tuju', 'siang', 'tuju', 'terminal', 'lobi', 'utama', 'ruang', 'tunggu', 'luas', 'tutup', 'bangku', 'suasana', 'panas', 'warung', 'beli', 'camil', 'masuk', 'gerbang', 'utama', 'kayak', 'masuk', 'nyata', 'luas', 'ekwk', 'nyata', 'gerah', 'pohon', 'rindang', 'kalo', 'malam', 'horor', 'kali', 'kalo', 'terang', 'eksotis', 'indah', 'hihiw', 'terminal', 'bus', 'bagus', 'bersih', 'rapi', 'unjung', 'terminal', 'moga', 'maju']",excited wow nemu terminal cakep wkwk bagus arena main masuk wow wkwkw luas gedung utama nanyain mbak langsung ngarahin beli tiket masuk kiri konter nomer sekian mbak tak pikir calo tiket masuk gedung adem bersih fasilitas konter tiket rapi bikin bingung unjung calon tumpang beli tiket bus belah eeh bus kapok kalo pergi kalo capek bangku duduk konter tiket konter tiket jaga orang bas konter pagi habis hehee lantai habis terminal suasana sepi unjung calon tumpang jam pagi tuju siang tuju terminal lobi utama ruang tunggu luas tutup bangku suasana panas warung beli camil masuk gerbang utama kayak masuk nyata luas ekwk nyata gerah pohon rindang kalo malam horor kali kalo terang eksotis indah hihiw terminal bus bagus bersih rapi unjung terminal moga maju
74,Terminal Bulupitu Purwokerto,A W,5,👍,Positif,,,,,[],[],
75,Terminal Bulupitu Purwokerto,Willy Mahambara,5,warung nasi sederhana..legend.,Positif,warung nasi sederhanalegend,warung nasi sederhanalegend,warung nasi  sederhana legenda	,warung nasi sederhana legenda,"['warung', 'nasi', 'sederhana', 'legenda']","['warung', 'nasi', 'sederhana', 'legenda']",warung nasi sederhana legenda
76,Terminal Bulupitu Purwokerto,andy septo,5,"tempatnya luas,tertata rapi,bersih dan nyaman",Positif,tempatnya luastertata rapibersih dan nyaman,tempatnya luastertata rapibersih dan nyaman,tempatnya luastertata rapibersih dan nyaman,tempat luastertata rapibersih dan nyaman,"['tempat', 'luastertata', 'rapibersih', 'dan', 'nyaman']","['luastertata', 'rapibersih', 'nyaman']",luastertata rapibersih nyaman
77,Terminal Bulupitu Purwokerto,Puji Adhani,5,Tempatnya bagus bersih,Positif,Tempatnya bagus bersih,tempatnya bagus bersih,tempatnya bagus bersih,tempat bagus bersih,"['tempat', 'bagus', 'bersih']","['bagus', 'bersih']",bagus bersih
78,Terminal Bulupitu Purwokerto,Teguh Widodo,5,Toilet kurang bersih......,Positif,Toilet kurang bersih,toilet kurang bersih,toilet kurang bersih,toilet kurang bersih,"['toilet', 'kurang', 'bersih']","['toilet', 'bersih']",toilet bersih
79,Terminal Bulupitu Purwokerto,tuti titu,5,Sekarang lebih bersih dan tertata. Pertahankan ya...,Positif,Sekarang lebih bersih dan tertata Pertahankan ya,sekarang lebih bersih dan tertata pertahankan ya,sekarang lebih bersih dan tertata pertahankan ya,sekarang lebih bersih dan tata tahan ya,"['sekarang', 'lebih', 'bersih', 'dan', 'tata', 'tahan', 'ya']","['bersih', 'tata', 'tahan']",bersih tata tahan
80,Terminal Bulupitu Purwokerto,Juni Setiyo Wahyudi,5,Kerennnn,Positif,Kerennnn,kerennnn,keren,keren,['keren'],['keren'],keren
81,Terminal Bulupitu Purwokerto,Baan singh,5,Luas nyaman dan bersih,Positif,Luas nyaman dan bersih,luas nyaman dan bersih,luas nyaman dan bersih,luas nyaman dan bersih,"['luas', 'nyaman', 'dan', 'bersih']","['luas', 'nyaman', 'bersih']",luas nyaman bersih
82,Terminal Bulupitu Purwokerto,Muh Annas Sidik,5,"Terminalnya bagus, selain itu juga terdapat tempat bermain untuk anak-anaknnya",Positif,Terminalnya bagus selain itu juga terdapat tempat bermain untuk anakanaknnya,terminalnya bagus selain itu juga terdapat tempat bermain untuk anakanaknnya,terminalnya bagus selain itu juga terdapat tempat bermain untuk anakanaknnya,terminal bagus selain itu juga dapat tempat main untuk anakanaknnya,"['terminal', 'bagus', 'selain', 'itu', 'juga', 'dapat', 'tempat', 'main', 'untuk', 'anakanaknnya']","['terminal', 'bagus', 'main', 'anakanaknnya']",terminal bagus main anakanaknnya
83,Terminal Bulupitu Purwokerto,Muamar Sabilul,5,"Cukup Bersih, rapih, tertib",Positif,Cukup Bersih rapih tertib,cukup bersih rapih tertib,cukup bersih rapi tertib,cukup bersih rapi tertib,"['cukup', 'bersih', 'rapi', 'tertib']","['bersih', 'rapi', 'tertib']",bersih rapi tertib
84,Terminal Bulupitu Purwokerto,aud stiunger,4,Mesjidnya terlalu jauh .. sulit diakses..,Positif,Mesjidnya terlalu jauh  sulit diakses,mesjidnya terlalu jauh  sulit diakses,mesjidnya terlalu jauh sulit diakses,mesjid terlalu jauh sulit akses,"['mesjid', 'terlalu', 'jauh', 'sulit', 'akses']","['mesjid', 'sulit', 'akses']",mesjid sulit akses
85,Terminal Bulupitu Purwokerto,Ali Khamdani,5,Ok,Positif,Ok,ok,ok,ok,['ok'],['ok'],ok
86,Terminal Bulupitu Purwokerto,fuad mahrus azuhri,5,waktu itu ada ibu² mau ke Ajibarang naik trans jateng,Positif,waktu itu ada ibu² mau ke Ajibarang naik trans jateng,waktu itu ada ibu² mau ke ajibarang naik trans jateng,waktu itu ada ibu² mau ke ajibarang naik trans jateng,waktu itu ada ibu mau ke ajibarang naik trans jateng,"['waktu', 'itu', 'ada', 'ibu', 'mau', 'ke', 'ajibarang', 'naik', 'trans', 'jateng']","['ajibarang', 'trans', 'jateng']",ajibarang trans jateng
87,Terminal Bulupitu Purwokerto,Alvin Muhamad,5,"Pelayanan dan fasilitas kini semakin bagus, banyak tempat sedang di perbaiki, namun masih banyak maraknya para calo yang meresahkan penumpang yang mana karna calo tsb penumpang harus merogoh kocek lebih daripada umumnya.
Harga transportasi kini kian naik karna sepinya penumpang dan ekonomi dunia.
Dan yang terakhir masih banyak dijumpai di bus akdp para preman yang gagah berani melakukan aksi pungli.",Positif,Pelayanan dan fasilitas kini semakin bagus banyak tempat sedang di perbaiki namun masih banyak maraknya para calo yang meresahkan penumpang yang mana karna calo tsb penumpang harus merogoh kocek lebih daripada umumnya Harga transportasi kini kian naik karna sepinya penumpang dan ekonomi dunia Dan yang terakhir masih banyak dijumpai di bus akdp para preman yang gagah berani melakukan aksi pungli,pelayanan dan fasilitas kini semakin bagus banyak tempat sedang di perbaiki namun masih banyak maraknya para calo yang meresahkan penumpang yang mana karna calo tsb penumpang harus merogoh kocek lebih daripada umumnya harga transportasi kini kian naik karna sepinya penumpang dan ekonomi dunia dan yang terakhir masih banyak dijumpai di bus akdp para preman yang gagah berani melakukan aksi pungli,pelayanan dan fasilitas kini semakin bagus banyak tempat sedang di perbaiki namun masih banyak maraknya para calo yang meresahkan penumpang yang mana karena calo tersebut penumpang harus merogoh kocek lebih daripada umumnya harga transportasi kini kian naik karena sepinya penumpang dan ekonomi dunia dan yang terakhir masih banyak dijumpai di bus akdp para preman yang gagah berani melakukan aksi pungli,layan dan fasilitas kini makin bagus banyak tempat sedang di baik namun masih banyak marak para calo yang resah tumpang yang mana karena calo sebut tumpang harus rogoh kocek lebih daripada umum harga transportasi kini kian naik karena sepi tumpang dan ekonomi dunia dan yang akhir masih banyak jumpa di bus akdp para preman yang gagah berani laku aksi pungli,"['layan', 'dan', 'fasilitas', 'kini', 'makin', 'bagus', 'banyak', 'tempat', 'sedang', 'di', 'baik', 'namun', 'masih', 'banyak', 'marak', 'para', 'calo', 'yang', 'resah', 'tumpang', 'yang', 'mana', 'karena', 'calo', 'sebut', 'tumpang', 'harus', 'rogoh', 'kocek', 'lebih', 'daripada', 'umum', 'harga', 'transportasi', 'kini', 'kian', 'naik', 'karena', 'sepi', 'tumpang', 'dan', 'ekonomi', 'dunia', 'dan', 'yang', 'akhir', 'masih', 'banyak', 'jumpa', 'di', 'bus', 'akdp', 'para', 'preman', 'yang', 'gagah', 'berani', 'laku', 'aksi', 'pungli']","['layan', 'fasilitas', 'bagus', 'marak', 'calo', 'resah', 'tumpang', 'calo', 'tumpang', 'rogoh', 'kocek', 'harga', 'transportasi', 'kian', 'sepi', 'tumpang', 'ekonomi', 'dunia', 'jumpa', 'bus', 'akdp', 'preman', 'gagah', 'berani', 'laku', 'aksi', 'pungli']",layan fasilitas bagus marak calo resah tumpang calo tumpang rogoh kocek harga transportasi kian sepi tumpang ekonomi dunia jumpa bus akdp preman gagah berani laku aksi pungli
88,Terminal Bulupitu Purwokerto,punky purnomo,4,Termibal bus akap dan aldp..jg angkutan dlm kota yg bagus..luas..ada taman bermain bwt santai sejenak,Positif,Termibal bus akap dan aldpjg angkutan dlm kota yg bagusluasada taman bermain bwt santai sejenak,termibal bus akap dan aldpjg angkutan dlm kota yg bagusluasada taman bermain bwt santai sejenak,termibal bus akap dan aldpjg angkutan dalam kota yang bagusluasada taman bermain buat santai sejenak,termibal bus akap dan aldpjg angkut dalam kota yang bagusluasada taman main buat santai jenak,"['termibal', 'bus', 'akap', 'dan', 'aldpjg', 'angkut', 'dalam', 'kota', 'yang', 'bagusluasada', 'taman', 'main', 'buat', 'santai', 'jenak']","['termibal', 'bus', 'akap', 'aldpjg', 'angkut', 'kota', 'bagusluasada', 'taman', 'main', 'santai', 'jenak']",termibal bus akap aldpjg angkut kota bagusluasada taman main santai jenak
89,Terminal Bulupitu Purwokerto,agus mutoif,5,Luas,Positif,Luas,luas,luas,luas,['luas'],['luas'],luas
90,Terminal Bulupitu Purwokerto,Ratih Wahyuningsih,5,"Ruang tunggu yang nyaman, Kamar mandi dan Musholla bersih. Mantapp",Positif,Ruang tunggu yang nyaman Kamar mandi dan Musholla bersih Mantapp,ruang tunggu yang nyaman kamar mandi dan musholla bersih mantapp,ruang tunggu yang nyaman kamar mandi dan musholla bersih mantap,ruang tunggu yang nyaman kamar mandi dan musholla bersih mantap,"['ruang', 'tunggu', 'yang', 'nyaman', 'kamar', 'mandi', 'dan', 'musholla', 'bersih', 'mantap']","['ruang', 'tunggu', 'nyaman', 'kamar', 'mandi', 'musholla', 'bersih', 'mantap']",ruang tunggu nyaman kamar mandi musholla bersih mantap
91,Terminal Bulupitu Purwokerto,Indra Zakaria,4,Bersih nyaman...,Positif,Bersih nyaman,bersih nyaman,bersih nyaman,bersih nyaman,"['bersih', 'nyaman']","['bersih', 'nyaman']",bersih nyaman
92,Terminal Bulupitu Purwokerto,Yudi Koswara,5,"Udah bagus
Bersih.
Yang kurang cuma fasilitas ATM nya enggak ada",Positif,Udah bagus Bersih Yang kurang cuma fasilitas ATM nya enggak ada,udah bagus bersih yang kurang cuma fasilitas atm nya enggak ada,sudah bagus bersih yang kurang cuma fasilitas atm nya enggak ada,sudah bagus bersih yang kurang cuma fasilitas atm nya enggak ada,"['sudah', 'bagus', 'bersih', 'yang', 'kurang', 'cuma', 'fasilitas', 'atm', 'nya', 'enggak', 'ada']","['bagus', 'bersih', 'fasilitas', 'atm']",bagus bersih fasilitas atm
93,Terminal Bulupitu Purwokerto,Ada Ada Aja,5,Bagus,Positif,Bagus,bagus,bagus,bagus,['bagus'],['bagus'],bagus
94,Terminal Bulupitu Purwokerto,Eka Prayoga,5,Sepi penumpang,Positif,Sepi penumpang,sepi penumpang,sepi penumpang,sepi tumpang,"['sepi', 'tumpang']","['sepi', 'tumpang']",sepi tumpang
95,Terminal Bulupitu Purwokerto,Faiq Iskandar,5,Bersih rapi nyaman pokonya bestie....saranku belilah dg menanyakan harga dulu utk minuman kemasan/kopi...,Positif,Bersih rapi nyaman pokonya bestiesaranku belilah dg menanyakan harga dulu utk minuman kemasankopi,bersih rapi nyaman pokonya bestiesaranku belilah dg menanyakan harga dulu utk minuman kemasankopi,bersih rapi nyaman pokoknya bestiesaranku belilah dengan menanyakan harga dulu untuk minuman kemasankopi,bersih rapi nyaman pokok bestiesaranku bilah dengan tanya harga dulu untuk minum kemasankopi,"['bersih', 'rapi', 'nyaman', 'pokok', 'bestiesaranku', 'bilah', 'dengan', 'tanya', 'harga', 'dulu', 'untuk', 'minum', 'kemasankopi']","['bersih', 'rapi', 'nyaman', 'pokok', 'bestiesaranku', 'bilah', 'harga', 'minum', 'kemasankopi']",bersih rapi nyaman pokok bestiesaranku bilah harga minum kemasankopi
96,Terminal Bulupitu Purwokerto,mfauzi prasetyo,5,Naik bus sugeng rahayu dari sby - pwt krunya ramah2 + komunikatif recom bus sby - pwt,Positif,Naik bus sugeng rahayu dari sby  pwt krunya ramah  komunikatif recom bus sby  pwt,naik bus sugeng rahayu dari sby  pwt krunya ramah  komunikatif recom bus sby  pwt,naik bus sugeng rahayu dari surabaya pwt krunya ramah komunikatif recom bus surabaya pwt,naik bus sugeng rahayu dari surabaya pwt kru ramah komunikatif recom bus surabaya pwt,"['naik', 'bus', 'sugeng', 'rahayu', 'dari', 'surabaya', 'pwt', 'kru', 'ramah', 'komunikatif', 'recom', 'bus', 'surabaya', 'pwt']","['bus', 'sugeng', 'rahayu', 'surabaya', 'pwt', 'kru', 'ramah', 'komunikatif', 'recom', 'bus', 'surabaya', 'pwt']",bus sugeng rahayu surabaya pwt kru ramah komunikatif recom bus surabaya pwt
97,Terminal Bulupitu Purwokerto,Herman Subekhi,5,"Tempatnya luas dan nyaman. Ramai dan ramah. Fasilitas publik memadai, makanan dan minuman dan juga kedai oleh2 pun ada.",Positif,Tempatnya luas dan nyaman Ramai dan ramah Fasilitas publik memadai makanan dan minuman dan juga kedai oleh pun ada,tempatnya luas dan nyaman ramai dan ramah fasilitas publik memadai makanan dan minuman dan juga kedai oleh pun ada,tempatnya luas dan nyaman ramai dan ramah fasilitas publik memadai makanan dan minuman dan juga kedai oleh pun ada,tempat luas dan nyaman ramai dan ramah fasilitas publik pada makan dan minum dan juga kedai oleh pun ada,"['tempat', 'luas', 'dan', 'nyaman', 'ramai', 'dan', 'ramah', 'fasilitas', 'publik', 'pada', 'makan', 'dan', 'minum', 'dan', 'juga', 'kedai', 'oleh', 'pun', 'ada']","['luas', 'nyaman', 'ramai', 'ramah', 'fasilitas', 'publik', 'makan', 'minum', 'kedai']",luas nyaman ramai ramah fasilitas publik makan minum kedai
98,Terminal Bulupitu Purwokerto,Ase Roso,5,"Pertama menginjakan kaki di terminal kamrin sepulang dr NTT.nyamp pwt jm 12 mlm sudh tdk ada bis arah bnjarnegra,mau2 tdk mau nginep d trminal.tp alhamdulillah aman,tukang ojek pun ramah2.jd jgn khawtr klu yg trpksa mw nginepnd trmnl pwkt,pasti aman.",Positif,Pertama menginjakan kaki di terminal kamrin sepulang dr NTTnyamp pwt jm  mlm sudh tdk ada bis arah bnjarnegramau tdk mau nginep d trminaltp alhamdulillah amantukang ojek pun ramahjd jgn khawtr klu yg trpksa mw nginepnd trmnl pwktpasti aman,pertama menginjakan kaki di terminal kamrin sepulang dr nttnyamp pwt jm  mlm sudh tdk ada bis arah bnjarnegramau tdk mau nginep d trminaltp alhamdulillah amantukang ojek pun ramahjd jgn khawtr klu yg trpksa mw nginepnd trmnl pwktpasti aman,pertama menginjakan kaki di terminal kamrin sepulang dari nttnyamp pwt jm malam sudah tidak ada bis arah bnjarnegramau tidak mau nginep di trminaltp alhamdulillah amantukang ojek pun ramahjd jangan khawtr kalau yang trpksa mau nginepnd trmnl pwktpasti aman,pertama kinja kaki di terminal kamrin pulang dari nttnyamp pwt jm malam sudah tidak ada bis arah bnjarnegramau tidak mau nginep di trminaltp alhamdulillah amantukang ojek pun ramahjd jangan khawtr kalau yang trpksa mau nginepnd trmnl pwktpasti aman,"['pertama', 'kinja', 'kaki', 'di', 'terminal', 'kamrin', 'pulang', 'dari', 'nttnyamp', 'pwt', 'jm', 'malam', 'sudah', 'tidak', 'ada', 'bis', 'arah', 'bnjarnegramau', 'tidak', 'mau', 'nginep', 'di', 'trminaltp', 'alhamdulillah', 'amantukang', 'ojek', 'pun', 'ramahjd', 'jangan', 'khawtr', 'kalau', 'yang', 'trpksa', 'mau', 'nginepnd', 'trmnl', 'pwktpasti', 'aman']","['kinja', 'kaki', 'terminal', 'kamrin', 'pulang', 'nttnyamp', 'pwt', 'jm', 'malam', 'tidak', 'bis', 'arah', 'bnjarnegramau', 'tidak', 'nginep', 'trminaltp', 'alhamdulillah', 'amantukang', 'ojek', 'ramahjd', 'khawtr', 'trpksa', 'nginepnd', 'trmnl', 'pwktpasti', 'aman']",kinja kaki terminal kamrin pulang nttnyamp pwt jm malam tidak bis arah bnjarnegramau tidak nginep trminaltp alhamdulillah amantukang ojek ramahjd khawtr trpksa nginepnd trmnl pwktpasti aman
99,Terminal Bulupitu Purwokerto,Arif Fauji,5,Mantap jos,Positif,Mantap jos,mantap jos,mantap jos,mantap jos,"['mantap', 'jos']","['mantap', 'jos']",mantap jos
100,Terminal Bulupitu Purwokerto,Sarwinem Bms,1,Sekarang terminalnya bagus ya.,Negatif,Sekarang terminalnya bagus ya,sekarang terminalnya bagus ya,sekarang terminalnya bagus ya,sekarang terminal bagus ya,"['sekarang', 'terminal', 'bagus', 'ya']","['terminal', 'bagus']",terminal bagus
101,Terminal Bulupitu Purwokerto,Sohib,5,Perfecto,Positif,Perfecto,perfecto,perfecto,perfecto,['perfecto'],['perfecto'],perfecto
102,Terminal Bulupitu Purwokerto,Fari Farizy,5,Jauh lebih nyaman sekarang,Positif,Jauh lebih nyaman sekarang,jauh lebih nyaman sekarang,jauh lebih nyaman sekarang,jauh lebih nyaman sekarang,"['jauh', 'lebih', 'nyaman', 'sekarang']",['nyaman'],nyaman
103,Terminal Bulupitu Purwokerto,nur fauzan,5,Bersih,Positif,Bersih,bersih,bersih,bersih,['bersih'],['bersih'],bersih
104,Terminal Bulupitu Purwokerto,pandu mahendra,5,Banyak perubahan positif...,Positif,Banyak perubahan positif,banyak perubahan positif,banyak perubahan positif,banyak ubah positif,"['banyak', 'ubah', 'positif']","['ubah', 'positif']",ubah positif
105,Terminal Bulupitu Purwokerto,Aldy Saputra,5,Terminal bersih dan teratur,Positif,Terminal bersih dan teratur,terminal bersih dan teratur,terminal bersih dan teratur,terminal bersih dan atur,"['terminal', 'bersih', 'dan', 'atur']","['terminal', 'bersih', 'atur']",terminal bersih atur
106,Terminal Bulupitu Purwokerto,Idr __,5,Bersih Rapih Fasilitas Ruang Makan Istirahat Dan Toilet Juga Sangat Bersih,Positif,Bersih Rapih Fasilitas Ruang Makan Istirahat Dan Toilet Juga Sangat Bersih,bersih rapih fasilitas ruang makan istirahat dan toilet juga sangat bersih,bersih rapi fasilitas ruang makan istirahat dan toilet juga sangat bersih,bersih rapi fasilitas ruang makan istirahat dan toilet juga sangat bersih,"['bersih', 'rapi', 'fasilitas', 'ruang', 'makan', 'istirahat', 'dan', 'toilet', 'juga', 'sangat', 'bersih']","['bersih', 'rapi', 'fasilitas', 'ruang', 'makan', 'istirahat', 'toilet', 'bersih']",bersih rapi fasilitas ruang makan istirahat toilet bersih
107,Terminal Bulupitu Purwokerto,Muftia Umami,5,Udah keren bgt sekaraang mantap,Positif,Udah keren bgt sekaraang mantap,udah keren bgt sekaraang mantap,sudah keren banget sekaraang mantap,sudah keren banget sekaraang mantap,"['sudah', 'keren', 'banget', 'sekaraang', 'mantap']","['keren', 'banget', 'sekaraang', 'mantap']",keren banget sekaraang mantap
108,Terminal Bulupitu Purwokerto,Teguh Riyadi,5,"Terminal sdh bnyk sekali perubahan ke yg lebih baik, bangunan setalah renovasi jd lebih bagus",Positif,Terminal sdh bnyk sekali perubahan ke yg lebih baik bangunan setalah renovasi jd lebih bagus,terminal sdh bnyk sekali perubahan ke yg lebih baik bangunan setalah renovasi jd lebih bagus,terminal sudah banyak sekali perubahan ke yang lebih baik bangunan setalah renovasi jadi lebih bagus,terminal sudah banyak sekali ubah ke yang lebih baik bangun seta renovasi jadi lebih bagus,"['terminal', 'sudah', 'banyak', 'sekali', 'ubah', 'ke', 'yang', 'lebih', 'baik', 'bangun', 'seta', 'renovasi', 'jadi', 'lebih', 'bagus']","['terminal', 'ubah', 'bangun', 'seta', 'renovasi', 'bagus']",terminal ubah bangun seta renovasi bagus
109,Terminal Bulupitu Purwokerto,Suhendra,5,"Terminal cukup bersih dan nyaman, banyak pohon jadi ga terlalu panas.",Positif,Terminal cukup bersih dan nyaman banyak pohon jadi ga terlalu panas,terminal cukup bersih dan nyaman banyak pohon jadi ga terlalu panas,terminal cukup bersih dan nyaman banyak pohon jadi enggak terlalu panas,terminal cukup bersih dan nyaman banyak pohon jadi enggak terlalu panas,"['terminal', 'cukup', 'bersih', 'dan', 'nyaman', 'banyak', 'pohon', 'jadi', 'enggak', 'terlalu', 'panas']","['terminal', 'bersih', 'nyaman', 'pohon', 'panas']",terminal bersih nyaman pohon panas
110,Terminal Bulupitu Purwokerto,miftakh udin,5,Aman,Positif,Aman,aman,aman,aman,['aman'],['aman'],aman
111,Terminal Bulupitu Purwokerto,febriyan freez,5,"aman,asal masih di dalam trminal,fasilitas lengkap,pilihan busnya pun lumayan banyak dg berbagai kota tujuan",Positif,amanasal masih di dalam trminalfasilitas lengkappilihan busnya pun lumayan banyak dg berbagai kota tujuan,amanasal masih di dalam trminalfasilitas lengkappilihan busnya pun lumayan banyak dg berbagai kota tujuan,amanasal masih di dalam trminalfasilitas lengkappilihan busnya pun lumayan banyak dengan berbagai kota tujuan,amanasal masih di dalam trminalfasilitas lengkappilihan bus pun lumayan banyak dengan bagai kota tuju,"['amanasal', 'masih', 'di', 'dalam', 'trminalfasilitas', 'lengkappilihan', 'bus', 'pun', 'lumayan', 'banyak', 'dengan', 'bagai', 'kota', 'tuju']","['amanasal', 'trminalfasilitas', 'lengkappilihan', 'bus', 'lumayan', 'kota', 'tuju']",amanasal trminalfasilitas lengkappilihan bus lumayan kota tuju
112,Terminal Bulupitu Purwokerto,Galih Alfarizi,5,"Bersih, nyaman, udh ga kaya dulu",Positif,Bersih nyaman udh ga kaya dulu,bersih nyaman udh ga kaya dulu,bersih nyaman sudah enggak kayak dulu,bersih nyaman sudah enggak kayak dulu,"['bersih', 'nyaman', 'sudah', 'enggak', 'kayak', 'dulu']","['bersih', 'nyaman', 'kayak']",bersih nyaman kayak
113,Terminal Bulupitu Purwokerto,Giar Mugiana,4,Ok,Positif,Ok,ok,ok,ok,['ok'],['ok'],ok
114,Terminal Bulupitu Purwokerto,Sevi Rahmawati,5,"Terminalnya bagus, tapi untuk foodcourt belum jadi",Positif,Terminalnya bagus tapi untuk foodcourt belum jadi,terminalnya bagus tapi untuk foodcourt belum jadi,terminalnya bagus tapi untuk foodcourt belum jadi,terminal bagus tapi untuk foodcourt belum jadi,"['terminal', 'bagus', 'tapi', 'untuk', 'foodcourt', 'belum', 'jadi']","['terminal', 'bagus', 'foodcourt']",terminal bagus foodcourt
115,Terminal Bulupitu Purwokerto,Iwan Setiawan,4,bagus rapi luas enak tempatnya..aman nyaman,Positif,bagus rapi luas enak tempatnyaaman nyaman,bagus rapi luas enak tempatnyaaman nyaman,bagus rapi luas enak tempatnyaaman nyaman,bagus rapi luas enak tempatnyaaman nyaman,"['bagus', 'rapi', 'luas', 'enak', 'tempatnyaaman', 'nyaman']","['bagus', 'rapi', 'luas', 'enak', 'tempatnyaaman', 'nyaman']",bagus rapi luas enak tempatnyaaman nyaman
116,Terminal Bulupitu Purwokerto,Pusat Jual Beli Aki Mobil Karangklesem,5,Otw wonosobo dgn bus andalan😉,Positif,Otw wonosobo dgn bus andalan,otw wonosobo dgn bus andalan,otw wonosobo dengan bus andalan,otw wonosobo dengan bus andal,"['otw', 'wonosobo', 'dengan', 'bus', 'andal']","['otw', 'wonosobo', 'bus', 'andal']",otw wonosobo bus andal
117,Terminal Bulupitu Purwokerto,Zev Dawai,4,Tempat tunggunya nyaman,Positif,Tempat tunggunya nyaman,tempat tunggunya nyaman,tempat tunggunya nyaman,tempat tunggu nyaman,"['tempat', 'tunggu', 'nyaman']","['tunggu', 'nyaman']",tunggu nyaman
118,Terminal Bulupitu Purwokerto,pandu aisy,5,Sepi pengunjung,Positif,Sepi pengunjung,sepi pengunjung,sepi pengunjung,sepi unjung,"['sepi', 'unjung']","['sepi', 'unjung']",sepi unjung
119,Terminal Bulupitu Purwokerto,Diaztito.,5,Terminal terbesar di Purwokerto,Positif,Terminal terbesar di Purwokerto,terminal terbesar di purwokerto,terminal terbesar di purwokerto,terminal besar di purwokerto,"['terminal', 'besar', 'di', 'purwokerto']","['terminal', 'purwokerto']",terminal purwokerto
120,Terminal Bulupitu Purwokerto,Tuty Monica,4,"As bus terminal for us having rest/meal on the way, facilities is OK.",Positif,As bus terminal for us having restmeal on the way facilities is OK,as bus terminal for us having restmeal on the way facilities is ok,as bus terminal for us having restmeal on the way facilities is ok,as bus terminal for us having restmeal on the way facilities is ok,"['as', 'bus', 'terminal', 'for', 'us', 'having', 'restmeal', 'on', 'the', 'way', 'facilities', 'is', 'ok']","['bus', 'terminal', 'us', 'restmeal', 'way', 'facilities', 'ok']",bus terminal us restmeal way facilities ok
121,Terminal Bulupitu Purwokerto,Bangun Prabowo,4,"Terminal dg fasilitas publik yang cukup lengkap, ruang tunggu yang bersih, rapi, tempat parkir luas, taman bermain anak, tempat ibadah, toilet bersih dan gratis, membuat nyaman. Tapi akses jalan dari satu tempat ke tempat lain kurang praktis, masih harus berputar-putar.",Positif,Terminal dg fasilitas publik yang cukup lengkap ruang tunggu yang bersih rapi tempat parkir luas taman bermain anak tempat ibadah toilet bersih dan gratis membuat nyaman Tapi akses jalan dari satu tempat ke tempat lain kurang praktis masih harus berputarputar,terminal dg fasilitas publik yang cukup lengkap ruang tunggu yang bersih rapi tempat parkir luas taman bermain anak tempat ibadah toilet bersih dan gratis membuat nyaman tapi akses jalan dari satu tempat ke tempat lain kurang praktis masih harus berputarputar,terminal dengan fasilitas publik yang cukup lengkap ruang tunggu yang bersih rapi tempat parkir luas taman bermain anak tempat ibadah toilet bersih dan gratis membuat nyaman tapi akses jalan dari satu tempat ke tempat lain kurang praktis masih harus berputarputar,terminal dengan fasilitas publik yang cukup lengkap ruang tunggu yang bersih rapi tempat parkir luas taman main anak tempat ibadah toilet bersih dan gratis buat nyaman tapi akses jalan dari satu tempat ke tempat lain kurang praktis masih harus berputarputar,"['terminal', 'dengan', 'fasilitas', 'publik', 'yang', 'cukup', 'lengkap', 'ruang', 'tunggu', 'yang', 'bersih', 'rapi', 'tempat', 'parkir', 'luas', 'taman', 'main', 'anak', 'tempat', 'ibadah', 'toilet', 'bersih', 'dan', 'gratis', 'buat', 'nyaman', 'tapi', 'akses', 'jalan', 'dari', 'satu', 'tempat', 'ke', 'tempat', 'lain', 'kurang', 'praktis', 'masih', 'harus', 'berputarputar']","['terminal', 'fasilitas', 'publik', 'lengkap', 'ruang', 'tunggu', 'bersih', 'rapi', 'parkir', 'luas', 'taman', 'main', 'anak', 'ibadah', 'toilet', 'bersih', 'gratis', 'nyaman', 'akses', 'jalan', 'praktis', 'berputarputar']",terminal fasilitas publik lengkap ruang tunggu bersih rapi parkir luas taman main anak ibadah toilet bersih gratis nyaman akses jalan praktis berputarputar
122,Terminal Bulupitu Purwokerto,Mely Mustika,5,"Sangat gampang digunakan,tempatnya lumayan bagus",Positif,Sangat gampang digunakantempatnya lumayan bagus,sangat gampang digunakantempatnya lumayan bagus,sangat gampang digunakantempatnya lumayan bagus,sangat gampang digunakantempatnya lumayan bagus,"['sangat', 'gampang', 'digunakantempatnya', 'lumayan', 'bagus']","['gampang', 'digunakantempatnya', 'lumayan', 'bagus']",gampang digunakantempatnya lumayan bagus
123,Terminal Bulupitu Purwokerto,Wan RIDE,5,Sekarang jadi lebih nyaman aman bersih dan rapi,Positif,Sekarang jadi lebih nyaman aman bersih dan rapi,sekarang jadi lebih nyaman aman bersih dan rapi,sekarang jadi lebih nyaman aman bersih dan rapi,sekarang jadi lebih nyaman aman bersih dan rapi,"['sekarang', 'jadi', 'lebih', 'nyaman', 'aman', 'bersih', 'dan', 'rapi']","['nyaman', 'aman', 'bersih', 'rapi']",nyaman aman bersih rapi
124,Terminal Bulupitu Purwokerto,IqbalRagha,5,"This place been changing a lot. It's getting cleaner, greener, and more neat :)",Positif,This place been changing a lot Its getting cleaner greener and more neat,this place been changing a lot its getting cleaner greener and more neat,this place been changing a lot its getting cleaner greener and more neat,this place been changing a lot its getting cleaner greener and more neat,"['this', 'place', 'been', 'changing', 'a', 'lot', 'its', 'getting', 'cleaner', 'greener', 'and', 'more', 'neat']","['place', 'changing', 'lot', 'getting', 'cleaner', 'greener', 'neat']",place changing lot getting cleaner greener neat
125,Terminal Bulupitu Purwokerto,AGHA,5,This bus station is just getting better,Positif,This bus station is just getting better,this bus station is just getting better,this bus station is just getting better,this bus station is just getting better,"['this', 'bus', 'station', 'is', 'just', 'getting', 'better']","['bus', 'station', 'getting', 'better']",bus station getting better
126,Terminal Bulupitu Purwokerto,Nurma Dyah,5,"Terminal Purwokerto ini cukup luas sudah banyak pembangunan dan kemajuan setiap tahun, depan lobby sudah ada grab pickup seperti di bandara. Ruang tunggu berAC cukup nyaman dan ada playground untuk bermain anak. Start terminal bus trans jateng dan trans banyumas",Positif,Terminal Purwokerto ini cukup luas sudah banyak pembangunan dan kemajuan setiap tahun depan lobby sudah ada grab pickup seperti di bandara Ruang tunggu berAC cukup nyaman dan ada playground untuk bermain anak Start terminal bus trans jateng dan trans banyumas,terminal purwokerto ini cukup luas sudah banyak pembangunan dan kemajuan setiap tahun depan lobby sudah ada grab pickup seperti di bandara ruang tunggu berac cukup nyaman dan ada playground untuk bermain anak start terminal bus trans jateng dan trans banyumas,terminal purwokerto ini cukup luas sudah banyak pembangunan dan kemajuan setiap tahun depan lobby sudah ada grab ambil di toko seperti di bandara ruang tunggu berac cukup nyaman dan ada playground untuk bermain anak start terminal bus trans jateng dan trans banyumas,terminal purwokerto ini cukup luas sudah banyak bangun dan maju tiap tahun depan lobby sudah ada grab ambil di toko seperti di bandara ruang tunggu berac cukup nyaman dan ada playground untuk main anak start terminal bus trans jateng dan trans banyumas,"['terminal', 'purwokerto', 'ini', 'cukup', 'luas', 'sudah', 'banyak', 'bangun', 'dan', 'maju', 'tiap', 'tahun', 'depan', 'lobby', 'sudah', 'ada', 'grab', 'ambil', 'di', 'toko', 'seperti', 'di', 'bandara', 'ruang', 'tunggu', 'berac', 'cukup', 'nyaman', 'dan', 'ada', 'playground', 'untuk', 'main', 'anak', 'start', 'terminal', 'bus', 'trans', 'jateng', 'dan', 'trans', 'banyumas']","['terminal', 'purwokerto', 'luas', 'bangun', 'maju', 'lobby', 'grab', 'ambil', 'toko', 'bandara', 'ruang', 'tunggu', 'berac', 'nyaman', 'playground', 'main', 'anak', 'start', 'terminal', 'bus', 'trans', 'jateng', 'trans', 'banyumas']",terminal purwokerto luas bangun maju lobby grab ambil toko bandara ruang tunggu berac nyaman playground main anak start terminal bus trans jateng trans banyumas
127,Terminal Bulupitu Purwokerto,Sugeng Martadi,5,Bersihhh,Positif,Bersihhh,bersihhh,bersihhh,bersihhh,['bersihhh'],['bersihhh'],bersihhh
128,Terminal Bus Ajibarang,thoha ri,5,Nganter ke sinar jaya,Positif,Nganter ke sinar jaya,nganter ke sinar jaya,nganter ke sinar jaya,nganter ke sinar jaya,"['nganter', 'ke', 'sinar', 'jaya']","['nganter', 'sinar', 'jaya']",nganter sinar jaya
129,Terminal Bus Ajibarang,Fazrun Nazah,5,"Bagus, tertata",Positif,Bagus tertata,bagus tertata,bagus tertata,bagus tata,"['bagus', 'tata']","['bagus', 'tata']",bagus tata
130,Terminal Bus Ajibarang,Den Bagus,5,Oke aja,Positif,Oke aja,oke aja,oke saja,oke saja,"['oke', 'saja']",['oke'],oke
131,Terminal Bus Ajibarang,Bukti H Damanik,4,Lumayan lah,Positif,Lumayan lah,lumayan lah,lumayan lah,lumayan lah,"['lumayan', 'lah']",['lumayan'],lumayan
132,Terminal Bus Ajibarang,Ono Bin Santoso,4,"Kalau beli tiket Sinar Jaya langsung di Loket terminal jangan beli online, nanti dapet bisnya DMI, DMI masuk sinar jaya Group..Bisnya datang nya lama, karena titik start Bisnya jauh2..",Positif,Kalau beli tiket Sinar Jaya langsung di Loket terminal jangan beli online nanti dapet bisnya DMI DMI masuk sinar jaya GroupBisnya datang nya lama karena titik start Bisnya jauh,kalau beli tiket sinar jaya langsung di loket terminal jangan beli online nanti dapet bisnya dmi dmi masuk sinar jaya groupbisnya datang nya lama karena titik start bisnya jauh,kalau beli tiket sinar jaya langsung di loket terminal jangan beli online nanti dapat bisnya dmi dmi masuk sinar jaya groupbisnya datang nya lama karena titik lokasi start bisnya jauh,kalau beli tiket sinar jaya langsung di loket terminal jangan beli online nanti dapat bis dmi dmi masuk sinar jaya groupbisnya datang nya lama karena titik lokasi start bis jauh,"['kalau', 'beli', 'tiket', 'sinar', 'jaya', 'langsung', 'di', 'loket', 'terminal', 'jangan', 'beli', 'online', 'nanti', 'dapat', 'bis', 'dmi', 'dmi', 'masuk', 'sinar', 'jaya', 'groupbisnya', 'datang', 'nya', 'lama', 'karena', 'titik', 'lokasi', 'start', 'bis', 'jauh']","['beli', 'tiket', 'sinar', 'jaya', 'langsung', 'loket', 'terminal', 'beli', 'online', 'bis', 'dmi', 'dmi', 'masuk', 'sinar', 'jaya', 'groupbisnya', 'titik', 'lokasi', 'start', 'bis']",beli tiket sinar jaya langsung loket terminal beli online bis dmi dmi masuk sinar jaya groupbisnya titik lokasi start bis
133,Terminal Bus Ajibarang,Subkhan Akhmad,2,Kurangi tertib,Negatif,Kurangi tertib,kurangi tertib,kurangi tertib,kurang tertib,"['kurang', 'tertib']",['tertib'],tertib
134,Terminal Bus Ajibarang,SLs Ramdani,4,Hanya singgah untuk ibadah..tapi tempatnya lumayan nyaman dan bersih,Positif,Hanya singgah untuk ibadahtapi tempatnya lumayan nyaman dan bersih,hanya singgah untuk ibadahtapi tempatnya lumayan nyaman dan bersih,hanya singgah untuk ibadahtapi tempatnya lumayan nyaman dan bersih,hanya singgah untuk ibadahtapi tempat lumayan nyaman dan bersih,"['hanya', 'singgah', 'untuk', 'ibadahtapi', 'tempat', 'lumayan', 'nyaman', 'dan', 'bersih']","['singgah', 'ibadahtapi', 'lumayan', 'nyaman', 'bersih']",singgah ibadahtapi lumayan nyaman bersih
135,Terminal Bus Ajibarang,eskadejavu 18,4,"Terminal bus antar kota antar provinsi. Sinar Jaya, Murni Jaya, Arga Mas dll",Positif,Terminal bus antar kota antar provinsi Sinar Jaya Murni Jaya Arga Mas dll,terminal bus antar kota antar provinsi sinar jaya murni jaya arga mas dll,terminal bus antar kota antar provinsi sinar jaya murni jaya arga mas dll,terminal bus antar kota antar provinsi sinar jaya murni jaya arga mas dll,"['terminal', 'bus', 'antar', 'kota', 'antar', 'provinsi', 'sinar', 'jaya', 'murni', 'jaya', 'arga', 'mas', 'dll']","['terminal', 'bus', 'kota', 'provinsi', 'sinar', 'jaya', 'murni', 'jaya', 'arga', 'mas', 'dll']",terminal bus kota provinsi sinar jaya murni jaya arga mas dll
136,Terminal Bus Ajibarang,Ahmad Topik,5,Puas dan dengan pelayanan nya josss,Positif,Puas dan dengan pelayanan nya josss,puas dan dengan pelayanan nya josss,puas dan dengan pelayanan nya josss,puas dan dengan layan nya josss,"['puas', 'dan', 'dengan', 'layan', 'nya', 'josss']","['puas', 'layan', 'josss']",puas layan josss
137,Terminal Bus Ajibarang,FERY COOL TV,5,Keren,Positif,Keren,keren,keren,keren,['keren'],['keren'],keren
138,Terminal Bus Ajibarang,NOVYAN ANNAFI,4,Oke tempat strategis,Positif,Oke tempat strategis,oke tempat strategis,oke tempat strategis,oke tempat strategis,"['oke', 'tempat', 'strategis']","['oke', 'strategis']",oke strategis
139,Terminal Bus Ajibarang,Ulfatul Aliyah,5,"Dekat dengan trans banyumas, ataupun trans jateng",Positif,Dekat dengan trans banyumas ataupun trans jateng,dekat dengan trans banyumas ataupun trans jateng,dekat dengan trans banyumas ataupun trans jateng,dekat dengan trans banyumas atau trans jateng,"['dekat', 'dengan', 'trans', 'banyumas', 'atau', 'trans', 'jateng']","['trans', 'banyumas', 'trans', 'jateng']",trans banyumas trans jateng
140,Terminal Bus Ajibarang,Agen Sumatra Ajibarang,5,Beli Tiket Bus Hanya di Agen Resmi,Positif,Beli Tiket Bus Hanya di Agen Resmi,beli tiket bus hanya di agen resmi,beli tiket bus hanya di agen resmi,beli tiket bus hanya di agen resmi,"['beli', 'tiket', 'bus', 'hanya', 'di', 'agen', 'resmi']","['beli', 'tiket', 'bus', 'agen', 'resmi']",beli tiket bus agen resmi
141,Terminal Bus Ajibarang,Iwan Sumantri,5,Selalu istimewa sepanjang waktu,Positif,Selalu istimewa sepanjang waktu,selalu istimewa sepanjang waktu,selalu istimewa sepanjang waktu,selalu istimewa panjang waktu,"['selalu', 'istimewa', 'panjang', 'waktu']",['istimewa'],istimewa
142,Terminal Bus Ajibarang,Wowo AC cctv,5,SEKARANG UDAH SEPI G KAYA DULU,Positif,SEKARANG UDAH SEPI G KAYA DULU,sekarang udah sepi g kaya dulu,sekarang sudah sepi enggak kayak dulu,sekarang sudah sepi enggak kayak dulu,"['sekarang', 'sudah', 'sepi', 'enggak', 'kayak', 'dulu']","['sepi', 'kayak']",sepi kayak
143,Terminal Bus Ajibarang,keysan Joen,4,"Terminal ajibarang,, sekarang lebih tertata rapi sih,,,bersih dan nyaman.",Positif,Terminal ajibarang sekarang lebih tertata rapi sihbersih dan nyaman,terminal ajibarang sekarang lebih tertata rapi sihbersih dan nyaman,terminal ajibarang sekarang lebih tertata rapi sihbersih dan nyaman,terminal ajibarang sekarang lebih tata rapi sihbersih dan nyaman,"['terminal', 'ajibarang', 'sekarang', 'lebih', 'tata', 'rapi', 'sihbersih', 'dan', 'nyaman']","['terminal', 'ajibarang', 'tata', 'rapi', 'sihbersih', 'nyaman']",terminal ajibarang tata rapi sihbersih nyaman
144,Terminal Bus Ajibarang,Madinah Herbal (MH),1,Bus ato angkutan jarang brhenti di terminal,Negatif,Bus ato angkutan jarang brhenti di terminal,bus ato angkutan jarang brhenti di terminal,bus atau angkutan jarang brhenti di terminal,bus atau angkut jarang brhenti di terminal,"['bus', 'atau', 'angkut', 'jarang', 'brhenti', 'di', 'terminal']","['bus', 'angkut', 'jarang', 'brhenti', 'terminal']",bus angkut jarang brhenti terminal
145,Terminal Bus Ajibarang,Tiar Bahtiar,5,"Terminal dari jaman bocah ampe sekarang, langganan kalo anter keluarga.",Positif,Terminal dari jaman bocah ampe sekarang langganan kalo anter keluarga,terminal dari jaman bocah ampe sekarang langganan kalo anter keluarga,terminal dari jaman bocah sampai sekarang langganan kalo antar keluarga,terminal dari jaman bocah sampai sekarang langgan kalo antar keluarga,"['terminal', 'dari', 'jaman', 'bocah', 'sampai', 'sekarang', 'langgan', 'kalo', 'antar', 'keluarga']","['terminal', 'jaman', 'bocah', 'langgan', 'kalo', 'keluarga']",terminal jaman bocah langgan kalo keluarga
146,Terminal Bus Ajibarang,Mohamad Faizin,5,Meriah dan bagus,Positif,Meriah dan bagus,meriah dan bagus,meriah dan bagus,riah dan bagus,"['riah', 'dan', 'bagus']","['riah', 'bagus']",riah bagus
147,Terminal Bus Ajibarang,arif riyanto,5,"So ga sperti yg di bayangkan,skrg sdh teratur dlm tiketing trhadap penumpang fan tdk ada penumpukan penumpang",Positif,So ga sperti yg di bayangkanskrg sdh teratur dlm tiketing trhadap penumpang fan tdk ada penumpukan penumpang,so ga sperti yg di bayangkanskrg sdh teratur dlm tiketing trhadap penumpang fan tdk ada penumpukan penumpang,sok enggak seperti yang di bayangkan sekarang sudah teratur dalam tiketing  terhadap penumpang fan tidak ada penumpukan penumpang,sok enggak seperti yang di bayang sekarang sudah atur dalam tiketing hadap tumpang fan tidak ada tumpu tumpang,"['sok', 'enggak', 'seperti', 'yang', 'di', 'bayang', 'sekarang', 'sudah', 'atur', 'dalam', 'tiketing', 'hadap', 'tumpang', 'fan', 'tidak', 'ada', 'tumpu', 'tumpang']","['sok', 'bayang', 'atur', 'tiketing', 'hadap', 'tumpang', 'fan', 'tidak', 'tumpu', 'tumpang']",sok bayang atur tiketing hadap tumpang fan tidak tumpu tumpang
148,Terminal Bus Ajibarang,Ukunzi,4,"Agen bus antar kota lengkap,penerangan kurang,terkesan gelap pas malam hari",Positif,Agen bus antar kota lengkappenerangan kurangterkesan gelap pas malam hari,agen bus antar kota lengkappenerangan kurangterkesan gelap pas malam hari,agen bus antar kota lengkappenerangan kurangterkesan gelap  ketika malam hari,agen bus antar kota lengkappenerangan kurangterkesan gelap ketika malam hari,"['agen', 'bus', 'antar', 'kota', 'lengkappenerangan', 'kurangterkesan', 'gelap', 'ketika', 'malam', 'hari']","['agen', 'bus', 'kota', 'lengkappenerangan', 'kurangterkesan', 'gelap', 'malam']",agen bus kota lengkappenerangan kurangterkesan gelap malam
149,Terminal Bus Ajibarang,nden ayoe,5,Kami makan soto babat dikios nya ibu kiswandi agen bus rosalia indah rasanya enak mantul kuah sotone buket bumbune krasa bgd. 👍,Positif,Kami makan soto babat dikios nya ibu kiswandi agen bus rosalia indah rasanya enak mantul kuah sotone buket bumbune krasa bgd,kami makan soto babat dikios nya ibu kiswandi agen bus rosalia indah rasanya enak mantul kuah sotone buket bumbune krasa bgd,kami makan soto babat dikios nya ibu kiswandi agen bus rosalia indah rasanya enak mantul kuah sotone buket bumbune krasa banget,kami makan soto babat kios nya ibu kiswandi agen bus rosalia indah rasa enak mantul kuah sotone buket bumbune krasa banget,"['kami', 'makan', 'soto', 'babat', 'kios', 'nya', 'ibu', 'kiswandi', 'agen', 'bus', 'rosalia', 'indah', 'rasa', 'enak', 'mantul', 'kuah', 'sotone', 'buket', 'bumbune', 'krasa', 'banget']","['makan', 'soto', 'babat', 'kios', 'kiswandi', 'agen', 'bus', 'rosalia', 'indah', 'enak', 'mantul', 'kuah', 'sotone', 'buket', 'bumbune', 'krasa', 'banget']",makan soto babat kios kiswandi agen bus rosalia indah enak mantul kuah sotone buket bumbune krasa banget
150,Terminal Bus Ajibarang,muhammad tajudin,5,Terminalnya Sepi,Positif,Terminalnya Sepi,terminalnya sepi,terminalnya sepi,terminal sepi,"['terminal', 'sepi']","['terminal', 'sepi']",terminal sepi
151,Terminal Bus Ajibarang,Imam Santosa,5,Bersih,Positif,Bersih,bersih,bersih,bersih,['bersih'],['bersih'],bersih
152,Terminal Bus Ajibarang,Ayis Bah,5,buka jm brpa kak,Positif,buka jm brpa kak,buka jm brpa kak,buka jm berapa kak,buka jm berapa kak,"['buka', 'jm', 'berapa', 'kak']","['buka', 'jm', 'kak']",buka jm kak
153,Terminal Bus Ajibarang,Ros Nalia,1,"Benar benar kecewa dengan pelayanan sinarjaya di terminal ajibarang, keterlambatan bukan 30mnt/1 jam, tapi 3 jam lebih. Penumpang di harapkan datang tepat waktu tapi dari sinarjayanya sendiri sangat mulur. Bikin kapok, dari awal harusnya di jelaskan kalo ada keterlambatan, jadi kita ngga nunggu selama itu, bukan sekali dua kali telatnya bikin orang darah tinggi. Beberapa kali nganter sodarapun berangkatnya telat. Coba di koreksi lagi buat jadwal registrasi yg masuk akal. Ibu ibu yg nunggu di loket juga aneh di tanya keterlambatanya kurang lebih berapa lama jawabanya ""MENYESUAIKAN"". Dari jam 6 sore nanya bis udah sampe mana jawabnya udah sampe purwokerto sampe jam 9 lebih nanya lagi bis masih di karanglewas. Gokil.... Mana tidak bisa pengembalian dana. Ngga rekomen tidak ada tanggung jawabnya🙂",Negatif,Benar benar kecewa dengan pelayanan sinarjaya di terminal ajibarang keterlambatan bukan mnt jam tapi  jam lebih Penumpang di harapkan datang tepat waktu tapi dari sinarjayanya sendiri sangat mulur Bikin kapok dari awal harusnya di jelaskan kalo ada keterlambatan jadi kita ngga nunggu selama itu bukan sekali dua kali telatnya bikin orang darah tinggi Beberapa kali nganter sodarapun berangkatnya telat Coba di koreksi lagi buat jadwal registrasi yg masuk akal Ibu ibu yg nunggu di loket juga aneh di tanya keterlambatanya kurang lebih berapa lama jawabanya MENYESUAIKAN Dari jam  sore nanya bis udah sampe mana jawabnya udah sampe purwokerto sampe jam  lebih nanya lagi bis masih di karanglewas Gokil Mana tidak bisa pengembalian dana Ngga rekomen tidak ada tanggung jawabnya,benar benar kecewa dengan pelayanan sinarjaya di terminal ajibarang keterlambatan bukan mnt jam tapi  jam lebih penumpang di harapkan datang tepat waktu tapi dari sinarjayanya sendiri sangat mulur bikin kapok dari awal harusnya di jelaskan kalo ada keterlambatan jadi kita ngga nunggu selama itu bukan sekali dua kali telatnya bikin orang darah tinggi beberapa kali nganter sodarapun berangkatnya telat coba di koreksi lagi buat jadwal registrasi yg masuk akal ibu ibu yg nunggu di loket juga aneh di tanya keterlambatanya kurang lebih berapa lama jawabanya menyesuaikan dari jam  sore nanya bis udah sampe mana jawabnya udah sampe purwokerto sampe jam  lebih nanya lagi bis masih di karanglewas gokil mana tidak bisa pengembalian dana ngga rekomen tidak ada tanggung jawabnya,benar benar kecewa dengan pelayanan sinarjaya di terminal ajibarang keterlambatan bukan minta jam tapi jam lebih penumpang di harapkan datang tepat waktu tapi dari sinarjayanya sendiri sangat mulur bikin kapok dari awal harusnya di jelaskan kalo ada keterlambatan jadi kita enggak menunggu selama itu bukan sekali dua kali telatnya bikin orang darah tinggi beberapa kali nganter sodarapun berangkatnya telat coba di koreksi lagi buat jadwal registrasi yang masuk akal ibu ibu yang menunggu di loket juga aneh di tanya keterlambatanya kurang lebih berapa lama jawabanya menyesuaikan dari jam sore bertanya bis sudah sampai mana jawabnya sudah sampai purwokerto sampai jam lebih bertanya lagi bis masih di karanglewas gila mana tidak bisa pengembalian dana enggak rekomen tidak ada tanggung jawabnya,benar benar kecewa dengan layan sinarjaya di terminal ajibarang lambat bukan minta jam tapi jam lebih tumpang di harap datang tepat waktu tapi dari sinarjayanya sendiri sangat mulur bikin kapok dari awal harus di jelas kalo ada lambat jadi kita enggak tunggu lama itu bukan sekali dua kali telat bikin orang darah tinggi beberapa kali nganter sodarapun berangkat telat coba di koreksi lagi buat jadwal registrasi yang masuk akal ibu ibu yang tunggu di loket juga aneh di tanya keterlambatanya kurang lebih berapa lama jawabanya sesuai dari jam sore tanya bis sudah sampai mana jawab sudah sampai purwokerto sampai jam lebih tanya lagi bis masih di karanglewas gila mana tidak bisa kembali dana enggak rekomen tidak ada tanggung jawab,"['benar', 'benar', 'kecewa', 'dengan', 'layan', 'sinarjaya', 'di', 'terminal', 'ajibarang', 'lambat', 'bukan', 'minta', 'jam', 'tapi', 'jam', 'lebih', 'tumpang', 'di', 'harap', 'datang', 'tepat', 'waktu', 'tapi', 'dari', 'sinarjayanya', 'sendiri', 'sangat', 'mulur', 'bikin', 'kapok', 'dari', 'awal', 'harus', 'di', 'jelas', 'kalo', 'ada', 'lambat', 'jadi', 'kita', 'enggak', 'tunggu', 'lama', 'itu', 'bukan', 'sekali', 'dua', 'kali', 'telat', 'bikin', 'orang', 'darah', 'tinggi', 'beberapa', 'kali', 'nganter', 'sodarapun', 'berangkat', 'telat', 'coba', 'di', 'koreksi', 'lagi', 'buat', 'jadwal', 'registrasi', 'yang', 'masuk', 'akal', 'ibu', 'ibu', 'yang', 'tunggu', 'di', 'loket', 'juga', 'aneh', 'di', 'tanya', 'keterlambatanya', 'kurang', 'lebih', 'berapa', 'lama', 'jawabanya', 'sesuai', 'dari', 'jam', 'sore', 'tanya', 'bis', 'sudah', 'sampai', 'mana', 'jawab', 'sudah', 'sampai', 'purwokerto', 'sampai', 'jam', 'lebih', 'tanya', 'lagi', 'bis', 'masih', 'di', 'karanglewas', 'gila', 'mana', 'tidak', 'bisa', 'kembali', 'dana', 'enggak', 'rekomen', 'tidak', 'ada', 'tanggung', 'jawab']","['kecewa', 'layan', 'sinarjaya', 'terminal', 'ajibarang', 'lambat', 'jam', 'jam', 'tumpang', 'harap', 'sinarjayanya', 'mulur', 'bikin', 'kapok', 'kalo', 'lambat', 'tunggu', 'kali', 'telat', 'bikin', 'orang', 'darah', 'kali', 'nganter', 'sodarapun', 'berangkat', 'telat', 'coba', 'koreksi', 'jadwal', 'registrasi', 'masuk', 'akal', 'tunggu', 'loket', 'aneh', 'keterlambatanya', 'jawabanya', 'sesuai', 'jam', 'sore', 'bis', 'purwokerto', 'jam', 'bis', 'karanglewas', 'gila', 'tidak', 'dana', 'rekomen', 'tidak', 'tanggung']",kecewa layan sinarjaya terminal ajibarang lambat jam jam tumpang harap sinarjayanya mulur bikin kapok kalo lambat tunggu kali telat bikin orang darah kali nganter sodarapun berangkat telat coba koreksi jadwal registrasi masuk akal tunggu loket aneh keterlambatanya jawabanya sesuai jam sore bis purwokerto jam bis karanglewas gila tidak dana rekomen tidak tanggung
154,Terminal Bus Ajibarang,Agus Warsito,5,"Saya naik murni jaya ..transit di disini. Nyaman,aman,dan bersih.",Positif,Saya naik murni jaya transit di disini Nyamanamandan bersih,saya naik murni jaya transit di disini nyamanamandan bersih,saya naik murni jaya transit di disini nyamanamandan bersih,saya naik murni jaya transit di sini nyamanamandan bersih,"['saya', 'naik', 'murni', 'jaya', 'transit', 'di', 'sini', 'nyamanamandan', 'bersih']","['murni', 'jaya', 'transit', 'nyamanamandan', 'bersih']",murni jaya transit nyamanamandan bersih
155,Terminal Bus Ajibarang,dedi hendriana,5,Pasang cover jok honda mobilio,Positif,Pasang cover jok honda mobilio,pasang cover jok honda mobilio,pasang cover jok honda mobilio,pasang cover jok honda mobilio,"['pasang', 'cover', 'jok', 'honda', 'mobilio']","['pasang', 'cover', 'jok', 'honda', 'mobilio']",pasang cover jok honda mobilio
156,Terminal Bus Ajibarang,Sohib,5,Kurang luas,Positif,Kurang luas,kurang luas,kurang luas,kurang luas,"['kurang', 'luas']",['luas'],luas
157,Terminal Bus Ajibarang,mendadi handoko,5,Moda transportasi setiap mudik,Positif,Moda transportasi setiap mudik,moda transportasi setiap mudik,moda transportasi setiap mudik,moda transportasi tiap mudik,"['moda', 'transportasi', 'tiap', 'mudik']","['moda', 'transportasi', 'mudik']",moda transportasi mudik
158,Terminal Bus Ajibarang,Ridho Amee,4,Terminal bus ajibarang sekarang sudah tertata. Dan sudah cukup nyaman..,Positif,Terminal bus ajibarang sekarang sudah tertata Dan sudah cukup nyaman,terminal bus ajibarang sekarang sudah tertata dan sudah cukup nyaman,terminal bus ajibarang sekarang sudah tertata dan sudah cukup nyaman,terminal bus ajibarang sekarang sudah tata dan sudah cukup nyaman,"['terminal', 'bus', 'ajibarang', 'sekarang', 'sudah', 'tata', 'dan', 'sudah', 'cukup', 'nyaman']","['terminal', 'bus', 'ajibarang', 'tata', 'nyaman']",terminal bus ajibarang tata nyaman
159,Terminal Bus Ajibarang,yanuar dany,5,Agen bus lintas provinsi,Positif,Agen bus lintas provinsi,agen bus lintas provinsi,agen bus lintas provinsi,agen bus lintas provinsi,"['agen', 'bus', 'lintas', 'provinsi']","['agen', 'bus', 'lintas', 'provinsi']",agen bus lintas provinsi
160,Terminal Bus Ajibarang,Joseph Sekar Gadung,5,"Terminal kecil lengkap dengan beberapa agen Po. Bus tujuan Jabodetabek, SINAR JAYA, DMI, ROSALIA INDAH, MURNI JAYA, AGRA MAS.",Positif,Terminal kecil lengkap dengan beberapa agen Po Bus tujuan Jabodetabek SINAR JAYA DMI ROSALIA INDAH MURNI JAYA AGRA MAS,terminal kecil lengkap dengan beberapa agen po bus tujuan jabodetabek sinar jaya dmi rosalia indah murni jaya agra mas,terminal kecil lengkap dengan beberapa agen po bus tujuan jabodetabek sinar jaya dmi rosalia indah murni jaya agra mas,terminal kecil lengkap dengan beberapa agen po bus tuju jabodetabek sinar jaya dmi rosalia indah murni jaya agra mas,"['terminal', 'kecil', 'lengkap', 'dengan', 'beberapa', 'agen', 'po', 'bus', 'tuju', 'jabodetabek', 'sinar', 'jaya', 'dmi', 'rosalia', 'indah', 'murni', 'jaya', 'agra', 'mas']","['terminal', 'lengkap', 'agen', 'po', 'bus', 'tuju', 'jabodetabek', 'sinar', 'jaya', 'dmi', 'rosalia', 'indah', 'murni', 'jaya', 'agra', 'mas']",terminal lengkap agen po bus tuju jabodetabek sinar jaya dmi rosalia indah murni jaya agra mas
161,Terminal Bus Ajibarang,Sarwonobds wowo parabola Ajibarang,5,👍👍👍👍,Positif,,,,,[],[],
162,Terminal Bus Ajibarang,sri purwanti,5,"Tempatnya nyaman dan oleh- olehnya murah, dan org2 nya ramah",Positif,Tempatnya nyaman dan oleh olehnya murah dan org nya ramah,tempatnya nyaman dan oleh olehnya murah dan org nya ramah,tempatnya nyaman dan oleh olehnya murah dan orang nya ramah,tempat nyaman dan oleh oleh murah dan orang nya ramah,"['tempat', 'nyaman', 'dan', 'oleh', 'oleh', 'murah', 'dan', 'orang', 'nya', 'ramah']","['nyaman', 'murah', 'orang', 'ramah']",nyaman murah orang ramah
163,Terminal Bus Ajibarang,wiwin setiabudi,5,Terminal ajibarang ini sering kita dengar dan terkenal krn lokasi strategis banyak bus yang singgah untuk melewati jalur tersebut untuk menurunkan penumpang atau mengambil penumpang,Positif,Terminal ajibarang ini sering kita dengar dan terkenal krn lokasi strategis banyak bus yang singgah untuk melewati jalur tersebut untuk menurunkan penumpang atau mengambil penumpang,terminal ajibarang ini sering kita dengar dan terkenal krn lokasi strategis banyak bus yang singgah untuk melewati jalur tersebut untuk menurunkan penumpang atau mengambil penumpang,terminal ajibarang ini sering kita dengar dan terkenal karena lokasi strategis banyak bus yang singgah untuk melewati jalur tersebut untuk menurunkan penumpang atau mengambil penumpang,terminal ajibarang ini sering kita dengar dan kenal karena lokasi strategis banyak bus yang singgah untuk lewat jalur sebut untuk turun tumpang atau ambil tumpang,"['terminal', 'ajibarang', 'ini', 'sering', 'kita', 'dengar', 'dan', 'kenal', 'karena', 'lokasi', 'strategis', 'banyak', 'bus', 'yang', 'singgah', 'untuk', 'lewat', 'jalur', 'sebut', 'untuk', 'turun', 'tumpang', 'atau', 'ambil', 'tumpang']","['terminal', 'ajibarang', 'dengar', 'kenal', 'lokasi', 'strategis', 'bus', 'singgah', 'jalur', 'turun', 'tumpang', 'ambil', 'tumpang']",terminal ajibarang dengar kenal lokasi strategis bus singgah jalur turun tumpang ambil tumpang
164,Terminal Bus Ajibarang,Sweet Memory 90-an,4,Mayan enak,Positif,Mayan enak,mayan enak,lumayan enak,lumayan enak,"['lumayan', 'enak']","['lumayan', 'enak']",lumayan enak
165,Terminal Bus Ajibarang,Rachmat 84,5,Sangat membantu,Positif,Sangat membantu,sangat membantu,sangat membantu,sangat bantu,"['sangat', 'bantu']",['bantu'],bantu
166,Terminal Bus Ajibarang,Jariyah Jariyah,4,Nyaman ga ada calo,Positif,Nyaman ga ada calo,nyaman ga ada calo,nyaman enggak ada calo,nyaman enggak ada calo,"['nyaman', 'enggak', 'ada', 'calo']","['nyaman', 'calo']",nyaman calo
167,Terminal Bus Ajibarang,tasripin commoc,5,Bagus,Positif,Bagus,bagus,bagus,bagus,['bagus'],['bagus'],bagus
168,Terminal Bus Ajibarang,Handayani04,5,Sekarang lebih teratur,Positif,Sekarang lebih teratur,sekarang lebih teratur,sekarang lebih teratur,sekarang lebih atur,"['sekarang', 'lebih', 'atur']",['atur'],atur
169,Terminal Bus Ajibarang,Niko Dwiyanto,5,Memuaskan belanja disini bisa online lagi 🥰,Positif,Memuaskan belanja disini bisa online lagi,memuaskan belanja disini bisa online lagi,memuaskan belanja disini bisa online lagi,muas belanja sini bisa online lagi,"['muas', 'belanja', 'sini', 'bisa', 'online', 'lagi']","['muas', 'belanja', 'online']",muas belanja online
170,Terminal Bus Ajibarang,Mulyawan Mulyawan,5,Sangat membantu,Positif,Sangat membantu,sangat membantu,sangat membantu,sangat bantu,"['sangat', 'bantu']",['bantu'],bantu
171,Terminal Bus Ajibarang,Putri Kamayanti,5,Tempat dimana sya pertama kali naik bis ke jakarta.skrg gak seramai dlu krn skrg hnya ada bus AKAP klo dlu kan bus yg ke arah pwt ato majenang jg ada dsni jdi ramai ni trminal.skrg jauhhh bgt suasana nya di banding dlu.tpi di balik itu smua ttep jdi tmpt yg favorit ketika sy pulkam pke bus sinjay.semoga kedepan nya terminal ajibarang akan kembali rame kembali rapi dan tertata.,Positif,Tempat dimana sya pertama kali naik bis ke jakartaskrg gak seramai dlu krn skrg hnya ada bus AKAP klo dlu kan bus yg ke arah pwt ato majenang jg ada dsni jdi ramai ni trminalskrg jauhhh bgt suasana nya di banding dlutpi di balik itu smua ttep jdi tmpt yg favorit ketika sy pulkam pke bus sinjaysemoga kedepan nya terminal ajibarang akan kembali rame kembali rapi dan tertata,tempat dimana sya pertama kali naik bis ke jakartaskrg gak seramai dlu krn skrg hnya ada bus akap klo dlu kan bus yg ke arah pwt ato majenang jg ada dsni jdi ramai ni trminalskrg jauhhh bgt suasana nya di banding dlutpi di balik itu smua ttep jdi tmpt yg favorit ketika sy pulkam pke bus sinjaysemoga kedepan nya terminal ajibarang akan kembali rame kembali rapi dan tertata,tempat dimana saya pertama kali naik bis ke jakartaskrg enggak seramai dulu karena sekarang hanya ada bus akap kalo dulu kan bus yang ke arah pwt atau majenang juga ada disini jadi ramai nih trminalskrg jauh banget suasana nya di banding dlutpi di balik itu semua tetap jadi tempat yang favorit ketika saya pulkam pakai bus sinjaysemoga kedepan nya terminal ajibarang akan kembali rame kembali rapi dan tertata,tempat mana saya pertama kali naik bis ke jakartaskrg enggak serama dulu karena sekarang hanya ada bus akap kalo dulu kan bus yang ke arah pwt atau majenang juga ada sini jadi ramai nih trminalskrg jauh banget suasana nya di banding dlutpi di balik itu semua tetap jadi tempat yang favorit ketika saya pulkam pakai bus sinjaysemoga depan nya terminal ajibarang akan kembali rame kembali rapi dan tata,"['tempat', 'mana', 'saya', 'pertama', 'kali', 'naik', 'bis', 'ke', 'jakartaskrg', 'enggak', 'serama', 'dulu', 'karena', 'sekarang', 'hanya', 'ada', 'bus', 'akap', 'kalo', 'dulu', 'kan', 'bus', 'yang', 'ke', 'arah', 'pwt', 'atau', 'majenang', 'juga', 'ada', 'sini', 'jadi', 'ramai', 'nih', 'trminalskrg', 'jauh', 'banget', 'suasana', 'nya', 'di', 'banding', 'dlutpi', 'di', 'balik', 'itu', 'semua', 'tetap', 'jadi', 'tempat', 'yang', 'favorit', 'ketika', 'saya', 'pulkam', 'pakai', 'bus', 'sinjaysemoga', 'depan', 'nya', 'terminal', 'ajibarang', 'akan', 'kembali', 'rame', 'kembali', 'rapi', 'dan', 'tata']","['kali', 'bis', 'jakartaskrg', 'serama', 'bus', 'akap', 'kalo', 'bus', 'arah', 'pwt', 'majenang', 'ramai', 'nih', 'trminalskrg', 'banget', 'suasana', 'banding', 'dlutpi', 'favorit', 'pulkam', 'pakai', 'bus', 'sinjaysemoga', 'terminal', 'ajibarang', 'rame', 'rapi', 'tata']",kali bis jakartaskrg serama bus akap kalo bus arah pwt majenang ramai nih trminalskrg banget suasana banding dlutpi favorit pulkam pakai bus sinjaysemoga terminal ajibarang rame rapi tata
172,Terminal Bus Ajibarang,Bambang Gunawan,5,"Terminal bus antar kota, yg luas",Positif,Terminal bus antar kota yg luas,terminal bus antar kota yg luas,terminal bus antar kota yang luas,terminal bus antar kota yang luas,"['terminal', 'bus', 'antar', 'kota', 'yang', 'luas']","['terminal', 'bus', 'kota', 'luas']",terminal bus kota luas
173,Terminal Bus Ajibarang,Iwan Bagus Hapsari,5,Kecil tapi indah,Positif,Kecil tapi indah,kecil tapi indah,kecil tapi indah,kecil tapi indah,"['kecil', 'tapi', 'indah']",['indah'],indah
174,Terminal Bus Ajibarang,Fajri Rost,5,"Tempat nyaman, cukup bersih,",Positif,Tempat nyaman cukup bersih,tempat nyaman cukup bersih,tempat nyaman cukup bersih,tempat nyaman cukup bersih,"['tempat', 'nyaman', 'cukup', 'bersih']","['nyaman', 'bersih']",nyaman bersih
175,Terminal Bus Ajibarang,Mahfudin Putranebpknasori,2,"Tidak ada fasilitas umum yg non berbayar seperti toilet dan tempat cuci tangan,  yg ada hanya kang retribusi parkir",Negatif,Tidak ada fasilitas umum yg non berbayar seperti toilet dan tempat cuci tangan  yg ada hanya kang retribusi parkir,tidak ada fasilitas umum yg non berbayar seperti toilet dan tempat cuci tangan  yg ada hanya kang retribusi parkir,tidak ada fasilitas umum yang non berbayar seperti toilet dan tempat cuci tangan yang ada hanya kang retribusi parkir,tidak ada fasilitas umum yang non bayar seperti toilet dan tempat cuci tangan yang ada hanya kang retribusi parkir,"['tidak', 'ada', 'fasilitas', 'umum', 'yang', 'non', 'bayar', 'seperti', 'toilet', 'dan', 'tempat', 'cuci', 'tangan', 'yang', 'ada', 'hanya', 'kang', 'retribusi', 'parkir']","['tidak', 'fasilitas', 'non', 'bayar', 'toilet', 'cuci', 'tangan', 'kang', 'retribusi', 'parkir']",tidak fasilitas non bayar toilet cuci tangan kang retribusi parkir
176,Terminal Bus Ajibarang,Kasno Edisukasno,4,Aman dan nyaman,Positif,Aman dan nyaman,aman dan nyaman,aman dan nyaman,aman dan nyaman,"['aman', 'dan', 'nyaman']","['aman', 'nyaman']",aman nyaman
177,Terminal Bus Ajibarang,Ma'muron Muron,5,Terminal yang cocok nyaman,Positif,Terminal yang cocok nyaman,terminal yang cocok nyaman,terminal yang cocok nyaman,terminal yang cocok nyaman,"['terminal', 'yang', 'cocok', 'nyaman']","['terminal', 'cocok', 'nyaman']",terminal cocok nyaman
178,Terminal Bus Ajibarang,Risma Fitriana,5,Sudah ada transbanyumas lebih efisien,Positif,Sudah ada transbanyumas lebih efisien,sudah ada transbanyumas lebih efisien,sudah ada transbanyumas lebih efisien,sudah ada transbanyumas lebih efisien,"['sudah', 'ada', 'transbanyumas', 'lebih', 'efisien']","['transbanyumas', 'efisien']",transbanyumas efisien
179,Terminal Bus Ajibarang,Andi Hadi saputra,1,Perkebunan,Negatif,Perkebunan,perkebunan,perkebunan,kebun,['kebun'],['kebun'],kebun
180,Terminal Bus Ajibarang,Fah Tif,5,Ramai selalu,Positif,Ramai selalu,ramai selalu,ramai selalu,ramai selalu,"['ramai', 'selalu']",['ramai'],ramai
181,Terminal Bus Ajibarang,Nanda cell3,5,Mantap nih pantainya,Positif,Mantap nih pantainya,mantap nih pantainya,mantap nih pantainya,mantap nih pantai,"['mantap', 'nih', 'pantai']","['mantap', 'nih', 'pantai']",mantap nih pantai
182,Terminal Bus Ajibarang,Panji aksan,5,Waw,Positif,Waw,waw,wow,wow,['wow'],['wow'],wow
183,Terminal Bus Ajibarang,Ozie Almalik,5,Rame lancar,Positif,Rame lancar,rame lancar,rame lancar,rame lancar,"['rame', 'lancar']","['rame', 'lancar']",rame lancar
184,Terminal Bus Ajibarang,Wahyu Kurniawan,5,"Bagus dan rame,agen bus nya juga ramah😊",Positif,Bagus dan rameagen bus nya juga ramah,bagus dan rameagen bus nya juga ramah,bagus dan rameagen bus nya juga ramah,bagus dan rameagen bus nya juga ramah,"['bagus', 'dan', 'rameagen', 'bus', 'nya', 'juga', 'ramah']","['bagus', 'rameagen', 'bus', 'ramah']",bagus rameagen bus ramah
185,Terminal Bus Ajibarang,Fabian Zaqif Muzafar,1,Lumayan bagus,Negatif,Lumayan bagus,lumayan bagus,lumayan bagus,lumayan bagus,"['lumayan', 'bagus']","['lumayan', 'bagus']",lumayan bagus
186,Terminal Bus Ajibarang,Toto Wijayanto,4,Sayang sekali di terminal Ajibarang sudah malam (20.00 - 20.30) & sudah sepi.,Positif,Sayang sekali di terminal Ajibarang sudah malam     sudah sepi,sayang sekali di terminal ajibarang sudah malam     sudah sepi,sayang sekali di terminal ajibarang sudah malam sudah sepi,sayang sekali di terminal ajibarang sudah malam sudah sepi,"['sayang', 'sekali', 'di', 'terminal', 'ajibarang', 'sudah', 'malam', 'sudah', 'sepi']","['sayang', 'terminal', 'ajibarang', 'malam', 'sepi']",sayang terminal ajibarang malam sepi
187,Terminal Bus Ajibarang,fanie D one,5,"Sekarang untuk masuk terminal di kenakan retribusi roda 2 2k..sepi sekarang,kasian..padahal sudah lebih rapi..",Positif,Sekarang untuk masuk terminal di kenakan retribusi roda  ksepi sekarangkasianpadahal sudah lebih rapi,sekarang untuk masuk terminal di kenakan retribusi roda  ksepi sekarangkasianpadahal sudah lebih rapi,sekarang untuk masuk terminal di kenakan retribusi roda ksepi sekarangkasianpadahal sudah lebih rapi,sekarang untuk masuk terminal di kena retribusi roda ksepi sekarangkasianpadahal sudah lebih rapi,"['sekarang', 'untuk', 'masuk', 'terminal', 'di', 'kena', 'retribusi', 'roda', 'ksepi', 'sekarangkasianpadahal', 'sudah', 'lebih', 'rapi']","['masuk', 'terminal', 'kena', 'retribusi', 'roda', 'ksepi', 'sekarangkasianpadahal', 'rapi']",masuk terminal kena retribusi roda ksepi sekarangkasianpadahal rapi
188,Terminal Bus Ajibarang,Aris Nurcholis,4,Datang malam hari saat sudah sepi. Tak bisa komentar,Positif,Datang malam hari saat sudah sepi Tak bisa komentar,datang malam hari saat sudah sepi tak bisa komentar,datang malam hari saat sudah sepi tak bisa komentar,datang malam hari saat sudah sepi tak bisa komentar,"['datang', 'malam', 'hari', 'saat', 'sudah', 'sepi', 'tak', 'bisa', 'komentar']","['malam', 'sepi', 'tak', 'komentar']",malam sepi tak komentar
189,Terminal Bus Ajibarang,aji mukhyi,5,"Bersih rapi, pemandangan belakang terminal lewat mushola bagus bgt waktu sore",Positif,Bersih rapi pemandangan belakang terminal lewat mushola bagus bgt waktu sore,bersih rapi pemandangan belakang terminal lewat mushola bagus bgt waktu sore,bersih rapi pemandangan belakang terminal lewat mushola bagus banget waktu sore,bersih rapi pandang belakang terminal lewat mushola bagus banget waktu sore,"['bersih', 'rapi', 'pandang', 'belakang', 'terminal', 'lewat', 'mushola', 'bagus', 'banget', 'waktu', 'sore']","['bersih', 'rapi', 'pandang', 'terminal', 'mushola', 'bagus', 'banget', 'sore']",bersih rapi pandang terminal mushola bagus banget sore
190,Terminal Bus Ajibarang,Rhamdani Dhani,5,Teriminal nya angkutan kota dan provinsi di ajibarang,Positif,Teriminal nya angkutan kota dan provinsi di ajibarang,teriminal nya angkutan kota dan provinsi di ajibarang,teriminal nya angkutan kota dan provinsi di ajibarang,teriminal nya angkut kota dan provinsi di ajibarang,"['teriminal', 'nya', 'angkut', 'kota', 'dan', 'provinsi', 'di', 'ajibarang']","['teriminal', 'angkut', 'kota', 'provinsi', 'ajibarang']",teriminal angkut kota provinsi ajibarang
191,Terminal Bus Ajibarang,putra aditya,4,"Tempat nya enak klo malem hari, gk terlalu padet..",Positif,Tempat nya enak klo malem hari gk terlalu padet,tempat nya enak klo malem hari gk terlalu padet,tempat nya enak kalo malam hari enggak terlalu padat,tempat nya enak kalo malam hari enggak terlalu padat,"['tempat', 'nya', 'enak', 'kalo', 'malam', 'hari', 'enggak', 'terlalu', 'padat']","['enak', 'kalo', 'malam', 'padat']",enak kalo malam padat
192,Terminal Bus Ajibarang,Ari Workaholic,5,Mampir sedela,Positif,Mampir sedela,mampir sedela,mampir sedela,mampir sedela,"['mampir', 'sedela']","['mampir', 'sedela']",mampir sedela
193,Terminal Bus Ajibarang,Munief Ell Hoed,5,"PemKab Banyumas perlu merehabilitasi terminal sebagai pengelola, Terminal Type-C yang agak memprihatinkan ini, semoga kedepan nya lebih baik lagi",Positif,PemKab Banyumas perlu merehabilitasi terminal sebagai pengelola Terminal TypeC yang agak memprihatinkan ini semoga kedepan nya lebih baik lagi,pemkab banyumas perlu merehabilitasi terminal sebagai pengelola terminal typec yang agak memprihatinkan ini semoga kedepan nya lebih baik lagi,pemkab banyumas perlu merehabilitasi terminal sebagai pengelola terminal typec yang agak memprihatinkan ini semoga kedepan nya lebih baik lagi,pemkab banyumas perlu rehabilitasi terminal bagai kelola terminal typec yang agak prihatin ini moga depan nya lebih baik lagi,"['pemkab', 'banyumas', 'perlu', 'rehabilitasi', 'terminal', 'bagai', 'kelola', 'terminal', 'typec', 'yang', 'agak', 'prihatin', 'ini', 'moga', 'depan', 'nya', 'lebih', 'baik', 'lagi']","['pemkab', 'banyumas', 'rehabilitasi', 'terminal', 'kelola', 'terminal', 'typec', 'prihatin', 'moga']",pemkab banyumas rehabilitasi terminal kelola terminal typec prihatin moga
194,Terminal Bus Ajibarang,Amrih fauzy,5,great,Positif,great,great,great,great,['great'],['great'],great
195,Terminal Bus Ajibarang,Avinda A.P,5,agen KKA Ajibarang,Positif,agen KKA Ajibarang,agen kka ajibarang,agen kakak ajibarang,agen kakak ajibarang,"['agen', 'kakak', 'ajibarang']","['agen', 'kakak', 'ajibarang']",agen kakak ajibarang
196,Terminal Bus Ajibarang,Hrpilia Liem,5,Terminal Ajibarang bertempat di sebrang ps.ajibarang.. terminal luas parkir mobil motor pribadi pun ada. Ada oleh² jugaa dikantin sebelah kiri ujung toilet ya gess... Baru 5hri yg lalu saya berkunjung ke Terminal tersebut membeli oleh² untuk dibawa ke Tangerang... See u next time Ajibarang..,Positif,Terminal Ajibarang bertempat di sebrang psajibarang terminal luas parkir mobil motor pribadi pun ada Ada oleh² jugaa dikantin sebelah kiri ujung toilet ya gess Baru hri yg lalu saya berkunjung ke Terminal tersebut membeli oleh² untuk dibawa ke Tangerang See u next time Ajibarang,terminal ajibarang bertempat di sebrang psajibarang terminal luas parkir mobil motor pribadi pun ada ada oleh² jugaa dikantin sebelah kiri ujung toilet ya gess baru hri yg lalu saya berkunjung ke terminal tersebut membeli oleh² untuk dibawa ke tangerang see u next time ajibarang,terminal ajibarang bertempat di sebrang psajibarang terminal luas parkir mobil motor pribadi pun ada ada oleh² juga dikantin sebelah kiri ujung toilet ya gess baru hari yang lalu saya berkunjung ke terminal tersebut membeli oleh² untuk dibawa ke tangerang sih lu next waktu ajibarang,terminal ajibarang tempat di sebrang psajibarang terminal luas parkir mobil motor pribadi pun ada ada oleh juga kantin belah kiri ujung toilet ya gess baru hari yang lalu saya kunjung ke terminal sebut beli oleh untuk bawa ke tangerang sih lu next waktu ajibarang,"['terminal', 'ajibarang', 'tempat', 'di', 'sebrang', 'psajibarang', 'terminal', 'luas', 'parkir', 'mobil', 'motor', 'pribadi', 'pun', 'ada', 'ada', 'oleh', 'juga', 'kantin', 'belah', 'kiri', 'ujung', 'toilet', 'ya', 'gess', 'baru', 'hari', 'yang', 'lalu', 'saya', 'kunjung', 'ke', 'terminal', 'sebut', 'beli', 'oleh', 'untuk', 'bawa', 'ke', 'tangerang', 'sih', 'lu', 'next', 'waktu', 'ajibarang']","['terminal', 'ajibarang', 'sebrang', 'psajibarang', 'terminal', 'luas', 'parkir', 'mobil', 'motor', 'pribadi', 'kantin', 'belah', 'kiri', 'ujung', 'toilet', 'gess', 'kunjung', 'terminal', 'beli', 'bawa', 'tangerang', 'lu', 'next', 'ajibarang']",terminal ajibarang sebrang psajibarang terminal luas parkir mobil motor pribadi kantin belah kiri ujung toilet gess kunjung terminal beli bawa tangerang lu next ajibarang
197,Terminal Bus Ajibarang,ahmad tiijaanii,4,Ramah Dan sopan pegawainya,Positif,Ramah Dan sopan pegawainya,ramah dan sopan pegawainya,ramah dan sopan pegawainya,ramah dan sopan pegawai,"['ramah', 'dan', 'sopan', 'pegawai']","['ramah', 'sopan', 'pegawai']",ramah sopan pegawai
198,Terminal Bus Ajibarang,heri kusuma,5,Untuk pulang dan pergi lagi...,Positif,Untuk pulang dan pergi lagi,untuk pulang dan pergi lagi,untuk pulang dan pergi lagi,untuk pulang dan pergi lagi,"['untuk', 'pulang', 'dan', 'pergi', 'lagi']","['pulang', 'pergi']",pulang pergi
199,Terminal Bus Ajibarang,Za N zie 69,4,Fasilitas,Positif,Fasilitas,fasilitas,fasilitas,fasilitas,['fasilitas'],['fasilitas'],fasilitas
200,Terminal Bus Ajibarang,Wong Wangon,5,Tempat check point,Positif,Tempat check point,tempat check point,tempat check poin,tempat check poin,"['tempat', 'check', 'poin']","['check', 'poin']",check poin
201,Terminal Bus Ajibarang,Bocah Petahunan,4,"Menurut,coba d perbaiki lagi biar luas ada penattan lah..",Positif,Menurutcoba d perbaiki lagi biar luas ada penattan lah,menurutcoba d perbaiki lagi biar luas ada penattan lah,menurutcoba di perbaiki lagi biar luas ada penattan lah,menurutcoba di baik lagi biar luas ada penattan lah,"['menurutcoba', 'di', 'baik', 'lagi', 'biar', 'luas', 'ada', 'penattan', 'lah']","['menurutcoba', 'biar', 'luas', 'penattan']",menurutcoba biar luas penattan
202,Terminal Bus Ajibarang,"M Hafizh Al, gifari",5,"Tempat di mana saya dulu bertumbuh mencari jatidiri,, sekarang tinggal kenangan to ada sebagian temen2 yg masih aktif di terminal mencari rejeki",Positif,Tempat di mana saya dulu bertumbuh mencari jatidiri sekarang tinggal kenangan to ada sebagian temen yg masih aktif di terminal mencari rejeki,tempat di mana saya dulu bertumbuh mencari jatidiri sekarang tinggal kenangan to ada sebagian temen yg masih aktif di terminal mencari rejeki,tempat di mana saya dulu bertumbuh mencari jatidiri sekarang tinggal kenangan tapi ada sebagian teman yang masih aktif di terminal mencari rejeki,tempat di mana saya dulu tumbuh cari jatidiri sekarang tinggal kenang tapi ada bagi teman yang masih aktif di terminal cari rejeki,"['tempat', 'di', 'mana', 'saya', 'dulu', 'tumbuh', 'cari', 'jatidiri', 'sekarang', 'tinggal', 'kenang', 'tapi', 'ada', 'bagi', 'teman', 'yang', 'masih', 'aktif', 'di', 'terminal', 'cari', 'rejeki']","['tumbuh', 'cari', 'jatidiri', 'tinggal', 'kenang', 'teman', 'aktif', 'terminal', 'cari', 'rejeki']",tumbuh cari jatidiri tinggal kenang teman aktif terminal cari rejeki
203,Terminal Bus Ajibarang,Mawar Merah,4,Enak mau beli oleh2 jga ada,Positif,Enak mau beli oleh jga ada,enak mau beli oleh jga ada,enak mau beli oleh juga ada,enak mau beli oleh juga ada,"['enak', 'mau', 'beli', 'oleh', 'juga', 'ada']","['enak', 'beli']",enak beli
204,Terminal Bus Ajibarang,Ahmad Fauzy,4,"Seperti terminal lainnya,,  tapi masih mendingan di banding terminal bubulak bogor,,,",Positif,Seperti terminal lainnya  tapi masih mendingan di banding terminal bubulak bogor,seperti terminal lainnya  tapi masih mendingan di banding terminal bubulak bogor,seperti terminal lainnya tapi masih mendingan di banding terminal bubulak bogor,seperti terminal lain tapi masih mending di banding terminal bubulak bogor,"['seperti', 'terminal', 'lain', 'tapi', 'masih', 'mending', 'di', 'banding', 'terminal', 'bubulak', 'bogor']","['terminal', 'mending', 'banding', 'terminal', 'bubulak', 'bogor']",terminal mending banding terminal bubulak bogor
205,Terminal Bus Ajibarang,Silvi Sayang ku,5,Good,Positif,Good,good,good,good,['good'],['good'],good
206,Terminal Bus Ajibarang,Y. Farezi,5,"Tempat nyaman,,tempat parkir luas,,banyak kuliner lokal",Positif,Tempat nyamantempat parkir luasbanyak kuliner lokal,tempat nyamantempat parkir luasbanyak kuliner lokal,tempat nyamantempat parkir luasbanyak kuliner lokal,tempat nyamantempat parkir luasbanyak kuliner lokal,"['tempat', 'nyamantempat', 'parkir', 'luasbanyak', 'kuliner', 'lokal']","['nyamantempat', 'parkir', 'luasbanyak', 'kuliner', 'lokal']",nyamantempat parkir luasbanyak kuliner lokal
207,Terminal Bus Ajibarang,Dwi 2629,5,Terminal kecil dengan sejuta kenangan,Positif,Terminal kecil dengan sejuta kenangan,terminal kecil dengan sejuta kenangan,terminal kecil dengan sejuta kenangan,terminal kecil dengan juta kenang,"['terminal', 'kecil', 'dengan', 'juta', 'kenang']","['terminal', 'juta', 'kenang']",terminal juta kenang
208,Terminal Bus Ajibarang,KiswonG Chanel,5,"Aman, tertib dan penuh kenangan",Positif,Aman tertib dan penuh kenangan,aman tertib dan penuh kenangan,aman tertib dan penuh kenangan,aman tertib dan penuh kenang,"['aman', 'tertib', 'dan', 'penuh', 'kenang']","['aman', 'tertib', 'penuh', 'kenang']",aman tertib penuh kenang
209,Terminal Bus Ajibarang,Mr. 107,5,Good jobs,Positif,Good jobs,good jobs,good jobs,good jobs,"['good', 'jobs']","['good', 'jobs']",good jobs
210,Terminal Bus Ajibarang,galang geleng,5,Lumayan,Positif,Lumayan,lumayan,lumayan,lumayan,['lumayan'],['lumayan'],lumayan
211,Terminal Bus Ajibarang,chompar champur chanel,5,Lumayan,Positif,Lumayan,lumayan,lumayan,lumayan,['lumayan'],['lumayan'],lumayan
212,Terminal Bus Ajibarang,Daryanto Asha,5,"Nice, armada mencukupi, pelayanan agen ramah , good luck sinjay Ajibarang  #busmania",Positif,Nice armada mencukupi pelayanan agen ramah  good luck sinjay Ajibarang,nice armada mencukupi pelayanan agen ramah  good luck sinjay ajibarang,nice armada mencukupi pelayanan agen ramah good luck sinjay ajibarang,nice armada cukup layan agen ramah good luck sinjay ajibarang,"['nice', 'armada', 'cukup', 'layan', 'agen', 'ramah', 'good', 'luck', 'sinjay', 'ajibarang']","['nice', 'armada', 'layan', 'agen', 'ramah', 'good', 'luck', 'sinjay', 'ajibarang']",nice armada layan agen ramah good luck sinjay ajibarang
213,Terminal Bus Ajibarang,Alif Tristanto,5,"Tempat yg bagus,nyaman dan aman",Positif,Tempat yg bagusnyaman dan aman,tempat yg bagusnyaman dan aman,tempat yang bagusnyaman dan aman,tempat yang bagusnyaman dan aman,"['tempat', 'yang', 'bagusnyaman', 'dan', 'aman']","['bagusnyaman', 'aman']",bagusnyaman aman
214,Terminal Bus Ajibarang,Pramudya Aditama Vidyabrata,4,"Terminal Bus Ajibarang adalah tempat Transit dari Bis Bis AKAP, bis luar kota dari arah selatan seperti Cilacap, Purwokerto, Jogja, dll ... Terminalnya tidak terlalu besar tetapi cukup ramai ... Banyak warung yang menyajikan Snack dan makanan berat untuk persiapan keberangkatan ke luar kota ...",Positif,Terminal Bus Ajibarang adalah tempat Transit dari Bis Bis AKAP bis luar kota dari arah selatan seperti Cilacap Purwokerto Jogja dll  Terminalnya tidak terlalu besar tetapi cukup ramai  Banyak warung yang menyajikan Snack dan makanan berat untuk persiapan keberangkatan ke luar kota,terminal bus ajibarang adalah tempat transit dari bis bis akap bis luar kota dari arah selatan seperti cilacap purwokerto jogja dll  terminalnya tidak terlalu besar tetapi cukup ramai  banyak warung yang menyajikan snack dan makanan berat untuk persiapan keberangkatan ke luar kota,terminal bus ajibarang adalah tempat transit dari bis bis akap bis luar kota dari arah selatan seperti cilacap purwokerto jogja dll terminalnya tidak terlalu besar tetapi cukup ramai banyak warung yang menyajikan snack dan makanan berat untuk persiapan keberangkatan ke luar kota,terminal bus ajibarang adalah tempat transit dari bis bis akap bis luar kota dari arah selatan seperti cilacap purwokerto jogja dll terminal tidak terlalu besar tetapi cukup ramai banyak warung yang saji snack dan makan berat untuk siap berangkat ke luar kota,"['terminal', 'bus', 'ajibarang', 'adalah', 'tempat', 'transit', 'dari', 'bis', 'bis', 'akap', 'bis', 'luar', 'kota', 'dari', 'arah', 'selatan', 'seperti', 'cilacap', 'purwokerto', 'jogja', 'dll', 'terminal', 'tidak', 'terlalu', 'besar', 'tetapi', 'cukup', 'ramai', 'banyak', 'warung', 'yang', 'saji', 'snack', 'dan', 'makan', 'berat', 'untuk', 'siap', 'berangkat', 'ke', 'luar', 'kota']","['terminal', 'bus', 'ajibarang', 'transit', 'bis', 'bis', 'akap', 'bis', 'kota', 'arah', 'selatan', 'cilacap', 'purwokerto', 'jogja', 'dll', 'terminal', 'tidak', 'ramai', 'warung', 'saji', 'snack', 'makan', 'berat', 'berangkat', 'kota']",terminal bus ajibarang transit bis bis akap bis kota arah selatan cilacap purwokerto jogja dll terminal tidak ramai warung saji snack makan berat berangkat kota
215,Terminal Baturraden,Reynold Rudyismanto,5,"Terminal bus trans Banyumas, jarak ke tempat wisata Baturraden hanya 15 menit berjalan kaki atau bisa juga naik angkot kalau males jalan kaki",Positif,Terminal bus trans Banyumas jarak ke tempat wisata Baturraden hanya  menit berjalan kaki atau bisa juga naik angkot kalau males jalan kaki,terminal bus trans banyumas jarak ke tempat wisata baturraden hanya  menit berjalan kaki atau bisa juga naik angkot kalau males jalan kaki,terminal bus trans banyumas jarak ke tempat wisata baturraden hanya menit berjalan kaki atau bisa juga naik angkot kalau malas jalan kaki,terminal bus trans banyumas jarak ke tempat wisata baturraden hanya menit jalan kaki atau bisa juga naik angkot kalau malas jalan kaki,"['terminal', 'bus', 'trans', 'banyumas', 'jarak', 'ke', 'tempat', 'wisata', 'baturraden', 'hanya', 'menit', 'jalan', 'kaki', 'atau', 'bisa', 'juga', 'naik', 'angkot', 'kalau', 'malas', 'jalan', 'kaki']","['terminal', 'bus', 'trans', 'banyumas', 'jarak', 'wisata', 'baturraden', 'menit', 'jalan', 'kaki', 'angkot', 'malas', 'jalan', 'kaki']",terminal bus trans banyumas jarak wisata baturraden menit jalan kaki angkot malas jalan kaki
216,Terminal Baturraden,Karso Karsobae,5,Mantap,Positif,Mantap,mantap,mantap,mantap,['mantap'],['mantap'],mantap
217,Terminal Baturraden,achmad sobirin,5,Bersih dan rapi,Positif,Bersih dan rapi,bersih dan rapi,bersih dan rapi,bersih dan rapi,"['bersih', 'dan', 'rapi']","['bersih', 'rapi']",bersih rapi
218,Terminal Baturraden,Nenk Gadis,5,Keren,Positif,Keren,keren,keren,keren,['keren'],['keren'],keren
219,Terminal Baturraden,Mar Syakill,5,Tempat wisata favorit,Positif,Tempat wisata favorit,tempat wisata favorit,tempat wisata favorit,tempat wisata favorit,"['tempat', 'wisata', 'favorit']","['wisata', 'favorit']",wisata favorit
220,Terminal Baturraden,Santi Upi,2,"Sebenernya oke banget sih ini karna ada trans banyumaas nya, hanya saja sayang banget supir angkot yang kurang tertib getok harga di tengah perjalanan juga terkesan maksa dengan nada tinggi bikin gak oke sama sekali 🙏",Negatif,Sebenernya oke banget sih ini karna ada trans banyumaas nya hanya saja sayang banget supir angkot yang kurang tertib getok harga di tengah perjalanan juga terkesan maksa dengan nada tinggi bikin gak oke sama sekali,sebenernya oke banget sih ini karna ada trans banyumaas nya hanya saja sayang banget supir angkot yang kurang tertib getok harga di tengah perjalanan juga terkesan maksa dengan nada tinggi bikin gak oke sama sekali,sebenarnya oke  sekali sih ini karena ada trans banyumaas nya hanya saja sayang  sekali supir angkot yang kurang tertib getok harga di tengah perjalanan juga terkesan maksa dengan nada tinggi bikin enggak oke sama sekali,benar oke sekali sih ini karena ada trans banyumaas nya hanya saja sayang sekali supir angkot yang kurang tertib getok harga di tengah jalan juga kes maksa dengan nada tinggi bikin enggak oke sama sekali,"['benar', 'oke', 'sekali', 'sih', 'ini', 'karena', 'ada', 'trans', 'banyumaas', 'nya', 'hanya', 'saja', 'sayang', 'sekali', 'supir', 'angkot', 'yang', 'kurang', 'tertib', 'getok', 'harga', 'di', 'tengah', 'jalan', 'juga', 'kes', 'maksa', 'dengan', 'nada', 'tinggi', 'bikin', 'enggak', 'oke', 'sama', 'sekali']","['oke', 'trans', 'banyumaas', 'sayang', 'supir', 'angkot', 'tertib', 'getok', 'harga', 'jalan', 'kes', 'maksa', 'nada', 'bikin', 'oke']",oke trans banyumaas sayang supir angkot tertib getok harga jalan kes maksa nada bikin oke
221,Terminal Baturraden,Toto Budihutomo,5,Rumah nyaman dan menyenangkan,Positif,Rumah nyaman dan menyenangkan,rumah nyaman dan menyenangkan,rumah nyaman dan menyenangkan,rumah nyaman dan senang,"['rumah', 'nyaman', 'dan', 'senang']","['rumah', 'nyaman', 'senang']",rumah nyaman senang
222,Terminal Baturraden,Ripto Dwi,5,Bersih.....,Positif,Bersih,bersih,bersih,bersih,['bersih'],['bersih'],bersih
223,Terminal Baturraden,Muhammad Puguh Madani,4,"Terminalnya sepi, untuk fasilitas umumnya masih kurang... Banyak pedagang oleh oleh, warung disini rata rata bukanya siang & untuk tempat makan cuma ada beberapa itupun warteg. Hanya melayani angkotan desa/umum & bus trans banyumas",Positif,Terminalnya sepi untuk fasilitas umumnya masih kurang Banyak pedagang oleh oleh warung disini rata rata bukanya siang  untuk tempat makan cuma ada beberapa itupun warteg Hanya melayani angkotan desaumum  bus trans banyumas,terminalnya sepi untuk fasilitas umumnya masih kurang banyak pedagang oleh oleh warung disini rata rata bukanya siang  untuk tempat makan cuma ada beberapa itupun warteg hanya melayani angkotan desaumum  bus trans banyumas,terminalnya sepi untuk fasilitas umumnya masih kurang banyak pedagang oleh oleh warung disini rata rata bukanya siang untuk tempat makan cuma ada beberapa itupun warteg hanya melayani angkotan desaumum bus trans banyumas,terminal sepi untuk fasilitas umum masih kurang banyak dagang oleh oleh warung sini rata rata buka siang untuk tempat makan cuma ada beberapa itu warteg hanya layan angkotan desaumum bus trans banyumas,"['terminal', 'sepi', 'untuk', 'fasilitas', 'umum', 'masih', 'kurang', 'banyak', 'dagang', 'oleh', 'oleh', 'warung', 'sini', 'rata', 'rata', 'buka', 'siang', 'untuk', 'tempat', 'makan', 'cuma', 'ada', 'beberapa', 'itu', 'warteg', 'hanya', 'layan', 'angkotan', 'desaumum', 'bus', 'trans', 'banyumas']","['terminal', 'sepi', 'fasilitas', 'dagang', 'warung', 'buka', 'siang', 'makan', 'warteg', 'layan', 'angkotan', 'desaumum', 'bus', 'trans', 'banyumas']",terminal sepi fasilitas dagang warung buka siang makan warteg layan angkotan desaumum bus trans banyumas
224,Terminal Baturraden,Raiten Yun,5,"sejuk ..
deket dengan taman wisata baturaden",Positif,sejuk  deket dengan taman wisata baturaden,sejuk  deket dengan taman wisata baturaden,sejuk dekat dengan taman wisata baturaden,sejuk dekat dengan taman wisata baturaden,"['sejuk', 'dekat', 'dengan', 'taman', 'wisata', 'baturaden']","['sejuk', 'taman', 'wisata', 'baturaden']",sejuk taman wisata baturaden
225,Terminal Baturraden,LOAD XD,5,kaya pukimay,Positif,kaya pukimay,kaya pukimay,kayak pukimay,kayak pukimay,"['kayak', 'pukimay']","['kayak', 'pukimay']",kayak pukimay
226,Terminal Baturraden,Warung Gora,5,"Belanja pakaian, accesories,pulsa,top up, transfer,nyalon..komplit...harga murah tp bagus sesuai harga.pelayanan ramah.",Positif,Belanja pakaian accesoriespulsatop up transfernyalonkomplitharga murah tp bagus sesuai hargapelayanan ramah,belanja pakaian accesoriespulsatop up transfernyalonkomplitharga murah tp bagus sesuai hargapelayanan ramah,belanja pakaian  aksesoris pulsa up transfernyalonkomplitharga murah tapi bagus sesuai hargapelayanan ramah,belanja pakai aksesoris pulsa up transfernyalonkomplitharga murah tapi bagus sesuai hargapelayanan ramah,"['belanja', 'pakai', 'aksesoris', 'pulsa', 'up', 'transfernyalonkomplitharga', 'murah', 'tapi', 'bagus', 'sesuai', 'hargapelayanan', 'ramah']","['belanja', 'pakai', 'aksesoris', 'pulsa', 'transfernyalonkomplitharga', 'murah', 'bagus', 'sesuai', 'hargapelayanan', 'ramah']",belanja pakai aksesoris pulsa transfernyalonkomplitharga murah bagus sesuai hargapelayanan ramah
227,Terminal Baturraden,jalmi nyondong,5,Terminal yang relatif nyaman dan tidak terlalu ramai 🥰,Positif,Terminal yang relatif nyaman dan tidak terlalu ramai,terminal yang relatif nyaman dan tidak terlalu ramai,terminal yang relatif nyaman dan tidak terlalu ramai,terminal yang relatif nyaman dan tidak terlalu ramai,"['terminal', 'yang', 'relatif', 'nyaman', 'dan', 'tidak', 'terlalu', 'ramai']","['terminal', 'relatif', 'nyaman', 'tidak', 'ramai']",terminal relatif nyaman tidak ramai
228,Terminal Baturraden,Muhammad Miftah Farid,4,"Keren banget bisa ke Baturraden naik transum, semoga sih semua kota2 / wisata di Indonesia bisa mencontoh ini.",Positif,Keren banget bisa ke Baturraden naik transum semoga sih semua kota  wisata di Indonesia bisa mencontoh ini,keren banget bisa ke baturraden naik transum semoga sih semua kota  wisata di indonesia bisa mencontoh ini,keren  sekali bisa ke baturraden naik transum semoga sih semua kota wisata di indonesia bisa mencontoh ini,keren sekali bisa ke baturraden naik transum moga sih semua kota wisata di indonesia bisa contoh ini,"['keren', 'sekali', 'bisa', 'ke', 'baturraden', 'naik', 'transum', 'moga', 'sih', 'semua', 'kota', 'wisata', 'di', 'indonesia', 'bisa', 'contoh', 'ini']","['keren', 'baturraden', 'transum', 'moga', 'kota', 'wisata', 'indonesia', 'contoh']",keren baturraden transum moga kota wisata indonesia contoh
229,Terminal Baturraden,Rahma Damayanti,5,Tempatnya lumayan luas. Ada angkot yang bisa dicharter ke arah pintu masuk wisata baturraden dan tempat pemberhentian bus trans banyumas,Positif,Tempatnya lumayan luas Ada angkot yang bisa dicharter ke arah pintu masuk wisata baturraden dan tempat pemberhentian bus trans banyumas,tempatnya lumayan luas ada angkot yang bisa dicharter ke arah pintu masuk wisata baturraden dan tempat pemberhentian bus trans banyumas,tempatnya lumayan luas ada angkot yang bisa dicharter ke arah pintu masuk wisata baturraden dan tempat pemberhentian bus trans banyumas,tempat lumayan luas ada angkot yang bisa dicharter ke arah pintu masuk wisata baturraden dan tempat henti bus trans banyumas,"['tempat', 'lumayan', 'luas', 'ada', 'angkot', 'yang', 'bisa', 'dicharter', 'ke', 'arah', 'pintu', 'masuk', 'wisata', 'baturraden', 'dan', 'tempat', 'henti', 'bus', 'trans', 'banyumas']","['lumayan', 'luas', 'angkot', 'dicharter', 'arah', 'pintu', 'masuk', 'wisata', 'baturraden', 'henti', 'bus', 'trans', 'banyumas']",lumayan luas angkot dicharter arah pintu masuk wisata baturraden henti bus trans banyumas
230,Terminal Baturraden,Dewi Wahyuni,5,wah bagus teman bus nya seru dan nyaman,Positif,wah bagus teman bus nya seru dan nyaman,wah bagus teman bus nya seru dan nyaman,wah bagus teman bus nya seru dan nyaman,wah bagus teman bus nya seru dan nyaman,"['wah', 'bagus', 'teman', 'bus', 'nya', 'seru', 'dan', 'nyaman']","['bagus', 'teman', 'bus', 'seru', 'nyaman']",bagus teman bus seru nyaman
231,Terminal Baturraden,wiwin setiabudi,5,Terminal baturaden di atas sendiri. turun bus bisa menikmati wisata di seitaran baturaden banyak fila dan tempat wisata,Positif,Terminal baturaden di atas sendiri turun bus bisa menikmati wisata di seitaran baturaden banyak fila dan tempat wisata,terminal baturaden di atas sendiri turun bus bisa menikmati wisata di seitaran baturaden banyak fila dan tempat wisata,terminal baturaden di atas sendiri turun bus bisa menikmati wisata di seitaran baturaden banyak fila dan tempat wisata,terminal baturaden di atas sendiri turun bus bisa nikmat wisata di seitaran baturaden banyak fila dan tempat wisata,"['terminal', 'baturaden', 'di', 'atas', 'sendiri', 'turun', 'bus', 'bisa', 'nikmat', 'wisata', 'di', 'seitaran', 'baturaden', 'banyak', 'fila', 'dan', 'tempat', 'wisata']","['terminal', 'baturaden', 'turun', 'bus', 'nikmat', 'wisata', 'seitaran', 'baturaden', 'fila', 'wisata']",terminal baturaden turun bus nikmat wisata seitaran baturaden fila wisata
232,Terminal Baturraden,amir soediro,5,Parkir disini..tdk mampir,Positif,Parkir disinitdk mampir,parkir disinitdk mampir,parkir disinitdk mampir,parkir disinitdk mampir,"['parkir', 'disinitdk', 'mampir']","['parkir', 'disinitdk', 'mampir']",parkir disinitdk mampir
233,Terminal Baturraden,ecko nugroho,5,"Setelah sekian tahun, menyenangkan bisa balik lagi ke Baturraden.. manstaabb... 👍",Positif,Setelah sekian tahun menyenangkan bisa balik lagi ke Baturraden manstaabb,setelah sekian tahun menyenangkan bisa balik lagi ke baturraden manstaabb,setelah sekian tahun menyenangkan bisa balik lagi ke baturraden manstaabb,telah sekian tahun senang bisa balik lagi ke baturraden manstaabb,"['telah', 'sekian', 'tahun', 'senang', 'bisa', 'balik', 'lagi', 'ke', 'baturraden', 'manstaabb']","['sekian', 'senang', 'baturraden', 'manstaabb']",sekian senang baturraden manstaabb
234,Terminal Baturraden,Taryoko ao,5,Recommended gerbang wisata,Positif,Recommended gerbang wisata,recommended gerbang wisata,recommended gerbang wisata,recommended gerbang wisata,"['recommended', 'gerbang', 'wisata']","['recommended', 'gerbang', 'wisata']",recommended gerbang wisata
235,Terminal Baturraden,Arek Channel,4,Udaranya masih seger banget walaupun di terminal,Positif,Udaranya masih seger banget walaupun di terminal,udaranya masih seger banget walaupun di terminal,udaranya masih segar  sekali walaupun di terminal,udara masih segar sekali walaupun di terminal,"['udara', 'masih', 'segar', 'sekali', 'walaupun', 'di', 'terminal']","['udara', 'segar', 'terminal']",udara segar terminal
236,Terminal Baturraden,Rudi hurley,4,"Jalan""",Positif,Jalan,jalan,jalan,jalan,['jalan'],['jalan'],jalan
237,Terminal Baturraden,Wahyono Noviantoro (Cipuk),5,"Agak jauh dari lokasi wisata, hrs naik kendaraan lagi",Positif,Agak jauh dari lokasi wisata hrs naik kendaraan lagi,agak jauh dari lokasi wisata hrs naik kendaraan lagi,agak jauh dari lokasi wisata harus naik kendaraan lagi,agak jauh dari lokasi wisata harus naik kendara lagi,"['agak', 'jauh', 'dari', 'lokasi', 'wisata', 'harus', 'naik', 'kendara', 'lagi']","['lokasi', 'wisata', 'kendara']",lokasi wisata kendara
238,Terminal Baturraden,Unggi Wibowo,4,"Tidak banyak perubahan fisik.
Tapi sekarang, terminalnya lebih hidup karena ada Trans Banyumas sampe sini.",Positif,Tidak banyak perubahan fisik Tapi sekarang terminalnya lebih hidup karena ada Trans Banyumas sampe sini,tidak banyak perubahan fisik tapi sekarang terminalnya lebih hidup karena ada trans banyumas sampe sini,tidak banyak perubahan fisik tapi sekarang terminalnya lebih hidup karena ada trans banyumas sampai sini,tidak banyak ubah fisik tapi sekarang terminal lebih hidup karena ada trans banyumas sampai sini,"['tidak', 'banyak', 'ubah', 'fisik', 'tapi', 'sekarang', 'terminal', 'lebih', 'hidup', 'karena', 'ada', 'trans', 'banyumas', 'sampai', 'sini']","['tidak', 'ubah', 'fisik', 'terminal', 'hidup', 'trans', 'banyumas']",tidak ubah fisik terminal hidup trans banyumas
239,Terminal Baturraden,Hesti Ajeng,5,"Lokasi bis trans banyumas koridor 2 parkir, dan ada jg angkutan umum pedesaan lainnya. Lokasi nya byk warung yang  bjualan makanan/minuman. klo mau cari toilet letaknya di pojokan sblh kanan.",Positif,Lokasi bis trans banyumas koridor  parkir dan ada jg angkutan umum pedesaan lainnya Lokasi nya byk warung yang  bjualan makananminuman klo mau cari toilet letaknya di pojokan sblh kanan,lokasi bis trans banyumas koridor  parkir dan ada jg angkutan umum pedesaan lainnya lokasi nya byk warung yang  bjualan makananminuman klo mau cari toilet letaknya di pojokan sblh kanan,lokasi bis trans banyumas koridor parkir dan ada juga angkutan umum pedesaan lainnya lokasi nya banyak warung yang bjualan makananminuman kalo mau cari toilet letaknya di pojokan sebelah kanan,lokasi bis trans banyumas koridor parkir dan ada juga angkut umum desa lain lokasi nya banyak warung yang bjualan makananminuman kalo mau cari toilet letak di pojok belah kanan,"['lokasi', 'bis', 'trans', 'banyumas', 'koridor', 'parkir', 'dan', 'ada', 'juga', 'angkut', 'umum', 'desa', 'lain', 'lokasi', 'nya', 'banyak', 'warung', 'yang', 'bjualan', 'makananminuman', 'kalo', 'mau', 'cari', 'toilet', 'letak', 'di', 'pojok', 'belah', 'kanan']","['lokasi', 'bis', 'trans', 'banyumas', 'koridor', 'parkir', 'angkut', 'desa', 'lokasi', 'warung', 'bjualan', 'makananminuman', 'kalo', 'cari', 'toilet', 'letak', 'pojok', 'belah', 'kanan']",lokasi bis trans banyumas koridor parkir angkut desa lokasi warung bjualan makananminuman kalo cari toilet letak pojok belah kanan
240,Terminal Baturraden,KARTASOEWARTO UNIVERSAL,4,BATURRADEN aku sering ke sini,Positif,BATURRADEN aku sering ke sini,baturraden aku sering ke sini,baturraden aku sering ke sini,baturraden aku sering ke sini,"['baturraden', 'aku', 'sering', 'ke', 'sini']",['baturraden'],baturraden
241,Terminal Baturraden,Arif Petualang,5,Ada Trans Banyumas yang akan bolak balik dari Baturraden ke kota Purwokerto. Armadanya yang bagus bersih dan baru. Tarif masih Free.,Positif,Ada Trans Banyumas yang akan bolak balik dari Baturraden ke kota Purwokerto Armadanya yang bagus bersih dan baru Tarif masih Free,ada trans banyumas yang akan bolak balik dari baturraden ke kota purwokerto armadanya yang bagus bersih dan baru tarif masih free,ada trans banyumas yang akan bolak balik dari baturraden ke kota purwokerto armadanya yang bagus bersih dan baru tarif masih free,ada trans banyumas yang akan bolak balik dari baturraden ke kota purwokerto armada yang bagus bersih dan baru tarif masih free,"['ada', 'trans', 'banyumas', 'yang', 'akan', 'bolak', 'balik', 'dari', 'baturraden', 'ke', 'kota', 'purwokerto', 'armada', 'yang', 'bagus', 'bersih', 'dan', 'baru', 'tarif', 'masih', 'free']","['trans', 'banyumas', 'bolak', 'baturraden', 'kota', 'purwokerto', 'armada', 'bagus', 'bersih', 'tarif', 'free']",trans banyumas bolak baturraden kota purwokerto armada bagus bersih tarif free
242,Terminal Baturraden,Agung Isnawan,4,Popmie nya enak...,Positif,Popmie nya enak,popmie nya enak,popmie nya enak,popmie nya enak,"['popmie', 'nya', 'enak']","['popmie', 'enak']",popmie enak
243,Terminal Baturraden,Bayu ss,5,Terminal,Positif,Terminal,terminal,terminal,terminal,['terminal'],['terminal'],terminal
244,Terminal Baturraden,jusak2011 end,4,Ada bus  trans banyumas jurussn terminal baturraden,Positif,Ada bus  trans banyumas jurussn terminal baturraden,ada bus  trans banyumas jurussn terminal baturraden,ada bus trans banyumas jurussn terminal baturraden,ada bus trans banyumas jurussn terminal baturraden,"['ada', 'bus', 'trans', 'banyumas', 'jurussn', 'terminal', 'baturraden']","['bus', 'trans', 'banyumas', 'jurussn', 'terminal', 'baturraden']",bus trans banyumas jurussn terminal baturraden
245,Terminal Baturraden,Gunawan Edi Wibowo,5,Tempat transit Bus Trans Banyumas.,Positif,Tempat transit Bus Trans Banyumas,tempat transit bus trans banyumas,tempat transit bus trans banyumas,tempat transit bus trans banyumas,"['tempat', 'transit', 'bus', 'trans', 'banyumas']","['transit', 'bus', 'trans', 'banyumas']",transit bus trans banyumas
246,Terminal Baturraden,Andrie Nov,5,"Wisata malam , kuliner malam lengkap",Positif,Wisata malam  kuliner malam lengkap,wisata malam  kuliner malam lengkap,wisata malam kuliner malam lengkap,wisata malam kuliner malam lengkap,"['wisata', 'malam', 'kuliner', 'malam', 'lengkap']","['wisata', 'malam', 'kuliner', 'malam', 'lengkap']",wisata malam kuliner malam lengkap
247,Terminal Baturraden,hols Sell,5,Tempatnya luas,Positif,Tempatnya luas,tempatnya luas,tempatnya luas,tempat luas,"['tempat', 'luas']",['luas'],luas
248,Terminal Baturraden,Anna nuryanti Soemarto Yusup,5,"Bersih,petugas nya jg ramah",Positif,Bersihpetugas nya jg ramah,bersihpetugas nya jg ramah,bersihpetugas nya juga ramah,bersihpetugas nya juga ramah,"['bersihpetugas', 'nya', 'juga', 'ramah']","['bersihpetugas', 'ramah']",bersihpetugas ramah
249,Terminal Baturraden,Widi Winarni,5,Satel rame. Biar nambah incam  bpk2,Positif,Satel rame Biar nambah incam  bpk,satel rame biar nambah incam  bpk,satel rame biar menambah incam bpk,satel rame biar tambah incam bpk,"['satel', 'rame', 'biar', 'tambah', 'incam', 'bpk']","['satel', 'rame', 'biar', 'incam', 'bpk']",satel rame biar incam bpk
250,Terminal Baturraden,Indra Nuryana,5,Asri dan sejuk,Positif,Asri dan sejuk,asri dan sejuk,asri dan sejuk,asri dan sejuk,"['asri', 'dan', 'sejuk']","['asri', 'sejuk']",asri sejuk
251,Terminal Baturraden,Ega Hanan,4,Hari libur rame full bus dan motor,Positif,Hari libur rame full bus dan motor,hari libur rame full bus dan motor,hari libur rame full bus dan motor,hari libur rame full bus dan motor,"['hari', 'libur', 'rame', 'full', 'bus', 'dan', 'motor']","['libur', 'rame', 'full', 'bus', 'motor']",libur rame full bus motor
252,Terminal Baturraden,ESY ensuya,5,Tempatnya stategis layanan bisnya juga bagus,Positif,Tempatnya stategis layanan bisnya juga bagus,tempatnya stategis layanan bisnya juga bagus,tempatnya stategis layanan bisnya juga bagus,tempat stategis layan bis juga bagus,"['tempat', 'stategis', 'layan', 'bis', 'juga', 'bagus']","['stategis', 'layan', 'bis', 'bagus']",stategis layan bis bagus
253,Terminal Baturraden,Heru r,5,"Terminal nya rapih, bus²nya juga bagus dan terawat, untuk destinasi ke baturaden lebih mudah dengan moda transportasi umum",Positif,Terminal nya rapih bus²nya juga bagus dan terawat untuk destinasi ke baturaden lebih mudah dengan moda transportasi umum,terminal nya rapih bus²nya juga bagus dan terawat untuk destinasi ke baturaden lebih mudah dengan moda transportasi umum,terminal nya rapi bus²nya juga bagus dan terawat untuk destinasi ke baturaden lebih mudah dengan moda transportasi umum,terminal nya rapi bus nya juga bagus dan awat untuk destinasi ke baturaden lebih mudah dengan moda transportasi umum,"['terminal', 'nya', 'rapi', 'bus', 'nya', 'juga', 'bagus', 'dan', 'awat', 'untuk', 'destinasi', 'ke', 'baturaden', 'lebih', 'mudah', 'dengan', 'moda', 'transportasi', 'umum']","['terminal', 'rapi', 'bus', 'bagus', 'awat', 'destinasi', 'baturaden', 'mudah', 'moda', 'transportasi']",terminal rapi bus bagus awat destinasi baturaden mudah moda transportasi
254,Terminal Baturraden,Francisca S.,4,"Luas, agak panas sihh",Positif,Luas agak panas sihh,luas agak panas sihh,luas agak panas sih,luas agak panas sih,"['luas', 'agak', 'panas', 'sih']","['luas', 'panas']",luas panas
255,Terminal Baturraden,Nur Widarmanta,4,Ok,Positif,Ok,ok,ok,ok,['ok'],['ok'],ok
256,Terminal Baturraden,Erwin carter sewa khusus Carter antar jemput,4,Ramai...saat weekend,Positif,Ramaisaat weekend,ramaisaat weekend,ramaisaat weekend,ramaisaat weekend,"['ramaisaat', 'weekend']","['ramaisaat', 'weekend']",ramaisaat weekend
257,Terminal Baturraden,Eka Mei Purwanti,4,Quiet,Positif,Quiet,quiet,quiet,quiet,['quiet'],['quiet'],quiet
258,Terminal Baturraden,firli yuliana,5,Rame,Positif,Rame,rame,rame,rame,['rame'],['rame'],rame
259,Terminal Baturraden,Swastika Rama Candra,5,"Dekat obyek wisata Baturraden...
Tempat yg indah...",Positif,Dekat obyek wisata Baturraden Tempat yg indah,dekat obyek wisata baturraden tempat yg indah,dekat obyek wisata baturraden tempat yang indah,dekat obyek wisata baturraden tempat yang indah,"['dekat', 'obyek', 'wisata', 'baturraden', 'tempat', 'yang', 'indah']","['obyek', 'wisata', 'baturraden', 'indah']",obyek wisata baturraden indah
260,Terminal Baturraden,Dicky Kurniawan Pratama,5,Tempatnya indah dan sejuk,Positif,Tempatnya indah dan sejuk,tempatnya indah dan sejuk,tempatnya indah dan sejuk,tempat indah dan sejuk,"['tempat', 'indah', 'dan', 'sejuk']","['indah', 'sejuk']",indah sejuk
261,Terminal Baturraden,Criz,5,Terminal untuk naik ke atas,Positif,Terminal untuk naik ke atas,terminal untuk naik ke atas,terminal untuk naik ke atas,terminal untuk naik ke atas,"['terminal', 'untuk', 'naik', 'ke', 'atas']",['terminal'],terminal
262,Terminal Baturraden,Sarno Sarno,5,"Sejuk,  bersih lingkungan,  bersih  perman.",Positif,Sejuk  bersih lingkungan  bersih  perman,sejuk  bersih lingkungan  bersih  perman,sejuk bersih lingkungan bersih perman,sejuk bersih lingkung bersih man,"['sejuk', 'bersih', 'lingkung', 'bersih', 'man']","['sejuk', 'bersih', 'lingkung', 'bersih', 'man']",sejuk bersih lingkung bersih man
263,Terminal Baturraden,Sekilas Info Official,5,Terminal baturraden pokoknya terbaik 👍,Positif,Terminal baturraden pokoknya terbaik,terminal baturraden pokoknya terbaik,terminal baturraden pokoknya terbaik,terminal baturraden pokok baik,"['terminal', 'baturraden', 'pokok', 'baik']","['terminal', 'baturraden', 'pokok']",terminal baturraden pokok
264,Terminal Baturraden,Machfud Efendi,5,Tertata dengan apik & baik.,Positif,Tertata dengan apik  baik,tertata dengan apik  baik,tertata dengan apik baik,tata dengan apik baik,"['tata', 'dengan', 'apik', 'baik']","['tata', 'apik']",tata apik
265,Terminal Baturraden,Abewe Avaqy,5,Luas longgar pool buat parkir terutama bus parwis,Positif,Luas longgar pool buat parkir terutama bus parwis,luas longgar pool buat parkir terutama bus parwis,luas longgar sekali buat parkir terutama bus parwis,luas longgar sekali buat parkir utama bus parwis,"['luas', 'longgar', 'sekali', 'buat', 'parkir', 'utama', 'bus', 'parwis']","['luas', 'longgar', 'parkir', 'utama', 'bus', 'parwis']",luas longgar parkir utama bus parwis
266,Terminal Baturraden,Sarah Oasis,5,👍,Positif,,,,,[],[],
267,Terminal Baturraden,Hyindrayy Vlog,4,"Strategis tempatnya, bersih busnya jg ontime , supirnya ramah",Positif,Strategis tempatnya bersih busnya jg ontime  supirnya ramah,strategis tempatnya bersih busnya jg ontime  supirnya ramah,strategis tempatnya bersih busnya juga ontime supirnya ramah,strategis tempat bersih bus juga ontime supirnya ramah,"['strategis', 'tempat', 'bersih', 'bus', 'juga', 'ontime', 'supirnya', 'ramah']","['strategis', 'bersih', 'bus', 'ontime', 'supirnya', 'ramah']",strategis bersih bus ontime supirnya ramah
268,Terminal Baturraden,Tina Agustin,4,Terminalnya rapi,Positif,Terminalnya rapi,terminalnya rapi,terminalnya rapi,terminal rapi,"['terminal', 'rapi']","['terminal', 'rapi']",terminal rapi
269,Terminal Baturraden,rumah sunat,2,Semrawut,Negatif,Semrawut,semrawut,semrawut,semrawut,['semrawut'],['semrawut'],semrawut
270,Terminal Baturraden,Ibnu Salman,5,"Terminal nya bersih, alat transportasinya keren (bis tayo) dan suasananya sangat recommended untuk selfi²",Positif,Terminal nya bersih alat transportasinya keren bis tayo dan suasananya sangat recommended untuk selfi²,terminal nya bersih alat transportasinya keren bis tayo dan suasananya sangat recommended untuk selfi²,terminal nya bersih alat transportasinya keren bis tayo dan suasananya sangat recommended untuk selfi²,terminal nya bersih alat transportasi keren bis tayo dan suasana sangat recommended untuk selfi,"['terminal', 'nya', 'bersih', 'alat', 'transportasi', 'keren', 'bis', 'tayo', 'dan', 'suasana', 'sangat', 'recommended', 'untuk', 'selfi']","['terminal', 'bersih', 'alat', 'transportasi', 'keren', 'bis', 'tayo', 'suasana', 'recommended', 'selfi']",terminal bersih alat transportasi keren bis tayo suasana recommended selfi
271,Terminal Baturraden,Nawa Nugraha,5,suka suasana malam. freelance banyak . apakah terkontrol  kesehatannya ?,Positif,suka suasana malam freelance banyak  apakah terkontrol  kesehatannya,suka suasana malam freelance banyak  apakah terkontrol  kesehatannya,suka suasana malam freelance banyak apakah terkontrol kesehatannya,suka suasana malam freelance banyak apakah kontrol sehat,"['suka', 'suasana', 'malam', 'freelance', 'banyak', 'apakah', 'kontrol', 'sehat']","['suka', 'suasana', 'malam', 'freelance', 'kontrol', 'sehat']",suka suasana malam freelance kontrol sehat
272,Terminal Baturraden,len s,5,Sudah rapih dan nyaman,Positif,Sudah rapih dan nyaman,sudah rapih dan nyaman,sudah rapi dan nyaman,sudah rapi dan nyaman,"['sudah', 'rapi', 'dan', 'nyaman']","['rapi', 'nyaman']",rapi nyaman
273,Terminal Baturraden,Fazrun Nazah,5,Indah,Positif,Indah,indah,indah,indah,['indah'],['indah'],indah
274,Terminal Baturraden,Agung Tri wibowo,5,"Tempat asik cari makan malam di baturraden, buka sampai sebelum subuh",Positif,Tempat asik cari makan malam di baturraden buka sampai sebelum subuh,tempat asik cari makan malam di baturraden buka sampai sebelum subuh,tempat asik cari makan malam di baturraden buka sampai sebelum subuh,tempat asik cari makan malam di baturraden buka sampai belum subuh,"['tempat', 'asik', 'cari', 'makan', 'malam', 'di', 'baturraden', 'buka', 'sampai', 'belum', 'subuh']","['asik', 'cari', 'makan', 'malam', 'baturraden', 'buka', 'subuh']",asik cari makan malam baturraden buka subuh
275,Terminal Baturraden,Fendi triyatno,5,googl maps sangat membantu kita saat mencari lokasi yang belom pernah kita tuju.,Positif,googl maps sangat membantu kita saat mencari lokasi yang belom pernah kita tuju,googl maps sangat membantu kita saat mencari lokasi yang belom pernah kita tuju,googl peta sangat membantu kita saat mencari lokasi yang belum pernah kita tuju,googl peta sangat bantu kita saat cari lokasi yang belum pernah kita tuju,"['googl', 'peta', 'sangat', 'bantu', 'kita', 'saat', 'cari', 'lokasi', 'yang', 'belum', 'pernah', 'kita', 'tuju']","['googl', 'peta', 'bantu', 'cari', 'lokasi', 'tuju']",googl peta bantu cari lokasi tuju
276,Terminal Baturraden,Naning Yuli,5,"Tempat pemberhentian yg sangat ramah.., orang""nya sangat ramah, sangat membantu dan dapat dipercaya....",Positif,Tempat pemberhentian yg sangat ramah orangnya sangat ramah sangat membantu dan dapat dipercaya,tempat pemberhentian yg sangat ramah orangnya sangat ramah sangat membantu dan dapat dipercaya,tempat pemberhentian yang sangat ramah orangnya sangat ramah sangat membantu dan dapat dipercaya,tempat henti yang sangat ramah orang sangat ramah sangat bantu dan dapat percaya,"['tempat', 'henti', 'yang', 'sangat', 'ramah', 'orang', 'sangat', 'ramah', 'sangat', 'bantu', 'dan', 'dapat', 'percaya']","['henti', 'ramah', 'orang', 'ramah', 'bantu', 'percaya']",henti ramah orang ramah bantu percaya
277,Terminal Baturraden,Stefizamora Channel,5,Enak banget sejuk ..,Positif,Enak banget sejuk,enak banget sejuk,enak  sekali sejuk,enak sekali sejuk,"['enak', 'sekali', 'sejuk']","['enak', 'sejuk']",enak sejuk
278,Terminal Baturraden,Agus Mujo nugroho,5,Tempatnya Rama lancar. Ramah ramah orang nya . Terus pertahankan dan tingkatkan,Positif,Tempatnya Rama lancar Ramah ramah orang nya  Terus pertahankan dan tingkatkan,tempatnya rama lancar ramah ramah orang nya  terus pertahankan dan tingkatkan,tempatnya rama lancar ramah ramah orang nya terus pertahankan dan tingkatkan,tempat rama lancar ramah ramah orang nya terus tahan dan tingkat,"['tempat', 'rama', 'lancar', 'ramah', 'ramah', 'orang', 'nya', 'terus', 'tahan', 'dan', 'tingkat']","['rama', 'lancar', 'ramah', 'ramah', 'orang', 'tahan', 'tingkat']",rama lancar ramah ramah orang tahan tingkat
279,Terminal Baturraden,asfamoet,5,"Terminal Baturraden, menjadi tempat pemberhentian bus trans Banyumas (koridor notog baturaden.",Positif,Terminal Baturraden menjadi tempat pemberhentian bus trans Banyumas koridor notog baturaden,terminal baturraden menjadi tempat pemberhentian bus trans banyumas koridor notog baturaden,terminal baturraden menjadi tempat pemberhentian bus trans banyumas koridor membawa baturaden,terminal baturraden jadi tempat henti bus trans banyumas koridor bawa baturaden,"['terminal', 'baturraden', 'jadi', 'tempat', 'henti', 'bus', 'trans', 'banyumas', 'koridor', 'bawa', 'baturaden']","['terminal', 'baturraden', 'henti', 'bus', 'trans', 'banyumas', 'koridor', 'bawa', 'baturaden']",terminal baturraden henti bus trans banyumas koridor bawa baturaden
280,Terminal Baturraden,Muhammad Andika,5,Numpang makan doang di terminal Baturraden 😂,Positif,Numpang makan doang di terminal Baturraden,numpang makan doang di terminal baturraden,numpang makan doang di terminal baturraden,numpang makan doang di terminal baturraden,"['numpang', 'makan', 'doang', 'di', 'terminal', 'baturraden']","['numpang', 'makan', 'doang', 'terminal', 'baturraden']",numpang makan doang terminal baturraden
281,Terminal Baturraden,Dewi Rorowulan,5,Rapih dan tertata,Positif,Rapih dan tertata,rapih dan tertata,rapi dan tertata,rapi dan tata,"['rapi', 'dan', 'tata']","['rapi', 'tata']",rapi tata
282,Terminal Baturraden,Slamet Prayogi,5,Very nice 👍 full service,Positif,Very nice  full service,very nice  full service,very nice full service,very nice full service,"['very', 'nice', 'full', 'service']","['nice', 'full', 'service']",nice full service
283,Terminal Baturraden,Wahyunugro Nugroho,5,sejuk khas pegunungan. Bikin betah.,Positif,sejuk khas pegunungan Bikin betah,sejuk khas pegunungan bikin betah,sejuk khas pegunungan bikin betah,sejuk khas gunung bikin betah,"['sejuk', 'khas', 'gunung', 'bikin', 'betah']","['sejuk', 'khas', 'gunung', 'bikin', 'betah']",sejuk khas gunung bikin betah
284,Terminal Baturraden,Wildi Primanda,5,Tempat finish para pesepeda di purwokerto..,Positif,Tempat finish para pesepeda di purwokerto,tempat finish para pesepeda di purwokerto,tempat finish para pesepeda di purwokerto,tempat finish para sepeda di purwokerto,"['tempat', 'finish', 'para', 'sepeda', 'di', 'purwokerto']","['finish', 'sepeda', 'purwokerto']",finish sepeda purwokerto
285,Terminal Baturraden,paulus santoso,5,hari kamis sampai di baturaden..sepi...enak ke baturadennya..bisa foto puas...,Positif,hari kamis sampai di baturadensepienak ke baturadennyabisa foto puas,hari kamis sampai di baturadensepienak ke baturadennyabisa foto puas,hari kamis sampai di baturadensepienak ke baturadennyabisa foto puas,hari kamis sampai di baturadensepienak ke baturadennyabisa foto puas,"['hari', 'kamis', 'sampai', 'di', 'baturadensepienak', 'ke', 'baturadennyabisa', 'foto', 'puas']","['kamis', 'baturadensepienak', 'baturadennyabisa', 'foto', 'puas']",kamis baturadensepienak baturadennyabisa foto puas
286,Terminal Baturraden,Maria Suyatmi,4,Ramai sekali,Positif,Ramai sekali,ramai sekali,ramai sekali,ramai sekali,"['ramai', 'sekali']",['ramai'],ramai
287,Terminal Baturraden,Mahareza Mosleha,4,Menarik,Positif,Menarik,menarik,menarik,tarik,['tarik'],['tarik'],tarik
288,Terminal Baturraden,Ajat Vivo,5,Siap membantu pembuatan taman,Positif,Siap membantu pembuatan taman,siap membantu pembuatan taman,siap membantu pembuatan taman,siap bantu buat taman,"['siap', 'bantu', 'buat', 'taman']","['bantu', 'taman']",bantu taman
289,Terminal Baturraden,tonny sugiarto,5,Enak sejuk suasananya,Positif,Enak sejuk suasananya,enak sejuk suasananya,enak sejuk suasananya,enak sejuk suasana,"['enak', 'sejuk', 'suasana']","['enak', 'sejuk', 'suasana']",enak sejuk suasana
290,Terminal Baturraden,Hilman Sukmarahayu,4,"Terminal nya tertata, bersih tertib dan petugas nya pun ramah.. Ga ada yang aneh aneh..",Positif,Terminal nya tertata bersih tertib dan petugas nya pun ramah Ga ada yang aneh aneh,terminal nya tertata bersih tertib dan petugas nya pun ramah ga ada yang aneh aneh,terminal nya tertata bersih tertib dan petugas nya pun ramah enggak ada yang aneh aneh,terminal nya tata bersih tertib dan tugas nya pun ramah enggak ada yang aneh aneh,"['terminal', 'nya', 'tata', 'bersih', 'tertib', 'dan', 'tugas', 'nya', 'pun', 'ramah', 'enggak', 'ada', 'yang', 'aneh', 'aneh']","['terminal', 'tata', 'bersih', 'tertib', 'tugas', 'ramah', 'aneh', 'aneh']",terminal tata bersih tertib tugas ramah aneh aneh
291,Terminal Baturraden,Budi Handoko Sujatno,5,Terminal sebelum naik ke area wisata,Positif,Terminal sebelum naik ke area wisata,terminal sebelum naik ke area wisata,terminal sebelum naik ke area wisata,terminal belum naik ke area wisata,"['terminal', 'belum', 'naik', 'ke', 'area', 'wisata']","['terminal', 'area', 'wisata']",terminal area wisata
292,Terminal Baturraden,Eka Fisha,5,terminal yg rameeeee terusss,Positif,terminal yg rameeeee terusss,terminal yg rameeeee terusss,terminal yang rameeeee terus,terminal yang rameeeee terus,"['terminal', 'yang', 'rameeeee', 'terus']","['terminal', 'rameeeee']",terminal rameeeee
293,Terminal Baturraden,Erwin Saja,5,Terminalnya bersih dan rapi,Positif,Terminalnya bersih dan rapi,terminalnya bersih dan rapi,terminalnya bersih dan rapi,terminal bersih dan rapi,"['terminal', 'bersih', 'dan', 'rapi']","['terminal', 'bersih', 'rapi']",terminal bersih rapi
294,Terminal Baturraden,Rama Purwokerto,5,Dinginn,Positif,Dinginn,dinginn,dinginn,dinginn,['dinginn'],['dinginn'],dinginn
295,Terminal Baturraden,Damar Wijayadi,5,Pemandanganya baguss .,Positif,Pemandanganya baguss,pemandanganya baguss,pemandanganya bagus,pemandanganya bagus,"['pemandanganya', 'bagus']","['pemandanganya', 'bagus']",pemandanganya bagus
296,Terminal Baturraden,Ibn saheel,5,Terminal bus lokawisata,Positif,Terminal bus lokawisata,terminal bus lokawisata,terminal bus lokawisata,terminal bus lokawisata,"['terminal', 'bus', 'lokawisata']","['terminal', 'bus', 'lokawisata']",terminal bus lokawisata
297,Terminal Baturraden,Saif Alvin,5,Menjadi favorit para goweser untuk istirahat dan foto sudah bagus,Positif,Menjadi favorit para goweser untuk istirahat dan foto sudah bagus,menjadi favorit para goweser untuk istirahat dan foto sudah bagus,menjadi favorit para goweser untuk istirahat dan foto sudah bagus,jadi favorit para goweser untuk istirahat dan foto sudah bagus,"['jadi', 'favorit', 'para', 'goweser', 'untuk', 'istirahat', 'dan', 'foto', 'sudah', 'bagus']","['favorit', 'goweser', 'istirahat', 'foto', 'bagus']",favorit goweser istirahat foto bagus
298,Terminal Baturraden,Paulette Stevens,5,Ngopi pas klo disini anget² sambil ngeliat yg indah²,Positif,Ngopi pas klo disini anget² sambil ngeliat yg indah²,ngopi pas klo disini anget² sambil ngeliat yg indah²,ngopi  ketika kalo disini anget² sambil melihat yang indah²,ngopi ketika kalo sini anget sambil lihat yang indah,"['ngopi', 'ketika', 'kalo', 'sini', 'anget', 'sambil', 'lihat', 'yang', 'indah']","['ngopi', 'kalo', 'anget', 'lihat', 'indah']",ngopi kalo anget lihat indah
299,Terminal Baturraden,Rifqi Amrullah,5,So many tourism's bus,Positif,So many tourisms bus,so many tourisms bus,sok many tourisms bus,sok many tourisms bus,"['sok', 'many', 'tourisms', 'bus']","['sok', 'many', 'tourisms', 'bus']",sok many tourisms bus
300,Halte Trans Banyumas Terminal Notog,Aulia Fuad Rifai,5,Terminal notog koridor 2,Positif,Terminal notog koridor,terminal notog koridor,terminal membawa koridor,terminal bawa koridor,"['terminal', 'bawa', 'koridor']","['terminal', 'bawa', 'koridor']",terminal bawa koridor
301,Halte Trans Banyumas Terminal Notog,wiwin setiabudi,5,terminal bus trans banyumas ke baturaden,Positif,terminal bus trans banyumas ke baturaden,terminal bus trans banyumas ke baturaden,terminal bus trans banyumas ke baturaden,terminal bus trans banyumas ke baturaden,"['terminal', 'bus', 'trans', 'banyumas', 'ke', 'baturaden']","['terminal', 'bus', 'trans', 'banyumas', 'baturaden']",terminal bus trans banyumas baturaden
302,Halte Trans Banyumas Terminal Notog,Mas Cico Co,5,Notog - Baturraden,Positif,Notog  Baturraden,notog  baturraden,membawa baturraden,bawa baturraden,"['bawa', 'baturraden']","['bawa', 'baturraden']",bawa baturraden
303,Halte Trans Banyumas Terminal Notog,Yusuf Ramadan,4,Banyumas sudah bagus sekarang dengan adanya bus trans banyumas jd berasa kaya di jakarta. Saran aja klo bisa tambahin rute nya ke GMaps supaya kita bisa tau lokasi halte terdekat dan tau rute nya kemana aja. Karna gk semua orang tau posisi berhenti nya akan dimana. Terimakasih 🙏☺ semoga next nya ada krl supaya gk ketinggalan seperti kota lainnya yang sudah ada krl. Heheh,Positif,Banyumas sudah bagus sekarang dengan adanya bus trans banyumas jd berasa kaya di jakarta Saran aja klo bisa tambahin rute nya ke GMaps supaya kita bisa tau lokasi halte terdekat dan tau rute nya kemana aja Karna gk semua orang tau posisi berhenti nya akan dimana Terimakasih  semoga next nya ada krl supaya gk ketinggalan seperti kota lainnya yang sudah ada krl Heheh,banyumas sudah bagus sekarang dengan adanya bus trans banyumas jd berasa kaya di jakarta saran aja klo bisa tambahin rute nya ke gmaps supaya kita bisa tau lokasi halte terdekat dan tau rute nya kemana aja karna gk semua orang tau posisi berhenti nya akan dimana terimakasih  semoga next nya ada krl supaya gk ketinggalan seperti kota lainnya yang sudah ada krl heheh,banyumas sudah bagus sekarang dengan adanya bus trans banyumas jadi berasa kayak di jakarta saran saja kalo bisa tambahkan rute nya ke gmaps supaya kita bisa tau lokasi halte terdekat dan tau rute nya kemana saja karena enggak semua orang tau posisi berhenti nya akan dimana terimakasih semoga next nya ada krl supaya enggak ketinggalan seperti kota lainnya yang sudah ada krl heheh,banyumas sudah bagus sekarang dengan ada bus trans banyumas jadi asa kayak di jakarta saran saja kalo bisa tambah rute nya ke gmaps supaya kita bisa tau lokasi halte dekat dan tau rute nya mana saja karena enggak semua orang tau posisi henti nya akan mana terimakasih moga next nya ada krl supaya enggak tinggal seperti kota lain yang sudah ada krl heheh,"['banyumas', 'sudah', 'bagus', 'sekarang', 'dengan', 'ada', 'bus', 'trans', 'banyumas', 'jadi', 'asa', 'kayak', 'di', 'jakarta', 'saran', 'saja', 'kalo', 'bisa', 'tambah', 'rute', 'nya', 'ke', 'gmaps', 'supaya', 'kita', 'bisa', 'tau', 'lokasi', 'halte', 'dekat', 'dan', 'tau', 'rute', 'nya', 'mana', 'saja', 'karena', 'enggak', 'semua', 'orang', 'tau', 'posisi', 'henti', 'nya', 'akan', 'mana', 'terimakasih', 'moga', 'next', 'nya', 'ada', 'krl', 'supaya', 'enggak', 'tinggal', 'seperti', 'kota', 'lain', 'yang', 'sudah', 'ada', 'krl', 'heheh']","['banyumas', 'bagus', 'bus', 'trans', 'banyumas', 'asa', 'kayak', 'jakarta', 'saran', 'kalo', 'rute', 'gmaps', 'tau', 'lokasi', 'halte', 'tau', 'rute', 'orang', 'tau', 'posisi', 'henti', 'terimakasih', 'moga', 'next', 'krl', 'tinggal', 'kota', 'krl', 'heheh']",banyumas bagus bus trans banyumas asa kayak jakarta saran kalo rute gmaps tau lokasi halte tau rute orang tau posisi henti terimakasih moga next krl tinggal kota krl heheh
304,Halte Trans Banyumas Terminal Notog,Makhtum Al faruq,5,Mobilnya yang banyak 😀😀😀,Positif,Mobilnya yang banyak,mobilnya yang banyak,mobilnya yang banyak,mobil yang banyak,"['mobil', 'yang', 'banyak']",['mobil'],mobil
305,Halte Trans Banyumas Terminal Notog,WANTO,4,"Halte bus transportasi umum Trans Banyumas, lokasinya disebelah timur pertigaan Notog. Banyak penjual kuliner di sekelilingnya sehingga bisa membeli jajan / cemilan dulu sembari menunggu bus-nya datang.",Positif,Halte bus transportasi umum Trans Banyumas lokasinya disebelah timur pertigaan Notog Banyak penjual kuliner di sekelilingnya sehingga bisa membeli jajan  cemilan dulu sembari menunggu busnya datang,halte bus transportasi umum trans banyumas lokasinya disebelah timur pertigaan notog banyak penjual kuliner di sekelilingnya sehingga bisa membeli jajan  cemilan dulu sembari menunggu busnya datang,halte bus transportasi umum trans banyumas lokasinya disebelah timur pertigaan membawa banyak penjual kuliner di sekelilingnya sehingga bisa membeli jajan cemilan dulu sembari menunggu busnya datang,halte bus transportasi umum trans banyumas lokasi belah timur tiga bawa banyak jual kuliner di keliling sehingga bisa beli jajan cemilan dulu sembari tunggu bus datang,"['halte', 'bus', 'transportasi', 'umum', 'trans', 'banyumas', 'lokasi', 'belah', 'timur', 'tiga', 'bawa', 'banyak', 'jual', 'kuliner', 'di', 'keliling', 'sehingga', 'bisa', 'beli', 'jajan', 'cemilan', 'dulu', 'sembari', 'tunggu', 'bus', 'datang']","['halte', 'bus', 'transportasi', 'trans', 'banyumas', 'lokasi', 'belah', 'timur', 'bawa', 'jual', 'kuliner', 'keliling', 'beli', 'jajan', 'cemilan', 'sembari', 'tunggu', 'bus']",halte bus transportasi trans banyumas lokasi belah timur bawa jual kuliner keliling beli jajan cemilan sembari tunggu bus
306,Halte Trans Banyumas Terminal Notog,Prayulanda Anisa,4,Ke halte mau ke kios pempers nya atha. Bisa jajan cilok sambil nunggu bus nya,Positif,Ke halte mau ke kios pempers nya atha Bisa jajan cilok sambil nunggu bus nya,ke halte mau ke kios pempers nya atha bisa jajan cilok sambil nunggu bus nya,ke halte mau ke kios pempers nya atha bisa jajan cilok sambil menunggu bus nya,ke halte mau ke kios pempers nya atha bisa jajan cilok sambil tunggu bus nya,"['ke', 'halte', 'mau', 'ke', 'kios', 'pempers', 'nya', 'atha', 'bisa', 'jajan', 'cilok', 'sambil', 'tunggu', 'bus', 'nya']","['halte', 'kios', 'pempers', 'atha', 'jajan', 'cilok', 'tunggu', 'bus']",halte kios pempers atha jajan cilok tunggu bus
307,Halte Trans Banyumas Terminal Notog,Yasin Dwip,5,YANG SELALU KULEWATI KALO KE PWT,Positif,YANG SELALU KULEWATI KALO KE PWT,yang selalu kulewati kalo ke pwt,yang selalu kulewati kalo ke pwt,yang selalu lewat kalo ke pwt,"['yang', 'selalu', 'lewat', 'kalo', 'ke', 'pwt']","['kalo', 'pwt']",kalo pwt
308,Halte Trans Banyumas Terminal Notog,putu channel,1,"Nunggu di tempat yg tidak ada halte kerepotan kalo hujan neduh dimana ? Rumah warga? Balai desa? Pertokoan? Atau pohon? Kalo panas sama juga mau kemana kita. Yg parahnya lagi saat melintas di koridor terminal notog ada sekitar 7 orang tua menunggu rmdanya sambil jongkok dan duduk di tepi gorong2 kepanasan sedangkan bisnya masih lama astaghfirullah tidak recommended deh buat para orang tua kasian, mending Transjakarta masih ada shuttle busnya",Negatif,Nunggu di tempat yg tidak ada halte kerepotan kalo hujan neduh dimana  Rumah warga Balai desa Pertokoan Atau pohon Kalo panas sama juga mau kemana kita Yg parahnya lagi saat melintas di koridor terminal notog ada sekitar  orang tua menunggu rmdanya sambil jongkok dan duduk di tepi gorong kepanasan sedangkan bisnya masih lama astaghfirullah tidak recommended deh buat para orang tua kasian mending Transjakarta masih ada shuttle busnya,nunggu di tempat yg tidak ada halte kerepotan kalo hujan neduh dimana  rumah warga balai desa pertokoan atau pohon kalo panas sama juga mau kemana kita yg parahnya lagi saat melintas di koridor terminal notog ada sekitar  orang tua menunggu rmdanya sambil jongkok dan duduk di tepi gorong kepanasan sedangkan bisnya masih lama astaghfirullah tidak recommended deh buat para orang tua kasian mending transjakarta masih ada shuttle busnya,menunggu di tempat yang tidak ada halte kerepotan kalo hujan neduh dimana rumah warga balai desa pertokoan atau pohon kalo panas sama juga mau kemana kita yang parahnya lagi saat melintas di koridor terminal membawa ada sekitar orang tua menunggu rmdanya sambil jongkok dan duduk di tepi gorong kepanasan sedangkan bisnya masih lama astaghfirullah tidak recommended deh buat para orang tua kasihan mending transjakarta masih ada shuttle busnya,tunggu di tempat yang tidak ada halte kerepot kalo hujan neduh mana rumah warga balai desa toko atau pohon kalo panas sama juga mau mana kita yang parah lagi saat lintas di koridor terminal bawa ada sekitar orang tua tunggu rmdanya sambil jongkok dan duduk di tepi gorong panas sedang bis masih lama astaghfirullah tidak recommended deh buat para orang tua kasihan mending transjakarta masih ada shuttle bus,"['tunggu', 'di', 'tempat', 'yang', 'tidak', 'ada', 'halte', 'kerepot', 'kalo', 'hujan', 'neduh', 'mana', 'rumah', 'warga', 'balai', 'desa', 'toko', 'atau', 'pohon', 'kalo', 'panas', 'sama', 'juga', 'mau', 'mana', 'kita', 'yang', 'parah', 'lagi', 'saat', 'lintas', 'di', 'koridor', 'terminal', 'bawa', 'ada', 'sekitar', 'orang', 'tua', 'tunggu', 'rmdanya', 'sambil', 'jongkok', 'dan', 'duduk', 'di', 'tepi', 'gorong', 'panas', 'sedang', 'bis', 'masih', 'lama', 'astaghfirullah', 'tidak', 'recommended', 'deh', 'buat', 'para', 'orang', 'tua', 'kasihan', 'mending', 'transjakarta', 'masih', 'ada', 'shuttle', 'bus']","['tunggu', 'tidak', 'halte', 'kerepot', 'kalo', 'hujan', 'neduh', 'rumah', 'warga', 'balai', 'desa', 'toko', 'pohon', 'kalo', 'panas', 'parah', 'lintas', 'koridor', 'terminal', 'bawa', 'orang', 'tua', 'tunggu', 'rmdanya', 'jongkok', 'duduk', 'tepi', 'gorong', 'panas', 'bis', 'astaghfirullah', 'tidak', 'recommended', 'deh', 'orang', 'tua', 'kasihan', 'mending', 'transjakarta', 'shuttle', 'bus']",tunggu tidak halte kerepot kalo hujan neduh rumah warga balai desa toko pohon kalo panas parah lintas koridor terminal bawa orang tua tunggu rmdanya jongkok duduk tepi gorong panas bis astaghfirullah tidak recommended deh orang tua kasihan mending transjakarta shuttle bus
309,Halte Trans Banyumas Terminal Notog,Pak Daryoto,5,"Tempat  Halte Tran itu dulu tepat benkel saya sebelm di bangun masih pager bambu, sampe dibangun tembok  .dan saya   di suruh p.lurah  masngudi ,dimintai  pertimbangan  sama p .kades   supaya mengerjakan kios tersebut dan bentuk nya.di serahkan kepada saya.Termasuk kios kios  drpañ lapangan pjkA .begitulah pegalaman saya p.Daryoto",Positif,Tempat  Halte Tran itu dulu tepat benkel saya sebelm di bangun masih pager bambu sampe dibangun tembok  dan saya   di suruh plurah  masngudi dimintai  pertimbangan  sama p kades   supaya mengerjakan kios tersebut dan bentuk nyadi serahkan kepada sayaTermasuk kios kios  drpañ lapangan pjkA begitulah pegalaman saya pDaryoto,tempat  halte tran itu dulu tepat benkel saya sebelm di bangun masih pager bambu sampe dibangun tembok  dan saya   di suruh plurah  masngudi dimintai  pertimbangan  sama p kades   supaya mengerjakan kios tersebut dan bentuk nyadi serahkan kepada sayatermasuk kios kios  drpañ lapangan pjka begitulah pegalaman saya pdaryoto,tempat halte tran itu dulu tepat benkel saya sebelm di bangun masih pager bambu sampai dibangun tembok dan saya di suruh plurah masngudi dimintai pertimbangan sama p kades supaya mengerjakan kios tersebut dan bentuk nyadi serahkan kepada sayatermasuk kios kios drpañ lapangan pjka begitulah pegalaman saya pdaryoto,tempat halte tran itu dulu tepat benkel saya sebelm di bangun masih pager bambu sampai bangun tembok dan saya di suruh plurah masngudi minta timbang sama p kades supaya kerja kios sebut dan bentuk nyadi serah kepada sayatermasuk kios kios drpa lapang pjka begitu pegalaman saya pdaryoto,"['tempat', 'halte', 'tran', 'itu', 'dulu', 'tepat', 'benkel', 'saya', 'sebelm', 'di', 'bangun', 'masih', 'pager', 'bambu', 'sampai', 'bangun', 'tembok', 'dan', 'saya', 'di', 'suruh', 'plurah', 'masngudi', 'minta', 'timbang', 'sama', 'p', 'kades', 'supaya', 'kerja', 'kios', 'sebut', 'dan', 'bentuk', 'nyadi', 'serah', 'kepada', 'sayatermasuk', 'kios', 'kios', 'drpa', 'lapang', 'pjka', 'begitu', 'pegalaman', 'saya', 'pdaryoto']","['halte', 'tran', 'benkel', 'sebelm', 'bangun', 'pager', 'bambu', 'bangun', 'tembok', 'suruh', 'plurah', 'masngudi', 'timbang', 'p', 'kades', 'kerja', 'kios', 'bentuk', 'nyadi', 'serah', 'sayatermasuk', 'kios', 'kios', 'drpa', 'lapang', 'pjka', 'pegalaman', 'pdaryoto']",halte tran benkel sebelm bangun pager bambu bangun tembok suruh plurah masngudi timbang p kades kerja kios bentuk nyadi serah sayatermasuk kios kios drpa lapang pjka pegalaman pdaryoto
310,Halte Trans Banyumas Terminal Notog,Ahmad Saja,5,Bersih,Positif,Bersih,bersih,bersih,bersih,['bersih'],['bersih'],bersih
311,Halte Trans Banyumas Terminal Notog,Budi Arni,5,Mudah dicari dan cepat pelayanannya,Positif,Mudah dicari dan cepat pelayanannya,mudah dicari dan cepat pelayanannya,mudah dicari dan cepat pelayanannya,mudah cari dan cepat layan,"['mudah', 'cari', 'dan', 'cepat', 'layan']","['mudah', 'cari', 'cepat', 'layan']",mudah cari cepat layan
312,Halte Trans Banyumas Terminal Notog,Sir Destroy,5,Keren bgt,Positif,Keren bgt,keren bgt,keren banget,keren banget,"['keren', 'banget']","['keren', 'banget']",keren banget
313,Halte Trans Banyumas Terminal Notog,Febri Djavianto,5,"5 Mei 2022 LIBUR LEBARAN.
Terminal Bus Outdoor ""Trans Banyumas"" milik Pemkab Banyumas. yang berada di desa NOTOG Kecamatan Patikraja, Kabupaten Banyumas, JAWA - TENGAH.
Halte ini melayani Rute Koridor 2 dengan tujuan akhir di Terminal Baturaden.
Masih tahap sosialisasi promosi dan gratis.
Syarat naik Bus ini cukup mudah..dgn cara mendaftarkan email di Aplikasi TEMAN BUS lalu scan Barcode aplikasi tsb di dalam bus.
Semoga BANYUMAS SEMAKIN MAJU..",Positif,Mei  LIBUR LEBARAN Terminal Bus Outdoor Trans Banyumas milik Pemkab Banyumas yang berada di desa NOTOG Kecamatan Patikraja Kabupaten Banyumas JAWA  TENGAH Halte ini melayani Rute Koridor  dengan tujuan akhir di Terminal Baturaden Masih tahap sosialisasi promosi dan gratis Syarat naik Bus ini cukup mudahdgn cara mendaftarkan email di Aplikasi TEMAN BUS lalu scan Barcode aplikasi tsb di dalam bus Semoga BANYUMAS SEMAKIN MAJU,mei  libur lebaran terminal bus outdoor trans banyumas milik pemkab banyumas yang berada di desa notog kecamatan patikraja kabupaten banyumas jawa  tengah halte ini melayani rute koridor  dengan tujuan akhir di terminal baturaden masih tahap sosialisasi promosi dan gratis syarat naik bus ini cukup mudahdgn cara mendaftarkan email di aplikasi teman bus lalu scan barcode aplikasi tsb di dalam bus semoga banyumas semakin maju,mei libur lebaran terminal bus outdoor trans banyumas milik pemkab banyumas yang berada di desa membawa kecamatan patikraja kabupaten banyumas jawa tengah halte ini melayani rute koridor dengan tujuan akhir di terminal baturaden masih tahap sosialisasi promosi dan gratis syarat naik bus ini cukup mudahdgn cara mendaftarkan email di aplikasi teman bus lalu scan barcode aplikasi tersebut di dalam bus semoga banyumas semakin maju,mei libur lebaran terminal bus outdoor trans banyumas milik pemkab banyumas yang ada di desa bawa camat patikraja kabupaten banyumas jawa tengah halte ini layan rute koridor dengan tuju akhir di terminal baturaden masih tahap sosialisasi promosi dan gratis syarat naik bus ini cukup mudahdgn cara daftar email di aplikasi teman bus lalu scan barcode aplikasi sebut di dalam bus moga banyumas makin maju,"['mei', 'libur', 'lebaran', 'terminal', 'bus', 'outdoor', 'trans', 'banyumas', 'milik', 'pemkab', 'banyumas', 'yang', 'ada', 'di', 'desa', 'bawa', 'camat', 'patikraja', 'kabupaten', 'banyumas', 'jawa', 'tengah', 'halte', 'ini', 'layan', 'rute', 'koridor', 'dengan', 'tuju', 'akhir', 'di', 'terminal', 'baturaden', 'masih', 'tahap', 'sosialisasi', 'promosi', 'dan', 'gratis', 'syarat', 'naik', 'bus', 'ini', 'cukup', 'mudahdgn', 'cara', 'daftar', 'email', 'di', 'aplikasi', 'teman', 'bus', 'lalu', 'scan', 'barcode', 'aplikasi', 'sebut', 'di', 'dalam', 'bus', 'moga', 'banyumas', 'makin', 'maju']","['mei', 'libur', 'lebaran', 'terminal', 'bus', 'outdoor', 'trans', 'banyumas', 'milik', 'pemkab', 'banyumas', 'desa', 'bawa', 'camat', 'patikraja', 'kabupaten', 'banyumas', 'jawa', 'halte', 'layan', 'rute', 'koridor', 'tuju', 'terminal', 'baturaden', 'tahap', 'sosialisasi', 'promosi', 'gratis', 'syarat', 'bus', 'mudahdgn', 'daftar', 'email', 'aplikasi', 'teman', 'bus', 'scan', 'barcode', 'aplikasi', 'bus', 'moga', 'banyumas', 'maju']",mei libur lebaran terminal bus outdoor trans banyumas milik pemkab banyumas desa bawa camat patikraja kabupaten banyumas jawa halte layan rute koridor tuju terminal baturaden tahap sosialisasi promosi gratis syarat bus mudahdgn daftar email aplikasi teman bus scan barcode aplikasi bus moga banyumas maju
314,Halte Pasar Pon,Sakinah Nurul wajihah,5,Strategis untuk ke St.Pwt.,Positif,Strategis untuk ke StPwt,strategis untuk ke stpwt,strategis untuk ke stpwt,strategis untuk ke stpwt,"['strategis', 'untuk', 'ke', 'stpwt']","['strategis', 'stpwt']",strategis stpwt
315,Halte Pasar Pon,firkhan Khawasyi,5,Strategis,Positif,Strategis,strategis,strategis,strategis,['strategis'],['strategis'],strategis
316,Halte Pasar Pon,Ragil Marga Safera,5,nyaman aman mudah di temukan,Positif,nyaman aman mudah di temukan,nyaman aman mudah di temukan,nyaman aman mudah di temukan,nyaman aman mudah di temu,"['nyaman', 'aman', 'mudah', 'di', 'temu']","['nyaman', 'aman', 'mudah', 'temu']",nyaman aman mudah temu
317,Halte Pasar Pon,intan salsabila,5,"Tempat transit naik bus, bisa ke trans Jateng, Banyumas atau stasiun pintu barat Purwokerto",Positif,Tempat transit naik bus bisa ke trans Jateng Banyumas atau stasiun pintu barat Purwokerto,tempat transit naik bus bisa ke trans jateng banyumas atau stasiun pintu barat purwokerto,tempat transit naik bus bisa ke trans jateng banyumas atau stasiun pintu barat purwokerto,tempat transit naik bus bisa ke trans jateng banyumas atau stasiun pintu barat purwokerto,"['tempat', 'transit', 'naik', 'bus', 'bisa', 'ke', 'trans', 'jateng', 'banyumas', 'atau', 'stasiun', 'pintu', 'barat', 'purwokerto']","['transit', 'bus', 'trans', 'jateng', 'banyumas', 'stasiun', 'pintu', 'barat', 'purwokerto']",transit bus trans jateng banyumas stasiun pintu barat purwokerto
318,Halte Pasar Pon,Tania Putri Anastasya,5,Bagus,Positif,Bagus,bagus,bagus,bagus,['bagus'],['bagus'],bagus
319,Halte Pasar Pon,Hakim Synyster,4,so so,Positif,so so,so so,sok sok,sok sok,"['sok', 'sok']","['sok', 'sok']",sok sok
320,Halte Pasar Pon,Mantan Calon Masinis,5,"sebuah halte BRT yang sangat ramai karna sifatnya menjadi terminus / ujung bagi beberapa rute bus, informasi detil mengenai rute Trans Banyumas dan Trans Jateng ada ditempel di halte ini.

Saya berharap, transportasi umum semacam ini semakin diminati masyarakat dan akan mampu berkembang maju seperti di kawasan DK Jakarta dan sekitarnya.

Saya sempat merasakan kemudahan dalam mengakses transportasi umum di Jakarta, membuat saya berharap demikian kemajuan itu terjadi di Purwokerto, dan Banyumas, serta daerah lainnya.

Untuk sementara ini, kondisi halte Bus Trans Banyumas dipisah dengan Bus Trans Jateng, karena alasan tertentu yang saya kurang memahaminya.

Halte Bus Trans Jateng keadaannya lebih terbuka dan tidak terhalang akses udaranya, sama seperti halte pertengahan lainnya.

Sedangkan untuk halte Bus Trans Banyumas, kalau duduk di bagian dalam di cuaca terik, sangat sumuk sekali.

Plus minus nya ada, sesuai dengan cuaca juga iya..

Namun satu hal lagi yang saya terus berharap menjadi perhatian para pemangku kebijakan, yaitu fasilitas mounting sepeda di kendaraan umum..
Wahh sangat memudahkan sekali bagi saya yang belum punya mobil pribadi. Mengangkut sepeda di siang hari yang terik menuju jarak ± 25 Km, tentunya sangat bermanfaat sekali bus ini.",Positif,sebuah halte Byang sangat ramai karna sifatnya menjadi terminus  ujung bagi beberapa rute bus informasi detil mengenai rute Trans Banyumas dan Trans Jateng ada ditempel di halte ini  Saya berharap transportasi umum semacam ini semakin diminati masyarakat dan akan mampu berkembang maju seperti di kawasan DK Jakarta dan sekitarnya  Saya sempat merasakan kemudahan dalam mengakses transportasi umum di Jakarta membuat saya berharap demikian kemajuan itu terjadi di Purwokerto dan Banyumas serta daerah lainnya  Untuk sementara ini kondisi halte Bus Trans Banyumas dipisah dengan Bus Trans Jateng karena alasan tertentu yang saya kurang memahaminya  Halte Bus Trans Jateng keadaannya lebih terbuka dan tidak terhalang akses udaranya sama seperti halte pertengahan lainnya  Sedangkan untuk halte Bus Trans Banyumas kalau duduk di bagian dalam di cuaca terik sangat sumuk sekali  Plus minus nya ada sesuai dengan cuaca juga iya  Namun satu hal lagi yang saya terus berharap menjadi perhatian para pemangku kebijakan yaitu fasilitas mounting sepeda di kendaraan umum Wahh sangat memudahkan sekali bagi saya yang belum punya mobil pribadi Mengangkut sepeda di siang hari yang terik menuju jarak   Km tentunya sangat bermanfaat sekali bus ini,sebuah halte byang sangat ramai karna sifatnya menjadi terminus  ujung bagi beberapa rute bus informasi detil mengenai rute trans banyumas dan trans jateng ada ditempel di halte ini  saya berharap transportasi umum semacam ini semakin diminati masyarakat dan akan mampu berkembang maju seperti di kawasan dk jakarta dan sekitarnya  saya sempat merasakan kemudahan dalam mengakses transportasi umum di jakarta membuat saya berharap demikian kemajuan itu terjadi di purwokerto dan banyumas serta daerah lainnya  untuk sementara ini kondisi halte bus trans banyumas dipisah dengan bus trans jateng karena alasan tertentu yang saya kurang memahaminya  halte bus trans jateng keadaannya lebih terbuka dan tidak terhalang akses udaranya sama seperti halte pertengahan lainnya  sedangkan untuk halte bus trans banyumas kalau duduk di bagian dalam di cuaca terik sangat sumuk sekali  plus minus nya ada sesuai dengan cuaca juga iya  namun satu hal lagi yang saya terus berharap menjadi perhatian para pemangku kebijakan yaitu fasilitas mounting sepeda di kendaraan umum wahh sangat memudahkan sekali bagi saya yang belum punya mobil pribadi mengangkut sepeda di siang hari yang terik menuju jarak   km tentunya sangat bermanfaat sekali bus ini,sebuah halte byang sangat ramai karena sifatnya menjadi terminus ujung bagi beberapa rute bus informasi detil mengenai rute trans banyumas dan trans jateng ada ditempel di halte ini saya berharap transportasi umum semacam ini semakin diminati masyarakat dan akan mampu berkembang maju seperti di kawasan dk jakarta dan sekitarnya saya sempat merasakan kemudahan dalam mengakses transportasi umum di jakarta membuat saya berharap demikian kemajuan itu terjadi di purwokerto dan banyumas serta daerah lainnya untuk sementara ini kondisi halte bus trans banyumas dipisah dengan bus trans jateng karena alasan tertentu yang saya kurang memahaminya halte bus trans jateng keadaannya lebih terbuka dan tidak terhalang akses udaranya sama seperti halte pertengahan lainnya sedangkan untuk halte bus trans banyumas kalau duduk di bagian dalam di cuaca terik sangat sumuk sekali plus minus nya ada sesuai dengan cuaca juga iya namun satu hal lagi yang saya terus berharap menjadi perhatian para pemangku kebijakan yaitu fasilitas mounting sepeda di kendaraan umum wah sangat memudahkan sekali bagi saya yang belum punya mobil pribadi mengangkut sepeda di siang hari yang terik menuju jarak kamu tentunya sangat bermanfaat sekali bus ini,buah halte byang sangat ramai karena sifat jadi minus ujung bagi beberapa rute bus informasi detil kena rute trans banyumas dan trans jateng ada tempel di halte ini saya harap transportasi umum macam ini makin mati masyarakat dan akan mampu kembang maju seperti di kawasan dk jakarta dan sekitar saya sempat rasa mudah dalam akses transportasi umum di jakarta buat saya harap demikian maju itu jadi di purwokerto dan banyumas serta daerah lain untuk sementara ini kondisi halte bus trans banyumas pisah dengan bus trans jateng karena alas tentu yang saya kurang paham halte bus trans jateng ada lebih buka dan tidak halang akses udara sama seperti halte tengah lain sedang untuk halte bus trans banyumas kalau duduk di bagi dalam di cuaca terik sangat sumuk sekali plus minus nya ada sesuai dengan cuaca juga iya namun satu hal lagi yang saya terus harap jadi perhati para mang bijak yaitu fasilitas mounting sepeda di kendara umum wah sangat mudah sekali bagi saya yang belum punya mobil pribadi angkut sepeda di siang hari yang terik tuju jarak kamu tentu sangat manfaat sekali bus ini,"['buah', 'halte', 'byang', 'sangat', 'ramai', 'karena', 'sifat', 'jadi', 'minus', 'ujung', 'bagi', 'beberapa', 'rute', 'bus', 'informasi', 'detil', 'kena', 'rute', 'trans', 'banyumas', 'dan', 'trans', 'jateng', 'ada', 'tempel', 'di', 'halte', 'ini', 'saya', 'harap', 'transportasi', 'umum', 'macam', 'ini', 'makin', 'mati', 'masyarakat', 'dan', 'akan', 'mampu', 'kembang', 'maju', 'seperti', 'di', 'kawasan', 'dk', 'jakarta', 'dan', 'sekitar', 'saya', 'sempat', 'rasa', 'mudah', 'dalam', 'akses', 'transportasi', 'umum', 'di', 'jakarta', 'buat', 'saya', 'harap', 'demikian', 'maju', 'itu', 'jadi', 'di', 'purwokerto', 'dan', 'banyumas', 'serta', 'daerah', 'lain', 'untuk', 'sementara', 'ini', 'kondisi', 'halte', 'bus', 'trans', 'banyumas', 'pisah', 'dengan', 'bus', 'trans', 'jateng', 'karena', 'alas', 'tentu', 'yang', 'saya', 'kurang', 'paham', 'halte', 'bus', 'trans', 'jateng', 'ada', 'lebih', 'buka', 'dan', 'tidak', 'halang', 'akses', 'udara', 'sama', 'seperti', 'halte', 'tengah', 'lain', 'sedang', 'untuk', 'halte', 'bus', 'trans', 'banyumas', 'kalau', 'duduk', 'di', 'bagi', 'dalam', 'di', 'cuaca', 'terik', 'sangat', 'sumuk', 'sekali', 'plus', 'minus', 'nya', 'ada', 'sesuai', 'dengan', 'cuaca', 'juga', 'iya', 'namun', 'satu', 'hal', 'lagi', 'yang', 'saya', 'terus', 'harap', 'jadi', 'perhati', 'para', 'mang', 'bijak', 'yaitu', 'fasilitas', 'mounting', 'sepeda', 'di', 'kendara', 'umum', 'wah', 'sangat', 'mudah', 'sekali', 'bagi', 'saya', 'yang', 'belum', 'punya', 'mobil', 'pribadi', 'angkut', 'sepeda', 'di', 'siang', 'hari', 'yang', 'terik', 'tuju', 'jarak', 'kamu', 'tentu', 'sangat', 'manfaat', 'sekali', 'bus', 'ini']","['buah', 'halte', 'byang', 'ramai', 'sifat', 'minus', 'ujung', 'rute', 'bus', 'informasi', 'detil', 'kena', 'rute', 'trans', 'banyumas', 'trans', 'jateng', 'tempel', 'halte', 'harap', 'transportasi', 'mati', 'masyarakat', 'kembang', 'maju', 'kawasan', 'dk', 'jakarta', 'mudah', 'akses', 'transportasi', 'jakarta', 'harap', 'maju', 'purwokerto', 'banyumas', 'daerah', 'kondisi', 'halte', 'bus', 'trans', 'banyumas', 'pisah', 'bus', 'trans', 'jateng', 'alas', 'paham', 'halte', 'bus', 'trans', 'jateng', 'buka', 'tidak', 'halang', 'akses', 'udara', 'halte', 'halte', 'bus', 'trans', 'banyumas', 'duduk', 'cuaca', 'terik', 'sumuk', 'plus', 'minus', 'sesuai', 'cuaca', 'harap', 'perhati', 'mang', 'bijak', 'fasilitas', 'mounting', 'sepeda', 'kendara', 'mudah', 'mobil', 'pribadi', 'angkut', 'sepeda', 'siang', 'terik', 'tuju', 'jarak', 'manfaat', 'bus']",buah halte byang ramai sifat minus ujung rute bus informasi detil kena rute trans banyumas trans jateng tempel halte harap transportasi mati masyarakat kembang maju kawasan dk jakarta mudah akses transportasi jakarta harap maju purwokerto banyumas daerah kondisi halte bus trans banyumas pisah bus trans jateng alas paham halte bus trans jateng buka tidak halang akses udara halte halte bus trans banyumas duduk cuaca terik sumuk plus minus sesuai cuaca harap perhati mang bijak fasilitas mounting sepeda kendara mudah mobil pribadi angkut sepeda siang terik tuju jarak manfaat bus
321,Halte Pasar Pon,3M_K VAPE Shop (Toko VAPE 3M_K),5,Tempat tunggu Bus nya bersih..  rapih ..,Positif,Tempat tunggu Bus nya bersih  rapih,tempat tunggu bus nya bersih  rapih,tempat tunggu bus nya bersih rapi,tempat tunggu bus nya bersih rapi,"['tempat', 'tunggu', 'bus', 'nya', 'bersih', 'rapi']","['tunggu', 'bus', 'bersih', 'rapi']",tunggu bus bersih rapi
322,Halte Pasar Pon,Regithalia Alviona,5,"Halte tempat pemberhentian akhir dari bis trans Banyumas rute Terminal Ajibarang - Terminal Pasar Pon. Haltenya nyaman. Ada tempat yg adem. Jadi ga akan kepanasan. Ada tempat duduknya juga. Untuk yg mau pergi lagi, dari halte ini bisa pesan goride atau gocar. Atau bisa juga naik angkot. Banyak angkot yg standby. Untuk penjaga di haltenya baik dan ramah. Ngebantu banget",Positif,Halte tempat pemberhentian akhir dari bis trans Banyumas rute Terminal Ajibarang  Terminal Pasar Pon Haltenya nyaman Ada tempat yg adem Jadi ga akan kepanasan Ada tempat duduknya juga Untuk yg mau pergi lagi dari halte ini bisa pesan goride atau gocar Atau bisa juga naik angkot Banyak angkot yg standby Untuk penjaga di haltenya baik dan ramah Ngebantu banget,halte tempat pemberhentian akhir dari bis trans banyumas rute terminal ajibarang  terminal pasar pon haltenya nyaman ada tempat yg adem jadi ga akan kepanasan ada tempat duduknya juga untuk yg mau pergi lagi dari halte ini bisa pesan goride atau gocar atau bisa juga naik angkot banyak angkot yg standby untuk penjaga di haltenya baik dan ramah ngebantu banget,halte tempat pemberhentian akhir dari bis trans banyumas rute terminal ajibarang terminal pasar pon haltenya nyaman ada tempat yang adem jadi enggak akan kepanasan ada tempat duduknya juga untuk yang mau pergi lagi dari halte ini bisa pesan goride atau gocar atau bisa juga naik angkot banyak angkot yang standby untuk penjaga di haltenya baik dan ramah membantu  sekali,halte tempat henti akhir dari bis trans banyumas rute terminal ajibarang terminal pasar pon halte nyaman ada tempat yang adem jadi enggak akan panas ada tempat duduk juga untuk yang mau pergi lagi dari halte ini bisa pesan goride atau gocar atau bisa juga naik angkot banyak angkot yang standby untuk jaga di halte baik dan ramah bantu sekali,"['halte', 'tempat', 'henti', 'akhir', 'dari', 'bis', 'trans', 'banyumas', 'rute', 'terminal', 'ajibarang', 'terminal', 'pasar', 'pon', 'halte', 'nyaman', 'ada', 'tempat', 'yang', 'adem', 'jadi', 'enggak', 'akan', 'panas', 'ada', 'tempat', 'duduk', 'juga', 'untuk', 'yang', 'mau', 'pergi', 'lagi', 'dari', 'halte', 'ini', 'bisa', 'pesan', 'goride', 'atau', 'gocar', 'atau', 'bisa', 'juga', 'naik', 'angkot', 'banyak', 'angkot', 'yang', 'standby', 'untuk', 'jaga', 'di', 'halte', 'baik', 'dan', 'ramah', 'bantu', 'sekali']","['halte', 'henti', 'bis', 'trans', 'banyumas', 'rute', 'terminal', 'ajibarang', 'terminal', 'pasar', 'pon', 'halte', 'nyaman', 'adem', 'panas', 'duduk', 'pergi', 'halte', 'pesan', 'goride', 'gocar', 'angkot', 'angkot', 'standby', 'jaga', 'halte', 'ramah', 'bantu']",halte henti bis trans banyumas rute terminal ajibarang terminal pasar pon halte nyaman adem panas duduk pergi halte pesan goride gocar angkot angkot standby jaga halte ramah bantu
323,Halte Pasar Pon,Eko Djanu Wardojo,5,Pertama kali naik Trans Jateng Purwokerto Bukateja,Positif,Pertama kali naik Trans Jateng Purwokerto Bukateja,pertama kali naik trans jateng purwokerto bukateja,pertama kali naik trans jateng purwokerto bukateja,pertama kali naik trans jateng purwokerto bukateja,"['pertama', 'kali', 'naik', 'trans', 'jateng', 'purwokerto', 'bukateja']","['kali', 'trans', 'jateng', 'purwokerto', 'bukateja']",kali trans jateng purwokerto bukateja
324,Halte Pasar Pon,Jamin Hartono (Jamie),4,"Halte ini dekat dengan stasiun purwokerto, gersang",Positif,Halte ini dekat dengan stasiun purwokerto gersang,halte ini dekat dengan stasiun purwokerto gersang,halte ini dekat dengan stasiun purwokerto gersang,halte ini dekat dengan stasiun purwokerto gersang,"['halte', 'ini', 'dekat', 'dengan', 'stasiun', 'purwokerto', 'gersang']","['halte', 'stasiun', 'purwokerto', 'gersang']",halte stasiun purwokerto gersang
325,Halte Pasar Pon,wahid qiboo,5,"Layanan terbaik,ada tempat tunggu bus aman dari panas atau hujan,hanya saja tidak bebas dari asap rokok",Positif,Layanan terbaikada tempat tunggu bus aman dari panas atau hujanhanya saja tidak bebas dari asap rokok,layanan terbaikada tempat tunggu bus aman dari panas atau hujanhanya saja tidak bebas dari asap rokok,layanan terbaik menyediakan tempat tunggu bus aman dari panas atau hujanhanya saja tidak bebas dari asap rokok,layan baik sedia tempat tunggu bus aman dari panas atau hujanhanya saja tidak bebas dari asap rokok,"['layan', 'baik', 'sedia', 'tempat', 'tunggu', 'bus', 'aman', 'dari', 'panas', 'atau', 'hujanhanya', 'saja', 'tidak', 'bebas', 'dari', 'asap', 'rokok']","['layan', 'sedia', 'tunggu', 'bus', 'aman', 'panas', 'hujanhanya', 'tidak', 'bebas', 'asap', 'rokok']",layan sedia tunggu bus aman panas hujanhanya tidak bebas asap rokok
326,Halte Pasar Pon,May Krisna Sari,5,halte trans Banyumas. untuk toilet agak jauh dari halte. sore hari banyak kedai makanan 🙂,Positif,halte trans Banyumas untuk toilet agak jauh dari halte sore hari banyak kedai makanan,halte trans banyumas untuk toilet agak jauh dari halte sore hari banyak kedai makanan,halte trans banyumas untuk toilet agak jauh dari halte sore hari banyak kedai makanan,halte trans banyumas untuk toilet agak jauh dari halte sore hari banyak kedai makan,"['halte', 'trans', 'banyumas', 'untuk', 'toilet', 'agak', 'jauh', 'dari', 'halte', 'sore', 'hari', 'banyak', 'kedai', 'makan']","['halte', 'trans', 'banyumas', 'toilet', 'halte', 'sore', 'kedai', 'makan']",halte trans banyumas toilet halte sore kedai makan
327,Halte Pasar Pon,ドラもん,2,"Sebenarnya pelayanan dari driver Bus Trans Banyumas saya akui sangat bagus dan ramah, namun sangat disayangkan pelayanan dari petugas di halte pasar pon sangat tidak ramah dan tidak memberikan informasi yang jelas kepada calon penumpang yang baru pertama kali akan menggunakan bus trans banyumas, hal ini saya alami sendiri pada Hari Rabu, 4 September 2024 ketika hendak bertanya mengenai rute Bus Trans Banyumas untuk arah rita supermall apakah bisa jika menggunakan trans banyumas atau tidak, karena saya baru untuk pertama kalinya akan menggunakan bus tersebut sehingga saya bertanya kepada petugas halte, namun tidak dijawab sama sekali bahkan memalingkan muka seakan pertanyaan mengenai hal tersebut merupakan pertanyaan yang tidak perlu mendapatkan jawaban. Padahal disini saya masyarakat umum dan masih awam mengenai rute  Bus Trans Banyumas. Menurut saya pertanyaan tersebut sangat wajar untuk ditanyakan dan sangat pantas untuk mendapatkan jawaban, namun faktanya sama sekali tidak dijawab oleh petugas. Dan pada saat petugas halte tidak menjawab akhirnya ada salah satu driver ojek online yang membantu menjawab pertanyaan saya tersebut. Saya sangat kecewa dengan pelayanan petugas tersebut karena dari segi pelayanan di dalam bus nya sudah sangat bagus namun karena ketidakramahan petugas halte membuat saya merasa kecewa dengan pelayanan yang ada di halte pasar pon. Semoga keluhan saya dapat menjadi bahan evaluasi bagi petugas halte pasar pon untuk kedepannya agar bisa lebih ramah dan sopan dalam menjawab setiap pertanyaan secara informatif kepada calon penumpang Bus Trans Banyumas, sukses selalu untuk pelayanan Bus Trans Banyumas kedepannya🙏👍",Negatif,Sebenarnya pelayanan dari driver Bus Trans Banyumas saya akui sangat bagus dan ramah namun sangat disayangkan pelayanan dari petugas di halte pasar pon sangat tidak ramah dan tidak memberikan informasi yang jelas kepada calon penumpang yang baru pertama kali akan menggunakan bus trans banyumas hal ini saya alami sendiri pada Hari Rabu  September  ketika hendak bertanya mengenai rute Bus Trans Banyumas untuk arah rita supermall apakah bisa jika menggunakan trans banyumas atau tidak karena saya baru untuk pertama kalinya akan menggunakan bus tersebut sehingga saya bertanya kepada petugas halte namun tidak dijawab sama sekali bahkan memalingkan muka seakan pertanyaan mengenai hal tersebut merupakan pertanyaan yang tidak perlu mendapatkan jawaban Padahal disini saya masyarakat umum dan masih awam mengenai rute  Bus Trans Banyumas Menurut saya pertanyaan tersebut sangat wajar untuk ditanyakan dan sangat pantas untuk mendapatkan jawaban namun faktanya sama sekali tidak dijawab oleh petugas Dan pada saat petugas halte tidak menjawab akhirnya ada salah satu driver ojek online yang membantu menjawab pertanyaan saya tersebut Saya sangat kecewa dengan pelayanan petugas tersebut karena dari segi pelayanan di dalam bus nya sudah sangat bagus namun karena ketidakramahan petugas halte membuat saya merasa kecewa dengan pelayanan yang ada di halte pasar pon Semoga keluhan saya dapat menjadi bahan evaluasi bagi petugas halte pasar pon untuk kedepannya agar bisa lebih ramah dan sopan dalam menjawab setiap pertanyaan secara informatif kepada calon penumpang Bus Trans Banyumas sukses selalu untuk pelayanan Bus Trans Banyumas kedepannya,sebenarnya pelayanan dari driver bus trans banyumas saya akui sangat bagus dan ramah namun sangat disayangkan pelayanan dari petugas di halte pasar pon sangat tidak ramah dan tidak memberikan informasi yang jelas kepada calon penumpang yang baru pertama kali akan menggunakan bus trans banyumas hal ini saya alami sendiri pada hari rabu  september  ketika hendak bertanya mengenai rute bus trans banyumas untuk arah rita supermall apakah bisa jika menggunakan trans banyumas atau tidak karena saya baru untuk pertama kalinya akan menggunakan bus tersebut sehingga saya bertanya kepada petugas halte namun tidak dijawab sama sekali bahkan memalingkan muka seakan pertanyaan mengenai hal tersebut merupakan pertanyaan yang tidak perlu mendapatkan jawaban padahal disini saya masyarakat umum dan masih awam mengenai rute  bus trans banyumas menurut saya pertanyaan tersebut sangat wajar untuk ditanyakan dan sangat pantas untuk mendapatkan jawaban namun faktanya sama sekali tidak dijawab oleh petugas dan pada saat petugas halte tidak menjawab akhirnya ada salah satu driver ojek online yang membantu menjawab pertanyaan saya tersebut saya sangat kecewa dengan pelayanan petugas tersebut karena dari segi pelayanan di dalam bus nya sudah sangat bagus namun karena ketidakramahan petugas halte membuat saya merasa kecewa dengan pelayanan yang ada di halte pasar pon semoga keluhan saya dapat menjadi bahan evaluasi bagi petugas halte pasar pon untuk kedepannya agar bisa lebih ramah dan sopan dalam menjawab setiap pertanyaan secara informatif kepada calon penumpang bus trans banyumas sukses selalu untuk pelayanan bus trans banyumas kedepannya,sebenarnya pelayanan dari kurir bus trans banyumas saya akui sangat bagus dan ramah namun sangat disayangkan pelayanan dari petugas di halte pasar pon sangat tidak ramah dan tidak memberikan informasi yang jelas kepada calon penumpang yang baru pertama kali akan menggunakan bus trans banyumas hal ini saya alami sendiri pada hari rabu september ketika hendak bertanya mengenai rute bus trans banyumas untuk arah rita supermall apakah bisa jika menggunakan trans banyumas atau tidak karena saya baru untuk pertama kalinya akan menggunakan bus tersebut sehingga saya bertanya kepada petugas halte namun tidak dijawab sama sekali bahkan memalingkan muka seakan pertanyaan mengenai hal tersebut merupakan pertanyaan yang tidak perlu mendapatkan jawaban padahal disini saya masyarakat umum dan masih awam mengenai rute bus trans banyumas menurut saya pertanyaan tersebut sangat wajar untuk ditanyakan dan sangat pantas untuk mendapatkan jawaban namun faktanya sama sekali tidak dijawab oleh petugas dan pada saat petugas halte tidak menjawab akhirnya ada salah satu kurir ojek online yang membantu menjawab pertanyaan saya tersebut saya sangat kecewa dengan pelayanan petugas tersebut karena dari segi pelayanan di dalam bus nya sudah sangat bagus namun karena ketidakramahan petugas halte membuat saya merasa kecewa dengan pelayanan yang ada di halte pasar pon semoga keluhan saya dapat menjadi bahan evaluasi bagi petugas halte pasar pon untuk kedepannya agar bisa lebih ramah dan sopan dalam menjawab setiap pertanyaan secara informatif kepada calon penumpang bus trans banyumas sukses selalu untuk pelayanan bus trans banyumas kedepannya,benar layan dari kurir bus trans banyumas saya aku sangat bagus dan ramah namun sangat sayang layan dari tugas di halte pasar pon sangat tidak ramah dan tidak beri informasi yang jelas kepada calon tumpang yang baru pertama kali akan guna bus trans banyumas hal ini saya alami sendiri pada hari rabu september ketika hendak tanya kena rute bus trans banyumas untuk arah rita supermall apakah bisa jika guna trans banyumas atau tidak karena saya baru untuk pertama kali akan guna bus sebut sehingga saya tanya kepada tugas halte namun tidak jawab sama sekali bahkan maling muka akan tanya kena hal sebut rupa tanya yang tidak perlu dapat jawab padahal sini saya masyarakat umum dan masih awam kena rute bus trans banyumas turut saya tanya sebut sangat wajar untuk tanya dan sangat pantas untuk dapat jawab namun fakta sama sekali tidak jawab oleh tugas dan pada saat tugas halte tidak jawab akhir ada salah satu kurir ojek online yang bantu jawab tanya saya sebut saya sangat kecewa dengan layan tugas sebut karena dari segi layan di dalam bus nya sudah sangat bagus namun karena ketidakramahan tugas halte buat saya rasa kecewa dengan layan yang ada di halte pasar pon moga keluh saya dapat jadi bahan evaluasi bagi tugas halte pasar pon untuk depan agar bisa lebih ramah dan sopan dalam jawab tiap tanya cara informatif kepada calon tumpang bus trans banyumas sukses selalu untuk layan bus trans banyumas depan,"['benar', 'layan', 'dari', 'kurir', 'bus', 'trans', 'banyumas', 'saya', 'aku', 'sangat', 'bagus', 'dan', 'ramah', 'namun', 'sangat', 'sayang', 'layan', 'dari', 'tugas', 'di', 'halte', 'pasar', 'pon', 'sangat', 'tidak', 'ramah', 'dan', 'tidak', 'beri', 'informasi', 'yang', 'jelas', 'kepada', 'calon', 'tumpang', 'yang', 'baru', 'pertama', 'kali', 'akan', 'guna', 'bus', 'trans', 'banyumas', 'hal', 'ini', 'saya', 'alami', 'sendiri', 'pada', 'hari', 'rabu', 'september', 'ketika', 'hendak', 'tanya', 'kena', 'rute', 'bus', 'trans', 'banyumas', 'untuk', 'arah', 'rita', 'supermall', 'apakah', 'bisa', 'jika', 'guna', 'trans', 'banyumas', 'atau', 'tidak', 'karena', 'saya', 'baru', 'untuk', 'pertama', 'kali', 'akan', 'guna', 'bus', 'sebut', 'sehingga', 'saya', 'tanya', 'kepada', 'tugas', 'halte', 'namun', 'tidak', 'jawab', 'sama', 'sekali', 'bahkan', 'maling', 'muka', 'akan', 'tanya', 'kena', 'hal', 'sebut', 'rupa', 'tanya', 'yang', 'tidak', 'perlu', 'dapat', 'jawab', 'padahal', 'sini', 'saya', 'masyarakat', 'umum', 'dan', 'masih', 'awam', 'kena', 'rute', 'bus', 'trans', 'banyumas', 'turut', 'saya', 'tanya', 'sebut', 'sangat', 'wajar', 'untuk', 'tanya', 'dan', 'sangat', 'pantas', 'untuk', 'dapat', 'jawab', 'namun', 'fakta', 'sama', 'sekali', 'tidak', 'jawab', 'oleh', 'tugas', 'dan', 'pada', 'saat', 'tugas', 'halte', 'tidak', 'jawab', 'akhir', 'ada', 'salah', 'satu', 'kurir', 'ojek', 'online', 'yang', 'bantu', 'jawab', 'tanya', 'saya', 'sebut', 'saya', 'sangat', 'kecewa', 'dengan', 'layan', 'tugas', 'sebut', 'karena', 'dari', 'segi', 'layan', 'di', 'dalam', 'bus', 'nya', 'sudah', 'sangat', 'bagus', 'namun', 'karena', 'ketidakramahan', 'tugas', 'halte', 'buat', 'saya', 'rasa', 'kecewa', 'dengan', 'layan', 'yang', 'ada', 'di', 'halte', 'pasar', 'pon', 'moga', 'keluh', 'saya', 'dapat', 'jadi', 'bahan', 'evaluasi', 'bagi', 'tugas', 'halte', 'pasar', 'pon', 'untuk', 'depan', 'agar', 'bisa', 'lebih', 'ramah', 'dan', 'sopan', 'dalam', 'jawab', 'tiap', 'tanya', 'cara', 'informatif', 'kepada', 'calon', 'tumpang', 'bus', 'trans', 'banyumas', 'sukses', 'selalu', 'untuk', 'layan', 'bus', 'trans', 'banyumas', 'depan']","['layan', 'kurir', 'bus', 'trans', 'banyumas', 'bagus', 'ramah', 'sayang', 'layan', 'tugas', 'halte', 'pasar', 'pon', 'tidak', 'ramah', 'tidak', 'informasi', 'calon', 'tumpang', 'kali', 'bus', 'trans', 'banyumas', 'alami', 'rabu', 'september', 'kena', 'rute', 'bus', 'trans', 'banyumas', 'arah', 'rita', 'supermall', 'trans', 'banyumas', 'tidak', 'kali', 'bus', 'tugas', 'halte', 'tidak', 'maling', 'muka', 'kena', 'rupa', 'tidak', 'masyarakat', 'awam', 'kena', 'rute', 'bus', 'trans', 'banyumas', 'wajar', 'fakta', 'tidak', 'tugas', 'tugas', 'halte', 'tidak', 'salah', 'kurir', 'ojek', 'online', 'bantu', 'kecewa', 'layan', 'tugas', 'segi', 'layan', 'bus', 'bagus', 'ketidakramahan', 'tugas', 'halte', 'kecewa', 'layan', 'halte', 'pasar', 'pon', 'moga', 'keluh', 'bahan', 'evaluasi', 'tugas', 'halte', 'pasar', 'pon', 'ramah', 'sopan', 'informatif', 'calon', 'tumpang', 'bus', 'trans', 'banyumas', 'sukses', 'layan', 'bus', 'trans', 'banyumas']",layan kurir bus trans banyumas bagus ramah sayang layan tugas halte pasar pon tidak ramah tidak informasi calon tumpang kali bus trans banyumas alami rabu september kena rute bus trans banyumas arah rita supermall trans banyumas tidak kali bus tugas halte tidak maling muka kena rupa tidak masyarakat awam kena rute bus trans banyumas wajar fakta tidak tugas tugas halte tidak salah kurir ojek online bantu kecewa layan tugas segi layan bus bagus ketidakramahan tugas halte kecewa layan halte pasar pon moga keluh bahan evaluasi tugas halte pasar pon ramah sopan informatif calon tumpang bus trans banyumas sukses layan bus trans banyumas
328,Halte Pasar Pon,Abi baik,4,"Halte nya bersih , petugas nya lumayan informatif cuma untuk pendatang yg baru pertama naik trans banyumas atau trans Jateng kurang informasi hanya ada jalur2 saja",Positif,Halte nya bersih  petugas nya lumayan informatif cuma untuk pendatang yg baru pertama naik trans banyumas atau trans Jateng kurang informasi hanya ada jalur saja,halte nya bersih  petugas nya lumayan informatif cuma untuk pendatang yg baru pertama naik trans banyumas atau trans jateng kurang informasi hanya ada jalur saja,halte nya bersih petugas nya lumayan informatif cuma untuk pendatang yang baru pertama naik trans banyumas atau trans jateng kurang informasi hanya ada jalur saja,halte nya bersih tugas nya lumayan informatif cuma untuk datang yang baru pertama naik trans banyumas atau trans jateng kurang informasi hanya ada jalur saja,"['halte', 'nya', 'bersih', 'tugas', 'nya', 'lumayan', 'informatif', 'cuma', 'untuk', 'datang', 'yang', 'baru', 'pertama', 'naik', 'trans', 'banyumas', 'atau', 'trans', 'jateng', 'kurang', 'informasi', 'hanya', 'ada', 'jalur', 'saja']","['halte', 'bersih', 'tugas', 'lumayan', 'informatif', 'trans', 'banyumas', 'trans', 'jateng', 'informasi', 'jalur']",halte bersih tugas lumayan informatif trans banyumas trans jateng informasi jalur
329,Halte Pasar Pon,Giman bae,4,halte terdekat dengan stasiun Purwokerto,Positif,halte terdekat dengan stasiun Purwokerto,halte terdekat dengan stasiun purwokerto,halte terdekat dengan stasiun purwokerto,halte dekat dengan stasiun purwokerto,"['halte', 'dekat', 'dengan', 'stasiun', 'purwokerto']","['halte', 'stasiun', 'purwokerto']",halte stasiun purwokerto
330,Halte Pasar Pon,Agan Al,5,Kalau pulang ke rumah selalu naik bus trans,Positif,Kalau pulang ke rumah selalu naik bus trans,kalau pulang ke rumah selalu naik bus trans,kalau pulang ke rumah selalu naik bus trans,kalau pulang ke rumah selalu naik bus trans,"['kalau', 'pulang', 'ke', 'rumah', 'selalu', 'naik', 'bus', 'trans']","['pulang', 'rumah', 'bus', 'trans']",pulang rumah bus trans
331,Halte Pasar Pon,Anna nuryanti Soemarto Yusup,5,Petugas ramah.busway banyak.,Positif,Petugas ramahbusway banyak,petugas ramahbusway banyak,petugas ramahbusway banyak,tugas ramahbusway banyak,"['tugas', 'ramahbusway', 'banyak']","['tugas', 'ramahbusway']",tugas ramahbusway
332,Halte Pasar Pon,Esther Widyastuti,5,"Bisa ke stasiun naik trans banyumas, lewat pintu barat. Mantap🤠",Positif,Bisa ke stasiun naik trans banyumas lewat pintu barat Mantap,bisa ke stasiun naik trans banyumas lewat pintu barat mantap,bisa ke stasiun naik trans banyumas lewat pintu barat mantap,bisa ke stasiun naik trans banyumas lewat pintu barat mantap,"['bisa', 'ke', 'stasiun', 'naik', 'trans', 'banyumas', 'lewat', 'pintu', 'barat', 'mantap']","['stasiun', 'trans', 'banyumas', 'pintu', 'barat', 'mantap']",stasiun trans banyumas pintu barat mantap
333,Halte Pasar Pon,Sugi Arto,5,Sangat bagus,Positif,Sangat bagus,sangat bagus,sangat bagus,sangat bagus,"['sangat', 'bagus']",['bagus'],bagus
334,Halte Pasar Pon,Dani Ramdhani,5,"Tempat bis trans banyumas ke ajibarang, tiket yg sangat murah banget, semoga bisa di fasilitasi selain uang elektronik/qr code biar bisa membantu perjalanan warga",Positif,Tempat bis trans banyumas ke ajibarang tiket yg sangat murah banget semoga bisa di fasilitasi selain uang elektronikqr code biar bisa membantu perjalanan warga,tempat bis trans banyumas ke ajibarang tiket yg sangat murah banget semoga bisa di fasilitasi selain uang elektronikqr code biar bisa membantu perjalanan warga,tempat bis trans banyumas ke ajibarang tiket yang sangat murah  sekali semoga bisa di fasilitasi selain uang elektronikqr code biar bisa membantu perjalanan warga,tempat bis trans banyumas ke ajibarang tiket yang sangat murah sekali moga bisa di fasilitas selain uang elektronikqr code biar bisa bantu jalan warga,"['tempat', 'bis', 'trans', 'banyumas', 'ke', 'ajibarang', 'tiket', 'yang', 'sangat', 'murah', 'sekali', 'moga', 'bisa', 'di', 'fasilitas', 'selain', 'uang', 'elektronikqr', 'code', 'biar', 'bisa', 'bantu', 'jalan', 'warga']","['bis', 'trans', 'banyumas', 'ajibarang', 'tiket', 'murah', 'moga', 'fasilitas', 'uang', 'elektronikqr', 'code', 'biar', 'bantu', 'jalan', 'warga']",bis trans banyumas ajibarang tiket murah moga fasilitas uang elektronikqr code biar bantu jalan warga
335,Halte Pasar Pon,Aris Rianto,5,"Menyenangkan, tapi klo bisa utk waktu tunggu transit dipersingkat",Positif,Menyenangkan tapi klo bisa utk waktu tunggu transit dipersingkat,menyenangkan tapi klo bisa utk waktu tunggu transit dipersingkat,menyenangkan tapi kalo bisa untuk waktu tunggu transit dipersingkat,senang tapi kalo bisa untuk waktu tunggu transit singkat,"['senang', 'tapi', 'kalo', 'bisa', 'untuk', 'waktu', 'tunggu', 'transit', 'singkat']","['senang', 'kalo', 'tunggu', 'transit', 'singkat']",senang kalo tunggu transit singkat
336,Halte Pasar Pon,Pramudya Aditama Vidyabrata,4,Halte Pasar Pon adalah Halte Transit Trans Banyumas yang menghubungkan ke beberapa lokasi di Kabupaten Banyumas ... Lokasi strategis di depan underpass jenderal Sudirman Banyumas .... Dan merupakan jalur utama di Kab. Banyumas,Positif,Halte Pasar Pon adalah Halte Transit Trans Banyumas yang menghubungkan ke beberapa lokasi di Kabupaten Banyumas  Lokasi strategis di depan underpass jenderal Sudirman Banyumas  Dan merupakan jalur utama di Kab Banyumas,halte pasar pon adalah halte transit trans banyumas yang menghubungkan ke beberapa lokasi di kabupaten banyumas  lokasi strategis di depan underpass jenderal sudirman banyumas  dan merupakan jalur utama di kab banyumas,halte pasar pon adalah halte transit trans banyumas yang menghubungkan ke beberapa lokasi di kabupaten banyumas lokasi strategis di depan underpass jenderal sudirman banyumas dan merupakan jalur utama di kabupaten banyumas,halte pasar pon adalah halte transit trans banyumas yang hubung ke beberapa lokasi di kabupaten banyumas lokasi strategis di depan underpass jenderal sudirman banyumas dan rupa jalur utama di kabupaten banyumas,"['halte', 'pasar', 'pon', 'adalah', 'halte', 'transit', 'trans', 'banyumas', 'yang', 'hubung', 'ke', 'beberapa', 'lokasi', 'di', 'kabupaten', 'banyumas', 'lokasi', 'strategis', 'di', 'depan', 'underpass', 'jenderal', 'sudirman', 'banyumas', 'dan', 'rupa', 'jalur', 'utama', 'di', 'kabupaten', 'banyumas']","['halte', 'pasar', 'pon', 'halte', 'transit', 'trans', 'banyumas', 'hubung', 'lokasi', 'kabupaten', 'banyumas', 'lokasi', 'strategis', 'underpass', 'jenderal', 'sudirman', 'banyumas', 'rupa', 'jalur', 'utama', 'kabupaten', 'banyumas']",halte pasar pon halte transit trans banyumas hubung lokasi kabupaten banyumas lokasi strategis underpass jenderal sudirman banyumas rupa jalur utama kabupaten banyumas
337,Halte Pasar Pon,Eko Oktafianus Santosa,5,Coba ditambahi pohon atau tanaman biar ga gersang atau panas banget,Positif,Coba ditambahi pohon atau tanaman biar ga gersang atau panas banget,coba ditambahi pohon atau tanaman biar ga gersang atau panas banget,coba ditambahi pohon atau tanaman biar enggak gersang atau panas  sekali,coba tambah pohon atau tanam biar enggak gersang atau panas sekali,"['coba', 'tambah', 'pohon', 'atau', 'tanam', 'biar', 'enggak', 'gersang', 'atau', 'panas', 'sekali']","['coba', 'pohon', 'tanam', 'biar', 'gersang', 'panas']",coba pohon tanam biar gersang panas
338,Halte Pasar Pon,Ramadhan Akhmad,4,Semakin lengkap,Positif,Semakin lengkap,semakin lengkap,semakin lengkap,makin lengkap,"['makin', 'lengkap']",['lengkap'],lengkap
339,Halte Pasar Pon,Bayu Aji,4,"Halte bus paling sibuk di kawasan Purwokerto karena sebagai tempat basecamp bus Trans Banyumas untuk istirahat.

Pros:
+ Lokasi strategis dan mudah dijangkau karena terletak di depan Pasar Pon yang legendaris.
+ Area halte cukup bersih dan rapi.
+ Jarak menunggu cukup singkat karena hampir tiap 5 menit, bus akan silih berganti.
+ Ada petugas yang berjaga dan siap membantu kapan pun.
+ Ada petugas parkir pasar yang bersedia dititipi kendaraan hingga maksimal jam 7 malam dengan tarif hanya Rp 5.000,-

Cons:
- Jalanan menuju dan sekitar area halte rusak parah. Padahal yang jadi pusat utama adalah pasarnya. Perlu adanya perbaikan dan penguatan jalan agar tidak gampang rusak karena dijadikan tempat persinggahan untuk bus.",Positif,Halte bus paling sibuk di kawasan Purwokerto karena sebagai tempat basecamp bus Trans Banyumas untuk istirahat  Pros  Lokasi strategis dan mudah dijangkau karena terletak di depan Pasar Pon yang legendaris  Area halte cukup bersih dan rapi  Jarak menunggu cukup singkat karena hampir tiap  menit bus akan silih berganti  Ada petugas yang berjaga dan siap membantu kapan pun  Ada petugas parkir pasar yang bersedia dititipi kendaraan hingga maksimal jam  malam dengan tarif hanya Rp   Cons  Jalanan menuju dan sekitar area halte rusak parah Padahal yang jadi pusat utama adalah pasarnya Perlu adanya perbaikan dan penguatan jalan agar tidak gampang rusak karena dijadikan tempat persinggahan untuk bus,halte bus paling sibuk di kawasan purwokerto karena sebagai tempat basecamp bus trans banyumas untuk istirahat  pros  lokasi strategis dan mudah dijangkau karena terletak di depan pasar pon yang legendaris  area halte cukup bersih dan rapi  jarak menunggu cukup singkat karena hampir tiap  menit bus akan silih berganti  ada petugas yang berjaga dan siap membantu kapan pun  ada petugas parkir pasar yang bersedia dititipi kendaraan hingga maksimal jam  malam dengan tarif hanya rp   cons  jalanan menuju dan sekitar area halte rusak parah padahal yang jadi pusat utama adalah pasarnya perlu adanya perbaikan dan penguatan jalan agar tidak gampang rusak karena dijadikan tempat persinggahan untuk bus,halte bus paling sibuk di kawasan purwokerto karena sebagai tempat basecamp bus trans banyumas untuk istirahat pros lokasi strategis dan mudah dijangkau karena terletak di depan pasar pon yang legendaris area halte cukup bersih dan rapi jarak menunggu cukup singkat karena hampir tiap menit bus akan silih berganti ada petugas yang berjaga dan siap membantu kapan pun ada petugas parkir pasar yang bersedia dititipi kendaraan hingga maksimal jam malam dengan tarif hanya rp cons jalanan menuju dan sekitar area halte rusak parah padahal yang jadi pusat utama adalah pasarnya perlu adanya perbaikan dan penguatan jalan agar tidak gampang rusak karena dijadikan tempat persinggahan untuk bus,halte bus paling sibuk di kawasan purwokerto karena bagai tempat basecamp bus trans banyumas untuk istirahat pros lokasi strategis dan mudah jangkau karena letak di depan pasar pon yang legendaris area halte cukup bersih dan rapi jarak tunggu cukup singkat karena hampir tiap menit bus akan silih ganti ada tugas yang jaga dan siap bantu kapan pun ada tugas parkir pasar yang sedia titip kendara hingga maksimal jam malam dengan tarif hanya rp cons jalan tuju dan sekitar area halte rusak parah padahal yang jadi pusat utama adalah pasar perlu ada baik dan kuat jalan agar tidak gampang rusak karena jadi tempat singgah untuk bus,"['halte', 'bus', 'paling', 'sibuk', 'di', 'kawasan', 'purwokerto', 'karena', 'bagai', 'tempat', 'basecamp', 'bus', 'trans', 'banyumas', 'untuk', 'istirahat', 'pros', 'lokasi', 'strategis', 'dan', 'mudah', 'jangkau', 'karena', 'letak', 'di', 'depan', 'pasar', 'pon', 'yang', 'legendaris', 'area', 'halte', 'cukup', 'bersih', 'dan', 'rapi', 'jarak', 'tunggu', 'cukup', 'singkat', 'karena', 'hampir', 'tiap', 'menit', 'bus', 'akan', 'silih', 'ganti', 'ada', 'tugas', 'yang', 'jaga', 'dan', 'siap', 'bantu', 'kapan', 'pun', 'ada', 'tugas', 'parkir', 'pasar', 'yang', 'sedia', 'titip', 'kendara', 'hingga', 'maksimal', 'jam', 'malam', 'dengan', 'tarif', 'hanya', 'rp', 'cons', 'jalan', 'tuju', 'dan', 'sekitar', 'area', 'halte', 'rusak', 'parah', 'padahal', 'yang', 'jadi', 'pusat', 'utama', 'adalah', 'pasar', 'perlu', 'ada', 'baik', 'dan', 'kuat', 'jalan', 'agar', 'tidak', 'gampang', 'rusak', 'karena', 'jadi', 'tempat', 'singgah', 'untuk', 'bus']","['halte', 'bus', 'sibuk', 'kawasan', 'purwokerto', 'basecamp', 'bus', 'trans', 'banyumas', 'istirahat', 'pros', 'lokasi', 'strategis', 'mudah', 'jangkau', 'letak', 'pasar', 'pon', 'legendaris', 'area', 'halte', 'bersih', 'rapi', 'jarak', 'tunggu', 'singkat', 'menit', 'bus', 'silih', 'ganti', 'tugas', 'jaga', 'bantu', 'tugas', 'parkir', 'pasar', 'sedia', 'titip', 'kendara', 'maksimal', 'jam', 'malam', 'tarif', 'rp', 'cons', 'jalan', 'tuju', 'area', 'halte', 'rusak', 'parah', 'pusat', 'utama', 'pasar', 'kuat', 'jalan', 'tidak', 'gampang', 'rusak', 'singgah', 'bus']",halte bus sibuk kawasan purwokerto basecamp bus trans banyumas istirahat pros lokasi strategis mudah jangkau letak pasar pon legendaris area halte bersih rapi jarak tunggu singkat menit bus silih ganti tugas jaga bantu tugas parkir pasar sedia titip kendara maksimal jam malam tarif rp cons jalan tuju area halte rusak parah pusat utama pasar kuat jalan tidak gampang rusak singgah bus
340,Halte Pasar Pon,Eagle Wings,4,"Pertama kali naik bus trans Banyumas untuk berpergian dari GKI - RSUD Aji barang dengan jarak tempuh sekitar 1 jam. Fasilitas cukup nyaman untuk busnya, hanya saja fasilitas halte masih belum seluruhnya ada.",Positif,Pertama kali naik bus trans Banyumas untuk berpergian dari GKI  RSUD Aji barang dengan jarak tempuh sekitar  jam Fasilitas cukup nyaman untuk busnya hanya saja fasilitas halte masih belum seluruhnya ada,pertama kali naik bus trans banyumas untuk berpergian dari gki  rsud aji barang dengan jarak tempuh sekitar  jam fasilitas cukup nyaman untuk busnya hanya saja fasilitas halte masih belum seluruhnya ada,pertama kali naik bus trans banyumas untuk berpergian dari gki rsud aji barang dengan jarak tempuh sekitar jam fasilitas cukup nyaman untuk busnya hanya saja fasilitas halte masih belum seluruhnya ada,pertama kali naik bus trans banyumas untuk pergi dari gki rsud aji barang dengan jarak tempuh sekitar jam fasilitas cukup nyaman untuk bus hanya saja fasilitas halte masih belum seluruh ada,"['pertama', 'kali', 'naik', 'bus', 'trans', 'banyumas', 'untuk', 'pergi', 'dari', 'gki', 'rsud', 'aji', 'barang', 'dengan', 'jarak', 'tempuh', 'sekitar', 'jam', 'fasilitas', 'cukup', 'nyaman', 'untuk', 'bus', 'hanya', 'saja', 'fasilitas', 'halte', 'masih', 'belum', 'seluruh', 'ada']","['kali', 'bus', 'trans', 'banyumas', 'pergi', 'gki', 'rsud', 'aji', 'barang', 'jarak', 'tempuh', 'jam', 'fasilitas', 'nyaman', 'bus', 'fasilitas', 'halte']",kali bus trans banyumas pergi gki rsud aji barang jarak tempuh jam fasilitas nyaman bus fasilitas halte
341,Halte Pasar Pon,Bonie Pepitho,5,Busy bus stop thanks to its usefullness as transit for 3 bus routes.,Positif,Busy bus stop thanks to its usefullness as transit for  bus routes,busy bus stop thanks to its usefullness as transit for  bus routes,busy bus stop thanks tapi its usefullness as transit for bus routes,busy bus stop thanks tapi its usefullness as transit for bus routes,"['busy', 'bus', 'stop', 'thanks', 'tapi', 'its', 'usefullness', 'as', 'transit', 'for', 'bus', 'routes']","['busy', 'bus', 'stop', 'thanks', 'usefullness', 'transit', 'bus', 'routes']",busy bus stop thanks usefullness transit bus routes
342,Halte Pasar Pon,Muhammad Ridwan,5,Bagus halte terdekat klo mau turun ke stasiun,Positif,Bagus halte terdekat klo mau turun ke stasiun,bagus halte terdekat klo mau turun ke stasiun,bagus halte terdekat kalo mau turun ke stasiun,bagus halte dekat kalo mau turun ke stasiun,"['bagus', 'halte', 'dekat', 'kalo', 'mau', 'turun', 'ke', 'stasiun']","['bagus', 'halte', 'kalo', 'turun', 'stasiun']",bagus halte kalo turun stasiun
343,Halte Pasar Pon,Muhammad Andika,5,Nah ini nunggu antrian pas naik busway hihi,Positif,Nah ini nunggu antrian pas naik busway hihi,nah ini nunggu antrian pas naik busway hihi,nah ini menunggu antrian  ketika naik busway hihi,nah ini tunggu antri ketika naik busway hihi,"['nah', 'ini', 'tunggu', 'antri', 'ketika', 'naik', 'busway', 'hihi']","['tunggu', 'antri', 'busway', 'hihi']",tunggu antri busway hihi
344,Halte Pasar Pon,Rotala Sofiyatunnisa,5,"Halte bis trans bms, trans jateng, ada banyak angkot juga. Haltene cukup luas",Positif,Halte bis trans bms trans jateng ada banyak angkot juga Haltene cukup luas,halte bis trans bms trans jateng ada banyak angkot juga haltene cukup luas,halte bis trans bms trans jateng ada banyak angkot juga haltene cukup luas,halte bis trans bms trans jateng ada banyak angkot juga haltene cukup luas,"['halte', 'bis', 'trans', 'bms', 'trans', 'jateng', 'ada', 'banyak', 'angkot', 'juga', 'haltene', 'cukup', 'luas']","['halte', 'bis', 'trans', 'bms', 'trans', 'jateng', 'angkot', 'haltene', 'luas']",halte bis trans bms trans jateng angkot haltene luas
345,Halte Pasar Pon,Iva Ivana,4,"dekat, strategis, nyaman, teduh, banyak transportasi umum yang murah murah",Positif,dekat strategis nyaman teduh banyak transportasi umum yang murah murah,dekat strategis nyaman teduh banyak transportasi umum yang murah murah,dekat strategis nyaman teduh banyak transportasi umum yang murah murah,dekat strategis nyaman teduh banyak transportasi umum yang murah murah,"['dekat', 'strategis', 'nyaman', 'teduh', 'banyak', 'transportasi', 'umum', 'yang', 'murah', 'murah']","['strategis', 'nyaman', 'teduh', 'transportasi', 'murah', 'murah']",strategis nyaman teduh transportasi murah murah
346,Halte Pasar Pon,Mohamad Yusuf,4,Bua Trans Jateng Sangat membantu perjalanan di lintas banyumas - purbalingga.,Positif,Bua Trans Jateng Sangat membantu perjalanan di lintas banyumas  purbalingga,bua trans jateng sangat membantu perjalanan di lintas banyumas  purbalingga,bua trans jateng sangat membantu perjalanan di lintas banyumas purbalingga,bua trans jateng sangat bantu jalan di lintas banyumas purbalingga,"['bua', 'trans', 'jateng', 'sangat', 'bantu', 'jalan', 'di', 'lintas', 'banyumas', 'purbalingga']","['bua', 'trans', 'jateng', 'bantu', 'jalan', 'lintas', 'banyumas', 'purbalingga']",bua trans jateng bantu jalan lintas banyumas purbalingga
347,Halte Pasar Pon,AAW Endri,5,"Halte yang mudah ditemukan, jarena tepat dipinggir jalan dan depan pasar pon. Melayani rute TB 1 PasarPon-Ajibarang PP, dulewati oleh TB 3 Terminal Bulupitu-Kebondalem, juga ada halte Trans Jateng Termin Bulupitu-Terminal Bukateja. Tempat Bersih dan Nyaman, terdapat ruang transit untuk Penumpang Trans Banyumas yg nyaman. Banyak petugas baik dari trans banyumas maupun trans jateng yang akan membantu. Rute trans banyumas dan trans hateng tertempel dimasing-masing halte. Pengalaman baru di phrwomerto ada trabsportasi yang nyaman. Yang belum mencoba silahkan mencoba.
🍀✨️",Positif,Halte yang mudah ditemukan jarena tepat dipinggir jalan dan depan pasar pon Melayani rute TB  PasarPonAjibarang PP dulewati oleh TB  Terminal BulupituKebondalem juga ada halte Trans Jateng Termin BulupituTerminal Bukateja Tempat Bersih dan Nyaman terdapat ruang transit untuk Penumpang Trans Banyumas yg nyaman Banyak petugas baik dari trans banyumas maupun trans jateng yang akan membantu Rute trans banyumas dan trans hateng tertempel dimasingmasing halte Pengalaman baru di phrwomerto ada trabsportasi yang nyaman Yang belum mencoba silahkan mencoba,halte yang mudah ditemukan jarena tepat dipinggir jalan dan depan pasar pon melayani rute tb  pasarponajibarang pp dulewati oleh tb  terminal bulupitukebondalem juga ada halte trans jateng termin bulupituterminal bukateja tempat bersih dan nyaman terdapat ruang transit untuk penumpang trans banyumas yg nyaman banyak petugas baik dari trans banyumas maupun trans jateng yang akan membantu rute trans banyumas dan trans hateng tertempel dimasingmasing halte pengalaman baru di phrwomerto ada trabsportasi yang nyaman yang belum mencoba silahkan mencoba,halte yang mudah ditemukan jarena tepat dipinggir jalan dan depan pasar pon melayani rute tb pasarponajibarang pp dulewati oleh tb terminal bulupitukebondalem juga ada halte trans jateng termin bulupituterminal bukateja tempat bersih dan nyaman terdapat ruang transit untuk penumpang trans banyumas yang nyaman banyak petugas baik dari trans banyumas maupun trans jateng yang akan membantu rute trans banyumas dan trans hateng tertempel dimasingmasing halte pengalaman baru di phrwomerto ada trabsportasi yang nyaman yang belum mencoba silakan mencoba,halte yang mudah temu jarena tepat pinggir jalan dan depan pasar pon layan rute tb pasarponajibarang pp dulewati oleh tb terminal bulupitukebondalem juga ada halte trans jateng termin bulupituterminal bukateja tempat bersih dan nyaman dapat ruang transit untuk tumpang trans banyumas yang nyaman banyak tugas baik dari trans banyumas maupun trans jateng yang akan bantu rute trans banyumas dan trans hateng tempel dimasingmasing halte alam baru di phrwomerto ada trabsportasi yang nyaman yang belum coba sila coba,"['halte', 'yang', 'mudah', 'temu', 'jarena', 'tepat', 'pinggir', 'jalan', 'dan', 'depan', 'pasar', 'pon', 'layan', 'rute', 'tb', 'pasarponajibarang', 'pp', 'dulewati', 'oleh', 'tb', 'terminal', 'bulupitukebondalem', 'juga', 'ada', 'halte', 'trans', 'jateng', 'termin', 'bulupituterminal', 'bukateja', 'tempat', 'bersih', 'dan', 'nyaman', 'dapat', 'ruang', 'transit', 'untuk', 'tumpang', 'trans', 'banyumas', 'yang', 'nyaman', 'banyak', 'tugas', 'baik', 'dari', 'trans', 'banyumas', 'maupun', 'trans', 'jateng', 'yang', 'akan', 'bantu', 'rute', 'trans', 'banyumas', 'dan', 'trans', 'hateng', 'tempel', 'dimasingmasing', 'halte', 'alam', 'baru', 'di', 'phrwomerto', 'ada', 'trabsportasi', 'yang', 'nyaman', 'yang', 'belum', 'coba', 'sila', 'coba']","['halte', 'mudah', 'temu', 'jarena', 'pinggir', 'jalan', 'pasar', 'pon', 'layan', 'rute', 'tb', 'pasarponajibarang', 'pp', 'dulewati', 'tb', 'terminal', 'bulupitukebondalem', 'halte', 'trans', 'jateng', 'termin', 'bulupituterminal', 'bukateja', 'bersih', 'nyaman', 'ruang', 'transit', 'tumpang', 'trans', 'banyumas', 'nyaman', 'tugas', 'trans', 'banyumas', 'trans', 'jateng', 'bantu', 'rute', 'trans', 'banyumas', 'trans', 'hateng', 'tempel', 'dimasingmasing', 'halte', 'alam', 'phrwomerto', 'trabsportasi', 'nyaman', 'coba', 'sila', 'coba']",halte mudah temu jarena pinggir jalan pasar pon layan rute tb pasarponajibarang pp dulewati tb terminal bulupitukebondalem halte trans jateng termin bulupituterminal bukateja bersih nyaman ruang transit tumpang trans banyumas nyaman tugas trans banyumas trans jateng bantu rute trans banyumas trans hateng tempel dimasingmasing halte alam phrwomerto trabsportasi nyaman coba sila coba
348,Halte Pasar Pon,Adhideva Family,5,Dekat dengan pasar pon. Pas di terminal trans banyumas,Positif,Dekat dengan pasar pon Pas di terminal trans banyumas,dekat dengan pasar pon pas di terminal trans banyumas,dekat dengan pasar pon  ketika di terminal trans banyumas,dekat dengan pasar pon ketika di terminal trans banyumas,"['dekat', 'dengan', 'pasar', 'pon', 'ketika', 'di', 'terminal', 'trans', 'banyumas']","['pasar', 'pon', 'terminal', 'trans', 'banyumas']",pasar pon terminal trans banyumas
349,Halte Pasar Pon,dhamar aji wibowo,5,"Halte Pasar Pon merupakan Halte Integrasi antara Bus Trans Banyumas dengan Bus Trans Jateng, hal ini sangat memudahkan masyarakat dalam melakukan perjalanan",Positif,Halte Pasar Pon merupakan Halte Integrasi antara Bus Trans Banyumas dengan Bus Trans Jateng hal ini sangat memudahkan masyarakat dalam melakukan perjalanan,halte pasar pon merupakan halte integrasi antara bus trans banyumas dengan bus trans jateng hal ini sangat memudahkan masyarakat dalam melakukan perjalanan,halte pasar pon merupakan halte integrasi antara bus trans banyumas dengan bus trans jateng hal ini sangat memudahkan masyarakat dalam melakukan perjalanan,halte pasar pon rupa halte integrasi antara bus trans banyumas dengan bus trans jateng hal ini sangat mudah masyarakat dalam laku jalan,"['halte', 'pasar', 'pon', 'rupa', 'halte', 'integrasi', 'antara', 'bus', 'trans', 'banyumas', 'dengan', 'bus', 'trans', 'jateng', 'hal', 'ini', 'sangat', 'mudah', 'masyarakat', 'dalam', 'laku', 'jalan']","['halte', 'pasar', 'pon', 'rupa', 'halte', 'integrasi', 'bus', 'trans', 'banyumas', 'bus', 'trans', 'jateng', 'mudah', 'masyarakat', 'laku', 'jalan']",halte pasar pon rupa halte integrasi bus trans banyumas bus trans jateng mudah masyarakat laku jalan
