stars,text,text_clean,text_casefoldingText,text_slangwords,text_tokenizingText,text_stopword,text_final,polarity_score,polarity
5,Joss terminalnya makasih,Joss terminalnya makasih,joss terminalnya makasih,joss terminalnya terima kasih,"['joss', 'terminalnya', 'terima', 'kasih']","['joss', 'terminalnya', 'terima', 'kasih']",joss terminalnya terima kasih,3,positive
1,Sangat mengecewakan banyak oknum pungli .. memaksaan kehendak terhadap penumpang,Sangat mengecewakan banyak oknum pungli  memaksaan kehendak terhadap penumpang,sangat mengecewakan banyak oknum pungli  memaksaan kehendak terhadap penumpang,sangat mengecewakan banyak oknum pungli memaksaan kehendak terhadap penumpang,"['sangat', 'mengecewakan', 'banyak', 'oknum', 'pungli', 'memaksaan', 'kehendak', 'terhadap', 'penumpang']","['mengecewakan', 'oknum', 'pungli', 'memaksaan', 'kehendak', 'penumpang']",mengecewakan oknum pungli memaksaan kehendak penumpang,-6,negative
5,"Lumayan bagus dan cukup tertata
Loket telah disediakan bagus berderetan
Namun masih saja banyak calonya
Harusnya yang lalulalang itu hanya petugas yang berfungsi sebagai informan dan pengaman
Cukup sepi karena bis bagus jarang masuk terminal ini
Konsumen lebih memilih agen di luar terminal karena faktor harga tiket dan kenyamanan
Kalau keamanan sudah standar tinggal kenyamanan penumpang belum maksimal
TOILET GRATIS
Dulu walau sudah ada tulisan gratis tapi ada saja orang yang nongkrong di depan toilet memberi kesan seolah bayar ke oknum tersebut, bikin gak enak hati akhirnya bayar juga
Sekarang sudah ditertibkan
TERMINAL INI MEMILIKI TAMAN YANG LUAS TERMASUK AREA BERMAIN ANAK
LAHAN PARKIR KENDARAAN UNTUK PENGUNJUNG SANGAT LUAS
KULINER JUGA MEMADAI DENGAN HARGA TETAP TERKENDALI
BAGUS DAN LAYAK UNTUK DISINGGAHI",Lumayan bagus dan cukup tertata Loket telah disediakan bagus berderetan Namun masih saja banyak calonya Harusnya yang lalulalang itu hanya petugas yang berfungsi sebagai informan dan pengaman Cukup sepi karena bis bagus jarang masuk terminal ini Konsumen lebih memilih agen di luar terminal karena faktor harga tiket dan kenyamanan Kalau keamanan sudah standar tinggal kenyamanan penumpang belum maksimal TOILET GRATIS Dulu walau sudah ada tulisan gratis tapi ada saja orang yang nongkrong di depan toilet memberi kesan seolah bayar ke oknum tersebut bikin gak enak hati akhirnya bayar juga Sekarang sudah ditertibkan TERMINAL INI MEMILIKI TAMAN YANG LUAS TERMASUK AREA BERMAIN ANAK LAHAN PARKIR KENDARAAN UNTUK PENGUNJUNG SANGAT LUAS KULINER JUGA MEMADAI DENGAN HARGA TETAP TERKENDALI BAGUS DAN LAYAK UNTUK DISINGGAHI,lumayan bagus dan cukup tertata loket telah disediakan bagus berderetan namun masih saja banyak calonya harusnya yang lalulalang itu hanya petugas yang berfungsi sebagai informan dan pengaman cukup sepi karena bis bagus jarang masuk terminal ini konsumen lebih memilih agen di luar terminal karena faktor harga tiket dan kenyamanan kalau keamanan sudah standar tinggal kenyamanan penumpang belum maksimal toilet gratis dulu walau sudah ada tulisan gratis tapi ada saja orang yang nongkrong di depan toilet memberi kesan seolah bayar ke oknum tersebut bikin gak enak hati akhirnya bayar juga sekarang sudah ditertibkan terminal ini memiliki taman yang luas termasuk area bermain anak lahan parkir kendaraan untuk pengunjung sangat luas kuliner juga memadai dengan harga tetap terkendali bagus dan layak untuk disinggahi,lumayan bagus dan cukup tertata loket telah disediakan bagus berderetan namun masih saja banyak calonya harusnya yang lalulalang itu hanya petugas yang berfungsi sebagai informan dan pengaman cukup sepi karena bis bagus jarang masuk terminal ini konsumen lebih memilih agen di luar terminal karena faktor harga tiket dan kenyamanan kalau keamanan sudah standar tinggal kenyamanan penumpang belum maksimal toilet gratis dulu walau sudah ada tulisan gratis tapi ada saja orang yang nongkrong di depan toilet memberi kesan seolah bayar ke oknum tersebut bikin enggak enak hati akhirnya bayar juga sekarang sudah ditertibkan terminal ini memiliki taman yang luas termasuk area bermain anak lahan parkir kendaraan untuk pengunjung sangat luas kuliner juga memadai dengan harga tetap terkendali bagus dan layak untuk disinggahi,"['lumayan', 'bagus', 'dan', 'cukup', 'tertata', 'loket', 'telah', 'disediakan', 'bagus', 'berderetan', 'namun', 'masih', 'saja', 'banyak', 'calonya', 'harusnya', 'yang', 'lalulalang', 'itu', 'hanya', 'petugas', 'yang', 'berfungsi', 'sebagai', 'informan', 'dan', 'pengaman', 'cukup', 'sepi', 'karena', 'bis', 'bagus', 'jarang', 'masuk', 'terminal', 'ini', 'konsumen', 'lebih', 'memilih', 'agen', 'di', 'luar', 'terminal', 'karena', 'faktor', 'harga', 'tiket', 'dan', 'kenyamanan', 'kalau', 'keamanan', 'sudah', 'standar', 'tinggal', 'kenyamanan', 'penumpang', 'belum', 'maksimal', 'toilet', 'gratis', 'dulu', 'walau', 'sudah', 'ada', 'tulisan', 'gratis', 'tapi', 'ada', 'saja', 'orang', 'yang', 'nongkrong', 'di', 'depan', 'toilet', 'memberi', 'kesan', 'seolah', 'bayar', 'ke', 'oknum', 'tersebut', 'bikin', 'enggak', 'enak', 'hati', 'akhirnya', 'bayar', 'juga', 'sekarang', 'sudah', 'ditertibkan', 'terminal', 'ini', 'memiliki', 'taman', 'yang', 'luas', 'termasuk', 'area', 'bermain', 'anak', 'lahan', 'parkir', 'kendaraan', 'untuk', 'pengunjung', 'sangat', 'luas', 'kuliner', 'juga', 'memadai', 'dengan', 'harga', 'tetap', 'terkendali', 'bagus', 'dan', 'layak', 'untuk', 'disinggahi']","['lumayan', 'bagus', 'tertata', 'loket', 'disediakan', 'bagus', 'berderetan', 'calonya', 'lalulalang', 'petugas', 'berfungsi', 'informan', 'pengaman', 'sepi', 'bis', 'bagus', 'jarang', 'masuk', 'terminal', 'konsumen', 'memilih', 'agen', 'terminal', 'faktor', 'harga', 'tiket', 'kenyamanan', 'keamanan', 'standar', 'tinggal', 'kenyamanan', 'penumpang', 'maksimal', 'toilet', 'gratis', 'tulisan', 'gratis', 'orang', 'nongkrong', 'toilet', 'kesan', 'bayar', 'oknum', 'bikin', 'enak', 'hati', 'bayar', 'ditertibkan', 'terminal', 'memiliki', 'taman', 'luas', 'area', 'bermain', 'anak', 'lahan', 'parkir', 'kendaraan', 'pengunjung', 'luas', 'kuliner', 'memadai', 'harga', 'terkendali', 'bagus', 'layak', 'disinggahi']",lumayan bagus tertata loket disediakan bagus berderetan calonya lalulalang petugas berfungsi informan pengaman sepi bis bagus jarang masuk terminal konsumen memilih agen terminal faktor harga tiket kenyamanan keamanan standar tinggal kenyamanan penumpang maksimal toilet gratis tulisan gratis orang nongkrong toilet kesan bayar oknum bikin enak hati bayar ditertibkan terminal memiliki taman luas area bermain anak lahan parkir kendaraan pengunjung luas kuliner memadai harga terkendali bagus layak disinggahi,1,positive
5,"Terminal Purwokerto ini cukup luas sudah banyak pembangunan dan kemajuan setiap tahun, depan lobby sudah ada grab pickup seperti di bandara. Ruang tunggu berAC cukup nyaman dan ada playground untuk bermain anak. Start terminal bus trans jateng dan trans banyumas",Terminal Purwokerto ini cukup luas sudah banyak pembangunan dan kemajuan setiap tahun depan lobby sudah ada grab pickup seperti di bandara Ruang tunggu berAC cukup nyaman dan ada playground untuk bermain anak Start terminal bus trans jateng dan trans banyumas,terminal purwokerto ini cukup luas sudah banyak pembangunan dan kemajuan setiap tahun depan lobby sudah ada grab pickup seperti di bandara ruang tunggu berac cukup nyaman dan ada playground untuk bermain anak start terminal bus trans jateng dan trans banyumas,terminal purwokerto ini cukup luas sudah banyak pembangunan dan kemajuan setiap tahun depan lobby sudah ada grab ambil di toko seperti di bandara ruang tunggu berac cukup nyaman dan ada playground untuk bermain anak start terminal bus trans jateng dan trans banyumas,"['terminal', 'purwokerto', 'ini', 'cukup', 'luas', 'sudah', 'banyak', 'pembangunan', 'dan', 'kemajuan', 'setiap', 'tahun', 'depan', 'lobby', 'sudah', 'ada', 'grab', 'ambil', 'di', 'toko', 'seperti', 'di', 'bandara', 'ruang', 'tunggu', 'berac', 'cukup', 'nyaman', 'dan', 'ada', 'playground', 'untuk', 'bermain', 'anak', 'start', 'terminal', 'bus', 'trans', 'jateng', 'dan', 'trans', 'banyumas']","['terminal', 'purwokerto', 'luas', 'pembangunan', 'kemajuan', 'lobby', 'grab', 'ambil', 'toko', 'bandara', 'ruang', 'tunggu', 'berac', 'nyaman', 'playground', 'bermain', 'anak', 'start', 'terminal', 'bus', 'trans', 'jateng', 'trans', 'banyumas']",terminal purwokerto luas pembangunan kemajuan lobby grab ambil toko bandara ruang tunggu berac nyaman playground bermain anak start terminal bus trans jateng trans banyumas,-11,negative
5,terminal penuh kenangan dengan almarhum mbah kakung saat anter pak lik sekeluarga pulang ke depok,terminal penuh kenangan dengan almarhum mbah kakung saat anter pak lik sekeluarga pulang ke depok,terminal penuh kenangan dengan almarhum mbah kakung saat anter pak lik sekeluarga pulang ke depok,terminal penuh kenangan dengan almarhum mbah kakung saat antar pak lik sekeluarga pulang ke depok,"['terminal', 'penuh', 'kenangan', 'dengan', 'almarhum', 'mbah', 'kakung', 'saat', 'antar', 'pak', 'lik', 'sekeluarga', 'pulang', 'ke', 'depok']","['terminal', 'penuh', 'kenangan', 'almarhum', 'mbah', 'kakung', 'lik', 'sekeluarga', 'pulang', 'depok']",terminal penuh kenangan almarhum mbah kakung lik sekeluarga pulang depok,0,neutral
5,Bersih dan nyaman,Bersih dan nyaman,bersih dan nyaman,bersih dan nyaman,"['bersih', 'dan', 'nyaman']","['bersih', 'nyaman']",bersih nyaman,4,positive
1,"Menurut saya sangat buruk perhatian terhadap sarana dan prasarana yg ada, ini awal april loh.. Kamarin maret momen lebaran ngga ada pembenahan ya? Khususnya fasilitas toilet.., minim penerangan, air keruh, keran rusak, kotor, aroma gak sedap,",Menurut saya sangat buruk perhatian terhadap sarana dan prasarana yg ada ini awal april loh Kamarin maret momen lebaran ngga ada pembenahan ya Khususnya fasilitas toilet minim penerangan air keruh keran rusak kotor aroma gak sedap,menurut saya sangat buruk perhatian terhadap sarana dan prasarana yg ada ini awal april loh kamarin maret momen lebaran ngga ada pembenahan ya khususnya fasilitas toilet minim penerangan air keruh keran rusak kotor aroma gak sedap,menurut saya sangat buruk perhatian terhadap sarana dan prasarana yang ada ini awal april loh kamarin maret momen lebaran enggak ada pembenahan ya khususnya fasilitas toilet minim penerangan air keruh keran rusak kotor aroma enggak sedap,"['menurut', 'saya', 'sangat', 'buruk', 'perhatian', 'terhadap', 'sarana', 'dan', 'prasarana', 'yang', 'ada', 'ini', 'awal', 'april', 'loh', 'kamarin', 'maret', 'momen', 'lebaran', 'enggak', 'ada', 'pembenahan', 'ya', 'khususnya', 'fasilitas', 'toilet', 'minim', 'penerangan', 'air', 'keruh', 'keran', 'rusak', 'kotor', 'aroma', 'enggak', 'sedap']","['buruk', 'perhatian', 'sarana', 'prasarana', 'april', 'kamarin', 'maret', 'momen', 'lebaran', 'pembenahan', 'fasilitas', 'toilet', 'minim', 'penerangan', 'air', 'keruh', 'keran', 'rusak', 'kotor', 'aroma', 'sedap']",buruk perhatian sarana prasarana april kamarin maret momen lebaran pembenahan fasilitas toilet minim penerangan air keruh keran rusak kotor aroma sedap,-14,negative
1,Nunggu nya lama banget dari jam 7 sampe jam 12,Nunggu nya lama banget dari jam  sampe jam,nunggu nya lama banget dari jam  sampe jam,menunggu nya lama  sekali dari jam sampai jam,"['menunggu', 'nya', 'lama', 'sekali', 'dari', 'jam', 'sampai', 'jam']","['menunggu', 'jam', 'jam']",menunggu jam jam,-3,negative
1,"tempatnya panas gk ada AC gk ada kipas, kotor juga banyak plafonnya yang udah pada jebol.",tempatnya panas gk ada AC gk ada kipas kotor juga banyak plafonnya yang udah pada jebol,tempatnya panas gk ada ac gk ada kipas kotor juga banyak plafonnya yang udah pada jebol,tempatnya panas enggak ada ac enggak ada kipas kotor juga banyak plafonnya yang sudah pada jebol,"['tempatnya', 'panas', 'enggak', 'ada', 'ac', 'enggak', 'ada', 'kipas', 'kotor', 'juga', 'banyak', 'plafonnya', 'yang', 'sudah', 'pada', 'jebol']","['tempatnya', 'panas', 'ac', 'kipas', 'kotor', 'plafonnya', 'jebol']",tempatnya panas ac kipas kotor plafonnya jebol,-4,negative
5,Bagus banget...bersih rapi aman terkendali,Bagus bangetbersih rapi aman terkendali,bagus bangetbersih rapi aman terkendali,bagus bangetbersih rapi aman terkendali,"['bagus', 'bangetbersih', 'rapi', 'aman', 'terkendali']","['bagus', 'bangetbersih', 'rapi', 'aman', 'terkendali']",bagus bangetbersih rapi aman terkendali,3,positive
5,"Bersih, rapih dan petugasnya helpfull",Bersih rapih dan petugasnya helpfull,bersih rapih dan petugasnya helpfull,bersih rapi dan petugasnya helpfull,"['bersih', 'rapi', 'dan', 'petugasnya', 'helpfull']","['bersih', 'rapi', 'petugasnya', 'helpfull']",bersih rapi petugasnya helpfull,1,positive
5,Sangat di sambut dengan baik,Sangat di sambut dengan baik,sangat di sambut dengan baik,sangat di sambut dengan baik,"['sangat', 'di', 'sambut', 'dengan', 'baik']",['sambut'],sambut,3,positive
1,Tolong untuknpengelola parkir dibenahi karna tidak ada plang tarif ketentuan nya jadi asal2 saja menentukan tarif nya,Tolong untuknpengelola parkir dibenahi karna tidak ada plang tarif ketentuan nya jadi asal saja menentukan tarif nya,tolong untuknpengelola parkir dibenahi karna tidak ada plang tarif ketentuan nya jadi asal saja menentukan tarif nya,tolong untuknpengelola parkir dibenahi karena tidak ada plang tarif ketentuan nya jadi asal saja menentukan tarif nya,"['tolong', 'untuknpengelola', 'parkir', 'dibenahi', 'karena', 'tidak', 'ada', 'plang', 'tarif', 'ketentuan', 'nya', 'jadi', 'asal', 'saja', 'menentukan', 'tarif', 'nya']","['tolong', 'untuknpengelola', 'parkir', 'dibenahi', 'tidak', 'plang', 'tarif', 'ketentuan', 'menentukan', 'tarif']",tolong untuknpengelola parkir dibenahi tidak plang tarif ketentuan menentukan tarif,-4,negative
1,"MAS MAS MUDA YG JAGAIN DI PINTU MASUK DAN KELUARR G PUNYA EMPATI DAN G RAMAH SEKALI, ORG KY GT KOK MESI DI PEKERJAKAN.",MAS MAS MUDA YG JAGAIN DI PINTU MASUK DAN KELUARR G PUNYA EMPATI DAN G RAMAH SEKALI ORG KY GT KOK MESI DI PEKERJAKAN,mas mas muda yg jagain di pintu masuk dan keluarr g punya empati dan g ramah sekali org ky gt kok mesi di pekerjakan,mas mas muda yang menjaga di pintu masuk dan keluarr enggak punya empati dan enggak ramah sekali orang kaya begitu kok mesi di pekerjakan,"['mas', 'mas', 'muda', 'yang', 'menjaga', 'di', 'pintu', 'masuk', 'dan', 'keluarr', 'enggak', 'punya', 'empati', 'dan', 'enggak', 'ramah', 'sekali', 'orang', 'kaya', 'begitu', 'kok', 'mesi', 'di', 'pekerjakan']","['mas', 'mas', 'muda', 'menjaga', 'pintu', 'masuk', 'keluarr', 'empati', 'ramah', 'orang', 'kaya', 'mesi', 'pekerjakan']",mas mas muda menjaga pintu masuk keluarr empati ramah orang kaya mesi pekerjakan,-6,negative
1,Calo parah,Calo parah,calo parah,calo parah,"['calo', 'parah']","['calo', 'parah']",calo parah,-5,negative
1,"Parkiran mobil banyak pohon setua dan segede itu
Ranting jatoh aja bisa bikin pecah kaca mobilku.
Ke petugas setempat pengelola parkir jawabannya enak banget padahal sudah merugikan. Minimal ranting ranting di pangkas di rawat lah itu pepohonan
Sudah banyak korban seharusnya gimana caranya biar ngga kejadian lagi.
Untung aja bukan batang pohonnya yg njatohin mobil parkir.
Warning untuk pengurus tempat parkir. Aku tandain 👀",Parkiran mobil banyak pohon setua dan segede itu Ranting jatoh aja bisa bikin pecah kaca mobilku Ke petugas setempat pengelola parkir jawabannya enak banget padahal sudah merugikan Minimal ranting ranting di pangkas di rawat lah itu pepohonan Sudah banyak korban seharusnya gimana caranya biar ngga kejadian lagi Untung aja bukan batang pohonnya yg njatohin mobil parkir Warning untuk pengurus tempat parkir Aku tandain,parkiran mobil banyak pohon setua dan segede itu ranting jatoh aja bisa bikin pecah kaca mobilku ke petugas setempat pengelola parkir jawabannya enak banget padahal sudah merugikan minimal ranting ranting di pangkas di rawat lah itu pepohonan sudah banyak korban seharusnya gimana caranya biar ngga kejadian lagi untung aja bukan batang pohonnya yg njatohin mobil parkir warning untuk pengurus tempat parkir aku tandain,parkiran mobil banyak pohon setua dan segede itu ranting jatuh saja bisa bikin pecah kaca mobilku ke petugas setempat pengelola parkir jawabannya enak  sekali padahal sudah merugikan minimal ranting ranting di pangkas di rawat lah itu pepohonan sudah banyak korban seharusnya bagaimana caranya biar enggak kejadian lagi untung saja bukan batang pohonnya yang njatohin mobil parkir warning untuk pengurus tempat parkir aku tandain,"['parkiran', 'mobil', 'banyak', 'pohon', 'setua', 'dan', 'segede', 'itu', 'ranting', 'jatuh', 'saja', 'bisa', 'bikin', 'pecah', 'kaca', 'mobilku', 'ke', 'petugas', 'setempat', 'pengelola', 'parkir', 'jawabannya', 'enak', 'sekali', 'padahal', 'sudah', 'merugikan', 'minimal', 'ranting', 'ranting', 'di', 'pangkas', 'di', 'rawat', 'lah', 'itu', 'pepohonan', 'sudah', 'banyak', 'korban', 'seharusnya', 'bagaimana', 'caranya', 'biar', 'enggak', 'kejadian', 'lagi', 'untung', 'saja', 'bukan', 'batang', 'pohonnya', 'yang', 'njatohin', 'mobil', 'parkir', 'warning', 'untuk', 'pengurus', 'tempat', 'parkir', 'aku', 'tandain']","['parkiran', 'mobil', 'pohon', 'setua', 'segede', 'ranting', 'jatuh', 'bikin', 'pecah', 'kaca', 'mobilku', 'petugas', 'pengelola', 'parkir', 'jawabannya', 'enak', 'merugikan', 'minimal', 'ranting', 'ranting', 'pangkas', 'rawat', 'pepohonan', 'korban', 'biar', 'kejadian', 'untung', 'batang', 'pohonnya', 'njatohin', 'mobil', 'parkir', 'warning', 'pengurus', 'parkir', 'tandain']",parkiran mobil pohon setua segede ranting jatuh bikin pecah kaca mobilku petugas pengelola parkir jawabannya enak merugikan minimal ranting ranting pangkas rawat pepohonan korban biar kejadian untung batang pohonnya njatohin mobil parkir warning pengurus parkir tandain,-10,negative
1,"Calo nya bala bngt, ngambil untung nya kek mau pergi umroh
Tolong benahi dong instansi terkait
Bkin gk nyaman penumpang yg mau ke loket krna matok tarif gk wajar",Calo nya bala bngt ngambil untung nya kek mau pergi umroh Tolong benahi dong instansi terkait Bkin gk nyaman penumpang yg mau ke loket krna matok tarif gk wajar,calo nya bala bngt ngambil untung nya kek mau pergi umroh tolong benahi dong instansi terkait bkin gk nyaman penumpang yg mau ke loket krna matok tarif gk wajar,calo nya bala banget ngambil untung nya kayak mau pergi umroh tolong benahi dong instansi terkait bikin enggak nyaman penumpang yang mau ke loket karena matok tarif enggak wajar,"['calo', 'nya', 'bala', 'banget', 'ngambil', 'untung', 'nya', 'kayak', 'mau', 'pergi', 'umroh', 'tolong', 'benahi', 'dong', 'instansi', 'terkait', 'bikin', 'enggak', 'nyaman', 'penumpang', 'yang', 'mau', 'ke', 'loket', 'karena', 'matok', 'tarif', 'enggak', 'wajar']","['calo', 'bala', 'banget', 'ngambil', 'untung', 'kayak', 'pergi', 'umroh', 'tolong', 'benahi', 'instansi', 'terkait', 'bikin', 'nyaman', 'penumpang', 'loket', 'matok', 'tarif', 'wajar']",calo bala banget ngambil untung kayak pergi umroh tolong benahi instansi terkait bikin nyaman penumpang loket matok tarif wajar,-16,negative
5,"Terminalnya lumayan, standar lah untuk terminal. Seperti biasa pasti banyak calo tapi surprisingly toiletnya lumayan bersih, ada mushola juga good👍. Ruang tunggunya ada di dalam tapi di depan ada taman juga buat nunggu, lumayan sejuk juga karna banyak pohon nya dan ada gazebo. Overall 👍👏✨",Terminalnya lumayan standar lah untuk terminal Seperti biasa pasti banyak calo tapi surprisingly toiletnya lumayan bersih ada mushola juga good Ruang tunggunya ada di dalam tapi di depan ada taman juga buat nunggu lumayan sejuk juga karna banyak pohon nya dan ada gazebo Overall,terminalnya lumayan standar lah untuk terminal seperti biasa pasti banyak calo tapi surprisingly toiletnya lumayan bersih ada mushola juga good ruang tunggunya ada di dalam tapi di depan ada taman juga buat nunggu lumayan sejuk juga karna banyak pohon nya dan ada gazebo overall,terminalnya lumayan standar lah untuk terminal seperti biasa pasti banyak calo tapi surprisingly toiletnya lumayan bersih ada mushola juga good ruang tunggunya ada di dalam tapi di depan ada taman juga buat menunggu lumayan sejuk juga karena banyak pohon nya dan ada gazebo overall,"['terminalnya', 'lumayan', 'standar', 'lah', 'untuk', 'terminal', 'seperti', 'biasa', 'pasti', 'banyak', 'calo', 'tapi', 'surprisingly', 'toiletnya', 'lumayan', 'bersih', 'ada', 'mushola', 'juga', 'good', 'ruang', 'tunggunya', 'ada', 'di', 'dalam', 'tapi', 'di', 'depan', 'ada', 'taman', 'juga', 'buat', 'menunggu', 'lumayan', 'sejuk', 'juga', 'karena', 'banyak', 'pohon', 'nya', 'dan', 'ada', 'gazebo', 'overall']","['terminalnya', 'lumayan', 'standar', 'terminal', 'calo', 'surprisingly', 'toiletnya', 'lumayan', 'bersih', 'mushola', 'good', 'ruang', 'tunggunya', 'taman', 'menunggu', 'lumayan', 'sejuk', 'pohon', 'gazebo', 'overall']",terminalnya lumayan standar terminal calo surprisingly toiletnya lumayan bersih mushola good ruang tunggunya taman menunggu lumayan sejuk pohon gazebo overall,-12,negative
5,Tempatnya busmania kumpul dan nongkiyy,Tempatnya busmania kumpul dan nongkiyy,tempatnya busmania kumpul dan nongkiyy,tempatnya busmania kumpul dan nongkiyy,"['tempatnya', 'busmania', 'kumpul', 'dan', 'nongkiyy']","['tempatnya', 'busmania', 'kumpul', 'nongkiyy']",tempatnya busmania kumpul nongkiyy,0,neutral
5,Aman dari calo,Aman dari calo,aman dari calo,aman dari calo,"['aman', 'dari', 'calo']","['aman', 'calo']",aman calo,0,neutral
1,"Terminal dengan agen agen bus preman.cuma sinar jaya saja yang bagus.
Toilet terjorok yang pernah saya singah.jorok sekali.sepertinya karena orang orangnya jorok juga.& toilet semua mampet.bener bener jorok.jijik banget pokoknya.semoga aja ada perbaikan terutama untuk orang orang agen bus .& toilet nya.diwilayah lain udah maju.diterminal purwokerto masih aja jorok.",Terminal dengan agen agen bus premancuma sinar jaya saja yang bagus Toilet terjorok yang pernah saya singahjorok sekalisepertinya karena orang orangnya jorok juga toilet semua mampetbener bener jorokjijik banget pokoknyasemoga aja ada perbaikan terutama untuk orang orang agen bus  toilet nyadiwilayah lain udah majuditerminal purwokerto masih aja jorok,terminal dengan agen agen bus premancuma sinar jaya saja yang bagus toilet terjorok yang pernah saya singahjorok sekalisepertinya karena orang orangnya jorok juga toilet semua mampetbener bener jorokjijik banget pokoknyasemoga aja ada perbaikan terutama untuk orang orang agen bus  toilet nyadiwilayah lain udah majuditerminal purwokerto masih aja jorok,terminal dengan agen agen bus premancuma sinar jaya saja yang bagus toilet terjorok yang pernah saya singahjorok sekalisepertinya karena orang orangnya jorok juga toilet semua mampetbener benar jorokjijik  sekali pokoknyasemoga saja ada perbaikan terutama untuk orang orang agen bus toilet nyadiwilayah lain sudah majuditerminal purwokerto masih saja jorok,"['terminal', 'dengan', 'agen', 'agen', 'bus', 'premancuma', 'sinar', 'jaya', 'saja', 'yang', 'bagus', 'toilet', 'terjorok', 'yang', 'pernah', 'saya', 'singahjorok', 'sekalisepertinya', 'karena', 'orang', 'orangnya', 'jorok', 'juga', 'toilet', 'semua', 'mampetbener', 'benar', 'jorokjijik', 'sekali', 'pokoknyasemoga', 'saja', 'ada', 'perbaikan', 'terutama', 'untuk', 'orang', 'orang', 'agen', 'bus', 'toilet', 'nyadiwilayah', 'lain', 'sudah', 'majuditerminal', 'purwokerto', 'masih', 'saja', 'jorok']","['terminal', 'agen', 'agen', 'bus', 'premancuma', 'sinar', 'jaya', 'bagus', 'toilet', 'terjorok', 'singahjorok', 'sekalisepertinya', 'orang', 'orangnya', 'jorok', 'toilet', 'mampetbener', 'jorokjijik', 'pokoknyasemoga', 'perbaikan', 'orang', 'orang', 'agen', 'bus', 'toilet', 'nyadiwilayah', 'majuditerminal', 'purwokerto', 'jorok']",terminal agen agen bus premancuma sinar jaya bagus toilet terjorok singahjorok sekalisepertinya orang orangnya jorok toilet mampetbener jorokjijik pokoknyasemoga perbaikan orang orang agen bus toilet nyadiwilayah majuditerminal purwokerto jorok,-13,negative
1,"Bintang 1 aja kayanya masih kebagusan ini.
Tolong dong pemerintah setempat atau dinas perhubungan kota purwokerto kerja, diperbaiki lagi ini terminal berantakan banget sistemnya. Calo calonya dibina biar ga ngasih harga ga masuk akal gini. Udah harga mahal dikasih bus kaya delman.
Gimana kotanya mau maju, kalau hal hal kaya gini aja acuh. Padahal udah banyak keluhan yang serupa. Pertama dan terakhir kalinya saya kesini",Bintang  aja kayanya masih kebagusan ini Tolong dong pemerintah setempat atau dinas perhubungan kota purwokerto kerja diperbaiki lagi ini terminal berantakan banget sistemnya Calo calonya dibina biar ga ngasih harga ga masuk akal gini Udah harga mahal dikasih bus kaya delman Gimana kotanya mau maju kalau hal hal kaya gini aja acuh Padahal udah banyak keluhan yang serupa Pertama dan terakhir kalinya saya kesini,bintang  aja kayanya masih kebagusan ini tolong dong pemerintah setempat atau dinas perhubungan kota purwokerto kerja diperbaiki lagi ini terminal berantakan banget sistemnya calo calonya dibina biar ga ngasih harga ga masuk akal gini udah harga mahal dikasih bus kaya delman gimana kotanya mau maju kalau hal hal kaya gini aja acuh padahal udah banyak keluhan yang serupa pertama dan terakhir kalinya saya kesini,bintang saja kayanya masih kebagusan ini tolong dong pemerintah setempat atau dinas perhubungan kota purwokerto kerja diperbaiki lagi ini terminal berantakan  sekali sistemnya calo calonya dibina biar enggak mengasih harga enggak masuk akal begini sudah harga mahal dikasih bus kayak delman bagaimana kotanya mau maju kalau hal hal kayak begini saja acuh padahal sudah banyak keluhan yang serupa pertama dan terakhir kalinya saya kesini,"['bintang', 'saja', 'kayanya', 'masih', 'kebagusan', 'ini', 'tolong', 'dong', 'pemerintah', 'setempat', 'atau', 'dinas', 'perhubungan', 'kota', 'purwokerto', 'kerja', 'diperbaiki', 'lagi', 'ini', 'terminal', 'berantakan', 'sekali', 'sistemnya', 'calo', 'calonya', 'dibina', 'biar', 'enggak', 'mengasih', 'harga', 'enggak', 'masuk', 'akal', 'begini', 'sudah', 'harga', 'mahal', 'dikasih', 'bus', 'kayak', 'delman', 'bagaimana', 'kotanya', 'mau', 'maju', 'kalau', 'hal', 'hal', 'kayak', 'begini', 'saja', 'acuh', 'padahal', 'sudah', 'banyak', 'keluhan', 'yang', 'serupa', 'pertama', 'dan', 'terakhir', 'kalinya', 'saya', 'kesini']","['bintang', 'kayanya', 'kebagusan', 'tolong', 'pemerintah', 'dinas', 'perhubungan', 'kota', 'purwokerto', 'kerja', 'diperbaiki', 'terminal', 'berantakan', 'sistemnya', 'calo', 'calonya', 'dibina', 'biar', 'mengasih', 'harga', 'masuk', 'akal', 'harga', 'mahal', 'dikasih', 'bus', 'kayak', 'delman', 'kotanya', 'maju', 'kayak', 'acuh', 'keluhan', 'kalinya', 'kesini']",bintang kayanya kebagusan tolong pemerintah dinas perhubungan kota purwokerto kerja diperbaiki terminal berantakan sistemnya calo calonya dibina biar mengasih harga masuk akal harga mahal dikasih bus kayak delman kotanya maju kayak acuh keluhan kalinya kesini,-14,negative
2,"terminal nya bagus tapi sayang bangettt banyak calooo yang ga ngotak kalo matok in harga , warung2 juga ngasih hrg makanannya ga masuk akal banget, beli indomie 1 sama bakso kecil isi 5 + teh anget tawar 2 dipatok harga 40rebuu , ampunnnn kapok bangettt!!",terminal nya bagus tapi sayang bangettt banyak calooo yang ga ngotak kalo matok in harga  warung juga ngasih hrg makanannya ga masuk akal banget beli indomie  sama bakso kecil isi   teh anget tawar  dipatok harga rebuu  ampunnnn kapok bangettt,terminal nya bagus tapi sayang bangettt banyak calooo yang ga ngotak kalo matok in harga  warung juga ngasih hrg makanannya ga masuk akal banget beli indomie  sama bakso kecil isi   teh anget tawar  dipatok harga rebuu  ampunnnn kapok bangettt,terminal nya bagus tapi sayang  sekali banyak calooo yang enggak ngotak kalo matok ini harga warung juga mengasih hrg makanannya enggak masuk akal  sekali beli indomie sama bakso kecil isi teh anget tawar dipatok harga rebuu ampun kapok  sekali,"['terminal', 'nya', 'bagus', 'tapi', 'sayang', 'sekali', 'banyak', 'calooo', 'yang', 'enggak', 'ngotak', 'kalo', 'matok', 'ini', 'harga', 'warung', 'juga', 'mengasih', 'hrg', 'makanannya', 'enggak', 'masuk', 'akal', 'sekali', 'beli', 'indomie', 'sama', 'bakso', 'kecil', 'isi', 'teh', 'anget', 'tawar', 'dipatok', 'harga', 'rebuu', 'ampun', 'kapok', 'sekali']","['terminal', 'bagus', 'sayang', 'calooo', 'ngotak', 'kalo', 'matok', 'harga', 'warung', 'mengasih', 'hrg', 'makanannya', 'masuk', 'akal', 'beli', 'indomie', 'bakso', 'isi', 'teh', 'anget', 'tawar', 'dipatok', 'harga', 'rebuu', 'ampun', 'kapok']",terminal bagus sayang calooo ngotak kalo matok harga warung mengasih hrg makanannya masuk akal beli indomie bakso isi teh anget tawar dipatok harga rebuu ampun kapok,-10,negative
1,Calo ga bertanggung jawab kok berkeliaran...atau sengaja ada oknum pelihara,Calo ga bertanggung jawab kok berkeliaranatau sengaja ada oknum pelihara,calo ga bertanggung jawab kok berkeliaranatau sengaja ada oknum pelihara,calo enggak bertanggung jawab kok berkeliaranatau sengaja ada oknum pelihara,"['calo', 'enggak', 'bertanggung', 'jawab', 'kok', 'berkeliaranatau', 'sengaja', 'ada', 'oknum', 'pelihara']","['calo', 'bertanggung', 'berkeliaranatau', 'sengaja', 'oknum', 'pelihara']",calo bertanggung berkeliaranatau sengaja oknum pelihara,1,positive
5,"Terminalnya sudah bagus dan tertata rapi, calo2 masih ada tapi udah lbh kondusif. Mantap pokoknya perkembangan terminal ini, banyak penjual2 makanan dan agen2 tiket bus yang ramah2.
Tempat parkir luas ada di depan terminal, ada taman bermain anak untuk pengunjung yang sedang menunggu kedatangan atau mengantar penumpang.",Terminalnya sudah bagus dan tertata rapi calo masih ada tapi udah lbh kondusif Mantap pokoknya perkembangan terminal ini banyak penjual makanan dan agen tiket bus yang ramah Tempat parkir luas ada di depan terminal ada taman bermain anak untuk pengunjung yang sedang menunggu kedatangan atau mengantar penumpang,terminalnya sudah bagus dan tertata rapi calo masih ada tapi udah lbh kondusif mantap pokoknya perkembangan terminal ini banyak penjual makanan dan agen tiket bus yang ramah tempat parkir luas ada di depan terminal ada taman bermain anak untuk pengunjung yang sedang menunggu kedatangan atau mengantar penumpang,terminalnya sudah bagus dan tertata rapi calo masih ada tapi sudah lebih kondusif mantap pokoknya perkembangan terminal ini banyak penjual makanan dan agen tiket bus yang ramah tempat parkir luas ada di depan terminal ada taman bermain anak untuk pengunjung yang sedang menunggu kedatangan atau mengantar penumpang,"['terminalnya', 'sudah', 'bagus', 'dan', 'tertata', 'rapi', 'calo', 'masih', 'ada', 'tapi', 'sudah', 'lebih', 'kondusif', 'mantap', 'pokoknya', 'perkembangan', 'terminal', 'ini', 'banyak', 'penjual', 'makanan', 'dan', 'agen', 'tiket', 'bus', 'yang', 'ramah', 'tempat', 'parkir', 'luas', 'ada', 'di', 'depan', 'terminal', 'ada', 'taman', 'bermain', 'anak', 'untuk', 'pengunjung', 'yang', 'sedang', 'menunggu', 'kedatangan', 'atau', 'mengantar', 'penumpang']","['terminalnya', 'bagus', 'tertata', 'rapi', 'calo', 'kondusif', 'mantap', 'pokoknya', 'perkembangan', 'terminal', 'penjual', 'makanan', 'agen', 'tiket', 'bus', 'ramah', 'parkir', 'luas', 'terminal', 'taman', 'bermain', 'anak', 'pengunjung', 'menunggu', 'kedatangan', 'mengantar', 'penumpang']",terminalnya bagus tertata rapi calo kondusif mantap pokoknya perkembangan terminal penjual makanan agen tiket bus ramah parkir luas terminal taman bermain anak pengunjung menunggu kedatangan mengantar penumpang,-6,negative
5,"Terminal yang sangat bersih,aman dan nyaman",Terminal yang sangat bersihaman dan nyaman,terminal yang sangat bersihaman dan nyaman,terminal yang sangat bersihaman dan nyaman,"['terminal', 'yang', 'sangat', 'bersihaman', 'dan', 'nyaman']","['terminal', 'bersihaman', 'nyaman']",terminal bersihaman nyaman,1,positive
5,"Pelayanan bagus, petugas dishubnya baik, bawa lansia naik kursi roda diantar...",Pelayanan bagus petugas dishubnya baik bawa lansia naik kursi roda diantar,pelayanan bagus petugas dishubnya baik bawa lansia naik kursi roda diantar,pelayanan bagus petugas dishubnya baik bawa lansia naik kursi roda diantar,"['pelayanan', 'bagus', 'petugas', 'dishubnya', 'baik', 'bawa', 'lansia', 'naik', 'kursi', 'roda', 'diantar']","['pelayanan', 'bagus', 'petugas', 'dishubnya', 'bawa', 'lansia', 'kursi', 'roda', 'diantar']",pelayanan bagus petugas dishubnya bawa lansia kursi roda diantar,-5,negative
1,"Masih banyak calo tiket penipu berkeliaran. Setidaknya kalo ada orang tidak tau ya dikasih tau bukan malah dibodohi !! Dimintai pertanggung jawaban malah ngumpet !
Jangan membodohi orang kalo mau hidup kalian berkah !!",Masih banyak calo tiket penipu berkeliaran Setidaknya kalo ada orang tidak tau ya dikasih tau bukan malah dibodohi  Dimintai pertanggung jawaban malah ngumpet  Jangan membodohi orang kalo mau hidup kalian berkah,masih banyak calo tiket penipu berkeliaran setidaknya kalo ada orang tidak tau ya dikasih tau bukan malah dibodohi  dimintai pertanggung jawaban malah ngumpet  jangan membodohi orang kalo mau hidup kalian berkah,masih banyak calo tiket penipu berkeliaran setidaknya kalo ada orang tidak tau ya dikasih tau bukan malah dibodohi dimintai pertanggung jawaban malah ngumpet jangan membodohi orang kalo mau hidup kalian berkah,"['masih', 'banyak', 'calo', 'tiket', 'penipu', 'berkeliaran', 'setidaknya', 'kalo', 'ada', 'orang', 'tidak', 'tau', 'ya', 'dikasih', 'tau', 'bukan', 'malah', 'dibodohi', 'dimintai', 'pertanggung', 'jawaban', 'malah', 'ngumpet', 'jangan', 'membodohi', 'orang', 'kalo', 'mau', 'hidup', 'kalian', 'berkah']","['calo', 'tiket', 'penipu', 'berkeliaran', 'kalo', 'orang', 'tidak', 'tau', 'dikasih', 'tau', 'dibodohi', 'pertanggung', 'ngumpet', 'membodohi', 'orang', 'kalo', 'hidup', 'berkah']",calo tiket penipu berkeliaran kalo orang tidak tau dikasih tau dibodohi pertanggung ngumpet membodohi orang kalo hidup berkah,-13,negative
1,"di urus tu calo nya kocak ktanya ke ps minggu malah kp rambutan, katanya naik murni jaya di kasih nya sumber alam, butuh penumpang butuh duit ga gitu juga kali kocak, mikir lah di kasih duit di kasih penumpang rezeki ya di hargain juga penumpangnya ga ngotak",di urus tu calo nya kocak ktanya ke ps minggu malah kp rambutan katanya naik murni jaya di kasih nya sumber alam butuh penumpang butuh duit ga gitu juga kali kocak mikir lah di kasih duit di kasih penumpang rezeki ya di hargain juga penumpangnya ga ngotak,di urus tu calo nya kocak ktanya ke ps minggu malah kp rambutan katanya naik murni jaya di kasih nya sumber alam butuh penumpang butuh duit ga gitu juga kali kocak mikir lah di kasih duit di kasih penumpang rezeki ya di hargain juga penumpangnya ga ngotak,di urus itu calo nya kocak katanya ke pas minggu malah kp rambutan katanya naik murni jaya di kasih nya sumber alam butuh penumpang butuh duit enggak begitu juga kali kocak mikir lah di kasih duit di kasih penumpang rezeki ya di hargain juga penumpangnya enggak ngotak,"['di', 'urus', 'itu', 'calo', 'nya', 'kocak', 'katanya', 'ke', 'pas', 'minggu', 'malah', 'kp', 'rambutan', 'katanya', 'naik', 'murni', 'jaya', 'di', 'kasih', 'nya', 'sumber', 'alam', 'butuh', 'penumpang', 'butuh', 'duit', 'enggak', 'begitu', 'juga', 'kali', 'kocak', 'mikir', 'lah', 'di', 'kasih', 'duit', 'di', 'kasih', 'penumpang', 'rezeki', 'ya', 'di', 'hargain', 'juga', 'penumpangnya', 'enggak', 'ngotak']","['urus', 'calo', 'kocak', 'pas', 'minggu', 'kp', 'rambutan', 'murni', 'jaya', 'kasih', 'sumber', 'alam', 'butuh', 'penumpang', 'butuh', 'duit', 'kali', 'kocak', 'mikir', 'kasih', 'duit', 'kasih', 'penumpang', 'rezeki', 'hargain', 'penumpangnya', 'ngotak']",urus calo kocak pas minggu kp rambutan murni jaya kasih sumber alam butuh penumpang butuh duit kali kocak mikir kasih duit kasih penumpang rezeki hargain penumpangnya ngotak,-7,negative
4,"Terminal bagus, fasilitas baik mantap terminal bulupitu Purwokerto
Bersih dan nyaman",Terminal bagus fasilitas baik mantap terminal bulupitu Purwokerto Bersih dan nyaman,terminal bagus fasilitas baik mantap terminal bulupitu purwokerto bersih dan nyaman,terminal bagus fasilitas baik mantap terminal bulupitu purwokerto bersih dan nyaman,"['terminal', 'bagus', 'fasilitas', 'baik', 'mantap', 'terminal', 'bulupitu', 'purwokerto', 'bersih', 'dan', 'nyaman']","['terminal', 'bagus', 'fasilitas', 'mantap', 'terminal', 'bulupitu', 'purwokerto', 'bersih', 'nyaman']",terminal bagus fasilitas mantap terminal bulupitu purwokerto bersih nyaman,3,positive
1,"pelayanan yang sangat membagongkan dan penipuan mobil triplek banyak boongnyaa,ya pantas aja peminat bus kurang orang pertama naik bus langsung dikasih pelayanan yang jelek mobil yang jelek bayar mahal, jalan mulus aja ajrug ajrugan😂",pelayanan yang sangat membagongkan dan penipuan mobil triplek banyak boongnyaaya pantas aja peminat bus kurang orang pertama naik bus langsung dikasih pelayanan yang jelek mobil yang jelek bayar mahal jalan mulus aja ajrug ajrugan,pelayanan yang sangat membagongkan dan penipuan mobil triplek banyak boongnyaaya pantas aja peminat bus kurang orang pertama naik bus langsung dikasih pelayanan yang jelek mobil yang jelek bayar mahal jalan mulus aja ajrug ajrugan,pelayanan yang sangat membagongkan dan penipuan mobil triplek banyak boongnyaaya pantas saja peminat bus kurang orang pertama naik bus langsung dikasih pelayanan yang jelek mobil yang jelek bayar mahal jalan mulus saja ajrug ajrugan,"['pelayanan', 'yang', 'sangat', 'membagongkan', 'dan', 'penipuan', 'mobil', 'triplek', 'banyak', 'boongnyaaya', 'pantas', 'saja', 'peminat', 'bus', 'kurang', 'orang', 'pertama', 'naik', 'bus', 'langsung', 'dikasih', 'pelayanan', 'yang', 'jelek', 'mobil', 'yang', 'jelek', 'bayar', 'mahal', 'jalan', 'mulus', 'saja', 'ajrug', 'ajrugan']","['pelayanan', 'membagongkan', 'penipuan', 'mobil', 'triplek', 'boongnyaaya', 'peminat', 'bus', 'orang', 'bus', 'langsung', 'dikasih', 'pelayanan', 'jelek', 'mobil', 'jelek', 'bayar', 'mahal', 'jalan', 'mulus', 'ajrug', 'ajrugan']",pelayanan membagongkan penipuan mobil triplek boongnyaaya peminat bus orang bus langsung dikasih pelayanan jelek mobil jelek bayar mahal jalan mulus ajrug ajrugan,1,positive
1,"Hati hati banyak calo di janjikan dapet bus bagus dengan harga lumayan mahal dengan fasilitas ac dan toilet nya ternyata yang dateng bus majapahit, bus aladin tujuan bandung hati hati menjalankan ugal ugalan hampir tabrakan di jalan malangbong",Hati hati banyak calo di janjikan dapet bus bagus dengan harga lumayan mahal dengan fasilitas ac dan toilet nya ternyata yang dateng bus majapahit bus aladin tujuan bandung hati hati menjalankan ugal ugalan hampir tabrakan di jalan malangbong,hati hati banyak calo di janjikan dapet bus bagus dengan harga lumayan mahal dengan fasilitas ac dan toilet nya ternyata yang dateng bus majapahit bus aladin tujuan bandung hati hati menjalankan ugal ugalan hampir tabrakan di jalan malangbong,hati hati banyak calo di janjikan dapat bus bagus dengan harga lumayan mahal dengan fasilitas ac dan toilet nya ternyata yang datang bus majapahit bus bank aladin tujuan bandung hati hati menjalankan ugal ugalan hampir tabrakan di jalan malangbong,"['hati', 'hati', 'banyak', 'calo', 'di', 'janjikan', 'dapat', 'bus', 'bagus', 'dengan', 'harga', 'lumayan', 'mahal', 'dengan', 'fasilitas', 'ac', 'dan', 'toilet', 'nya', 'ternyata', 'yang', 'datang', 'bus', 'majapahit', 'bus', 'bank', 'aladin', 'tujuan', 'bandung', 'hati', 'hati', 'menjalankan', 'ugal', 'ugalan', 'hampir', 'tabrakan', 'di', 'jalan', 'malangbong']","['hati', 'hati', 'calo', 'janjikan', 'bus', 'bagus', 'harga', 'lumayan', 'mahal', 'fasilitas', 'ac', 'toilet', 'bus', 'majapahit', 'bus', 'bank', 'aladin', 'tujuan', 'bandung', 'hati', 'hati', 'menjalankan', 'ugal', 'ugalan', 'tabrakan', 'jalan', 'malangbong']",hati hati calo janjikan bus bagus harga lumayan mahal fasilitas ac toilet bus majapahit bus bank aladin tujuan bandung hati hati menjalankan ugal ugalan tabrakan jalan malangbong,2,positive
1,"Pengalaman yang sangat membagongkan, terminal nya sih bagus, tapi isi nya calo kek tai semua, bayar mahal"" Dapet bus kek delman anying",Pengalaman yang sangat membagongkan terminal nya sih bagus tapi isi nya calo kek tai semua bayar mahal Dapet bus kek delman anying,pengalaman yang sangat membagongkan terminal nya sih bagus tapi isi nya calo kek tai semua bayar mahal dapet bus kek delman anying,pengalaman yang sangat membagongkan terminal nya sih bagus tapi isi nya calo kayak tahi semua bayar mahal dapat bus kayak delman anying,"['pengalaman', 'yang', 'sangat', 'membagongkan', 'terminal', 'nya', 'sih', 'bagus', 'tapi', 'isi', 'nya', 'calo', 'kayak', 'tahi', 'semua', 'bayar', 'mahal', 'dapat', 'bus', 'kayak', 'delman', 'anying']","['pengalaman', 'membagongkan', 'terminal', 'bagus', 'isi', 'calo', 'kayak', 'tahi', 'bayar', 'mahal', 'bus', 'kayak', 'delman', 'anying']",pengalaman membagongkan terminal bagus isi calo kayak tahi bayar mahal bus kayak delman anying,-14,negative
1,"Kakehan calo,biasa purwokerto tegal 30k ditariki 60k
Ati² go sing pan numpak",Kakehan calobiasa purwokerto tegal k ditariki k Ati² go sing pan numpak,kakehan calobiasa purwokerto tegal k ditariki k ati² go sing pan numpak,kakehan calobiasa purwokerto tegal ke ditariki ke ati² go sing kapan numpak,"['kakehan', 'calobiasa', 'purwokerto', 'tegal', 'ke', 'ditariki', 'ke', 'ati²', 'go', 'sing', 'kapan', 'numpak']","['kakehan', 'calobiasa', 'purwokerto', 'tegal', 'ditariki', 'ati²', 'go', 'sing', 'numpak']",kakehan calobiasa purwokerto tegal ditariki ati² go sing numpak,1,positive
4,"Jarang banget ya ada terminal kek nya sebagus ini, iya ga sih?
Tempat nya bersih, fasilitas toilet dan mushola jg terawat

Luas banget area parking, serius deh. Dari pintu masuk menuju loket nya itu jauh bngt wkwk
Tapi bagus sih karna banyak pepohonan nya hihi, area menunggu pun tersedia bnyak kursi.

Itu aja sih ripiuw dr aku",Jarang banget ya ada terminal kek nya sebagus ini iya ga sih Tempat nya bersih fasilitas toilet dan mushola jg terawat  Luas banget area parking serius deh Dari pintu masuk menuju loket nya itu jauh bngt wkwk Tapi bagus sih karna banyak pepohonan nya hihi area menunggu pun tersedia bnyak kursi  Itu aja sih ripiuw dr aku,jarang banget ya ada terminal kek nya sebagus ini iya ga sih tempat nya bersih fasilitas toilet dan mushola jg terawat  luas banget area parking serius deh dari pintu masuk menuju loket nya itu jauh bngt wkwk tapi bagus sih karna banyak pepohonan nya hihi area menunggu pun tersedia bnyak kursi  itu aja sih ripiuw dr aku,jarang  sekali ya ada terminal kayak nya sebagus ini iya enggak sih tempat nya bersih fasilitas toilet dan mushola juga terawat luas  sekali area parking serius deh dari pintu masuk menuju loket nya itu jauh banget wkwk tapi bagus sih karena banyak pepohonan nya hihi area menunggu pun tersedia banyak kursi itu saja sih ripiuw dari aku,"['jarang', 'sekali', 'ya', 'ada', 'terminal', 'kayak', 'nya', 'sebagus', 'ini', 'iya', 'enggak', 'sih', 'tempat', 'nya', 'bersih', 'fasilitas', 'toilet', 'dan', 'mushola', 'juga', 'terawat', 'luas', 'sekali', 'area', 'parking', 'serius', 'deh', 'dari', 'pintu', 'masuk', 'menuju', 'loket', 'nya', 'itu', 'jauh', 'banget', 'wkwk', 'tapi', 'bagus', 'sih', 'karena', 'banyak', 'pepohonan', 'nya', 'hihi', 'area', 'menunggu', 'pun', 'tersedia', 'banyak', 'kursi', 'itu', 'saja', 'sih', 'ripiuw', 'dari', 'aku']","['jarang', 'terminal', 'kayak', 'sebagus', 'bersih', 'fasilitas', 'toilet', 'mushola', 'terawat', 'luas', 'area', 'parking', 'serius', 'deh', 'pintu', 'masuk', 'loket', 'banget', 'wkwk', 'bagus', 'pepohonan', 'hihi', 'area', 'menunggu', 'tersedia', 'kursi', 'ripiuw']",jarang terminal kayak sebagus bersih fasilitas toilet mushola terawat luas area parking serius deh pintu masuk loket banget wkwk bagus pepohonan hihi area menunggu tersedia kursi ripiuw,-6,negative
1,Banyak calo menyamar jadi kondektur. Hati-hati dipalak. Kalau mau pergi ke arah barat lebih baik naik dari perempatan Tanjung,Banyak calo menyamar jadi kondektur Hatihati dipalak Kalau mau pergi ke arah barat lebih baik naik dari perempatan Tanjung,banyak calo menyamar jadi kondektur hatihati dipalak kalau mau pergi ke arah barat lebih baik naik dari perempatan tanjung,banyak calo menyamar jadi kondektur hatihati dipalak kalau mau pergi ke arah barat lebih baik naik dari perempatan tanjung,"['banyak', 'calo', 'menyamar', 'jadi', 'kondektur', 'hatihati', 'dipalak', 'kalau', 'mau', 'pergi', 'ke', 'arah', 'barat', 'lebih', 'baik', 'naik', 'dari', 'perempatan', 'tanjung']","['calo', 'menyamar', 'kondektur', 'hatihati', 'dipalak', 'pergi', 'arah', 'barat', 'perempatan', 'tanjung']",calo menyamar kondektur hatihati dipalak pergi arah barat perempatan tanjung,-5,negative
1,"Tiket jakarta purwokerto lebih murah . Daripada purwokerto - jakarta . Naik 100% ..
Padahal hari biasa... menang tempat doang. Dijamin gk bakal lama ini terminal gk jalan",Tiket jakarta purwokerto lebih murah  Daripada purwokerto  jakarta  Naik   Padahal hari biasa menang tempat doang Dijamin gk bakal lama ini terminal gk jalan,tiket jakarta purwokerto lebih murah  daripada purwokerto  jakarta  naik   padahal hari biasa menang tempat doang dijamin gk bakal lama ini terminal gk jalan,tiket jakarta purwokerto lebih murah daripada purwokerto jakarta naik padahal hari biasa menang tempat doang dijamin enggak bakal lama ini terminal enggak jalan,"['tiket', 'jakarta', 'purwokerto', 'lebih', 'murah', 'daripada', 'purwokerto', 'jakarta', 'naik', 'padahal', 'hari', 'biasa', 'menang', 'tempat', 'doang', 'dijamin', 'enggak', 'bakal', 'lama', 'ini', 'terminal', 'enggak', 'jalan']","['tiket', 'jakarta', 'purwokerto', 'murah', 'purwokerto', 'jakarta', 'menang', 'doang', 'dijamin', 'terminal', 'jalan']",tiket jakarta purwokerto murah purwokerto jakarta menang doang dijamin terminal jalan,-3,negative
1,Banyak calo ngasih harga gak ngotak. Tolong dishub berantas calo2 disini,Banyak calo ngasih harga gak ngotak Tolong dishub berantas calo disini,banyak calo ngasih harga gak ngotak tolong dishub berantas calo disini,banyak calo mengasih harga enggak ngotak tolong dishub berantas calo disini,"['banyak', 'calo', 'mengasih', 'harga', 'enggak', 'ngotak', 'tolong', 'dishub', 'berantas', 'calo', 'disini']","['calo', 'mengasih', 'harga', 'ngotak', 'tolong', 'dishub', 'berantas', 'calo']",calo mengasih harga ngotak tolong dishub berantas calo,3,positive
1,Tempatnya bagus,Tempatnya bagus,tempatnya bagus,tempatnya bagus,"['tempatnya', 'bagus']","['tempatnya', 'bagus']",tempatnya bagus,2,positive
2,"Toilet kotor
Pemberitahuan ke pemberangkatan terlalu lama nunggu jadiny",Toilet kotor Pemberitahuan ke pemberangkatan terlalu lama nunggu jadiny,toilet kotor pemberitahuan ke pemberangkatan terlalu lama nunggu jadiny,toilet kotor pemberitahuan ke pemberangkatan terlalu lama menunggu jadiny,"['toilet', 'kotor', 'pemberitahuan', 'ke', 'pemberangkatan', 'terlalu', 'lama', 'menunggu', 'jadiny']","['toilet', 'kotor', 'pemberitahuan', 'pemberangkatan', 'menunggu', 'jadiny']",toilet kotor pemberitahuan pemberangkatan menunggu jadiny,-11,negative
4,Lumayan sepi kebayakan nunggu di jalur keberangkatan,Lumayan sepi kebayakan nunggu di jalur keberangkatan,lumayan sepi kebayakan nunggu di jalur keberangkatan,lumayan sepi kebayakan menunggu di jalur keberangkatan,"['lumayan', 'sepi', 'kebayakan', 'menunggu', 'di', 'jalur', 'keberangkatan']","['lumayan', 'sepi', 'kebayakan', 'menunggu', 'jalur', 'keberangkatan']",lumayan sepi kebayakan menunggu jalur keberangkatan,-11,negative
2,Tolong untuk petugas di terminal terutama kebersihan untuk lebih sopan ke penumpang yang sedang duduk nunggu bus...kalo mau ngepel dket tempat duduk yg sedang ada orang nya bilang permisi dulu atau gimana jangan cuma diem....ga ada SOPAN SANTUNNYA sama sekali!!!,Tolong untuk petugas di terminal terutama kebersihan untuk lebih sopan ke penumpang yang sedang duduk nunggu buskalo mau ngepel dket tempat duduk yg sedang ada orang nya bilang permisi dulu atau gimana jangan cuma diemga ada SOPAN SANTUNNYA sama sekali,tolong untuk petugas di terminal terutama kebersihan untuk lebih sopan ke penumpang yang sedang duduk nunggu buskalo mau ngepel dket tempat duduk yg sedang ada orang nya bilang permisi dulu atau gimana jangan cuma diemga ada sopan santunnya sama sekali,tolong untuk petugas di terminal terutama kebersihan untuk lebih sopan ke penumpang yang sedang duduk menunggu buskalo mau ngepel dket tempat duduk yang sedang ada orang nya bilang permisi dulu atau bagaimana jangan cuma diemga ada sopan santunnya sama sekali,"['tolong', 'untuk', 'petugas', 'di', 'terminal', 'terutama', 'kebersihan', 'untuk', 'lebih', 'sopan', 'ke', 'penumpang', 'yang', 'sedang', 'duduk', 'menunggu', 'buskalo', 'mau', 'ngepel', 'dket', 'tempat', 'duduk', 'yang', 'sedang', 'ada', 'orang', 'nya', 'bilang', 'permisi', 'dulu', 'atau', 'bagaimana', 'jangan', 'cuma', 'diemga', 'ada', 'sopan', 'santunnya', 'sama', 'sekali']","['tolong', 'petugas', 'terminal', 'kebersihan', 'sopan', 'penumpang', 'duduk', 'menunggu', 'buskalo', 'ngepel', 'dket', 'duduk', 'orang', 'bilang', 'permisi', 'diemga', 'sopan', 'santunnya']",tolong petugas terminal kebersihan sopan penumpang duduk menunggu buskalo ngepel dket duduk orang bilang permisi diemga sopan santunnya,-12,negative
5,"Aman, mau ke Jakarta, Jogja, Bandung atau kemana aja. Banyak trayek busnya",Aman mau ke Jakarta Jogja Bandung atau kemana aja Banyak trayek busnya,aman mau ke jakarta jogja bandung atau kemana aja banyak trayek busnya,aman mau ke jakarta jogja bandung atau kemana saja banyak trayek busnya,"['aman', 'mau', 'ke', 'jakarta', 'jogja', 'bandung', 'atau', 'kemana', 'saja', 'banyak', 'trayek', 'busnya']","['aman', 'jakarta', 'jogja', 'bandung', 'kemana', 'trayek', 'busnya']",aman jakarta jogja bandung kemana trayek busnya,-5,negative
5,Terminalnya cukup memuaskan aga kurang banyak pilihan PO terminal sebesar ini,Terminalnya cukup memuaskan aga kurang banyak pilihan PO terminal sebesar ini,terminalnya cukup memuaskan aga kurang banyak pilihan po terminal sebesar ini,terminalnya cukup memuaskan  agar kurang banyak pilihan po terminal sebesar ini,"['terminalnya', 'cukup', 'memuaskan', 'agar', 'kurang', 'banyak', 'pilihan', 'po', 'terminal', 'sebesar', 'ini']","['terminalnya', 'memuaskan', 'pilihan', 'po', 'terminal']",terminalnya memuaskan pilihan po terminal,2,positive
4,"Sudah bagus, tinggal komitmen pengguna saja untuk menjaga kebersihan terutama merokok agar g bebas,,",Sudah bagus tinggal komitmen pengguna saja untuk menjaga kebersihan terutama merokok agar g bebas,sudah bagus tinggal komitmen pengguna saja untuk menjaga kebersihan terutama merokok agar g bebas,sudah bagus tinggal komitmen pengguna saja untuk menjaga kebersihan terutama merokok agar enggak bebas,"['sudah', 'bagus', 'tinggal', 'komitmen', 'pengguna', 'saja', 'untuk', 'menjaga', 'kebersihan', 'terutama', 'merokok', 'agar', 'enggak', 'bebas']","['bagus', 'tinggal', 'komitmen', 'pengguna', 'menjaga', 'kebersihan', 'merokok', 'bebas']",bagus tinggal komitmen pengguna menjaga kebersihan merokok bebas,-6,negative
5,"Teeminal yg ramah trhadap pengunjung
Walaupun bnyak calo tp tetep calonya g prnah maks buat ikut..",Teeminal yg ramah trhadap pengunjung Walaupun bnyak calo tp tetep calonya g prnah maks buat ikut,teeminal yg ramah trhadap pengunjung walaupun bnyak calo tp tetep calonya g prnah maks buat ikut,teeminal yang ramah trhadap pengunjung walaupun banyak calo tapi tetap calonya enggak pernah maks buat ikut,"['teeminal', 'yang', 'ramah', 'trhadap', 'pengunjung', 'walaupun', 'banyak', 'calo', 'tapi', 'tetap', 'calonya', 'enggak', 'pernah', 'maks', 'buat', 'ikut']","['teeminal', 'ramah', 'trhadap', 'pengunjung', 'calo', 'calonya', 'maks']",teeminal ramah trhadap pengunjung calo calonya maks,2,positive
5,Terminal  bis Purwokerto. Lokasi tiket bis Sinar jaya setelah pintu masuk terminal.,Terminal  bis Purwokerto Lokasi tiket bis Sinar jaya setelah pintu masuk terminal,terminal  bis purwokerto lokasi tiket bis sinar jaya setelah pintu masuk terminal,terminal bis purwokerto lokasi tiket bis sinar jaya setelah pintu masuk terminal,"['terminal', 'bis', 'purwokerto', 'lokasi', 'tiket', 'bis', 'sinar', 'jaya', 'setelah', 'pintu', 'masuk', 'terminal']","['terminal', 'bis', 'purwokerto', 'lokasi', 'tiket', 'bis', 'sinar', 'jaya', 'pintu', 'masuk', 'terminal']",terminal bis purwokerto lokasi tiket bis sinar jaya pintu masuk terminal,-5,negative
5,Nyaman,Nyaman,nyaman,nyaman,['nyaman'],['nyaman'],nyaman,4,positive
4,Petugasnya ramah tapi hati-hati masih banyak calo lalu-lalang disini,Petugasnya ramah tapi hatihati masih banyak calo lalulalang disini,petugasnya ramah tapi hatihati masih banyak calo lalulalang disini,petugasnya ramah tapi hatihati masih banyak calo lalulalang disini,"['petugasnya', 'ramah', 'tapi', 'hatihati', 'masih', 'banyak', 'calo', 'lalulalang', 'disini']","['petugasnya', 'ramah', 'hatihati', 'calo', 'lalulalang']",petugasnya ramah hatihati calo lalulalang,2,positive
5,"Masih jadi terminal paling bersih yg pernah tak kunjungi. Skrg sdh ada transBanyumas juga disini. Maap, videonya gak nyambung. Hehee",Masih jadi terminal paling bersih yg pernah tak kunjungi Skrg sdh ada transBanyumas juga disini Maap videonya gak nyambung Hehee,masih jadi terminal paling bersih yg pernah tak kunjungi skrg sdh ada transbanyumas juga disini maap videonya gak nyambung hehee,masih jadi terminal paling bersih yang pernah tak kunjungi sekarang sudah ada transbanyumas juga disini maaf videonya enggak menyambung hehee,"['masih', 'jadi', 'terminal', 'paling', 'bersih', 'yang', 'pernah', 'tak', 'kunjungi', 'sekarang', 'sudah', 'ada', 'transbanyumas', 'juga', 'disini', 'maaf', 'videonya', 'enggak', 'menyambung', 'hehee']","['terminal', 'bersih', 'tak', 'kunjungi', 'transbanyumas', 'maaf', 'videonya', 'menyambung', 'hehee']",terminal bersih tak kunjungi transbanyumas maaf videonya menyambung hehee,-1,negative
5,Luar biasa bersih 💝,Luar biasa bersih,luar biasa bersih,luar biasa bersih,"['luar', 'biasa', 'bersih']",['bersih'],bersih,0,neutral
5,"Terminal dengan fasilitas yg memadai serta terstruktur rapi, semoga senantiasa konsisten serta terjaga integritasnya.",Terminal dengan fasilitas yg memadai serta terstruktur rapi semoga senantiasa konsisten serta terjaga integritasnya,terminal dengan fasilitas yg memadai serta terstruktur rapi semoga senantiasa konsisten serta terjaga integritasnya,terminal dengan fasilitas yang memadai serta terstruktur rapi semoga senantiasa konsisten serta terjaga integritasnya,"['terminal', 'dengan', 'fasilitas', 'yang', 'memadai', 'serta', 'terstruktur', 'rapi', 'semoga', 'senantiasa', 'konsisten', 'serta', 'terjaga', 'integritasnya']","['terminal', 'fasilitas', 'memadai', 'terstruktur', 'rapi', 'semoga', 'senantiasa', 'konsisten', 'terjaga', 'integritasnya']",terminal fasilitas memadai terstruktur rapi semoga senantiasa konsisten terjaga integritasnya,-2,negative
5,"Mantap sih, bersih dan tertata rapi banget udah tempatnya. Josss",Mantap sih bersih dan tertata rapi banget udah tempatnya Josss,mantap sih bersih dan tertata rapi banget udah tempatnya josss,mantap sih bersih dan tertata rapi  sekali sudah tempatnya josss,"['mantap', 'sih', 'bersih', 'dan', 'tertata', 'rapi', 'sekali', 'sudah', 'tempatnya', 'josss']","['mantap', 'bersih', 'tertata', 'rapi', 'tempatnya', 'josss']",mantap bersih tertata rapi tempatnya josss,5,positive
5,"Fasilitas semakin lengkap,
Mau ambil uang tunai sekarang bisa langsung ke ATM yang ada di area lobi depan,
Sampai dengan Juli 2023 ini,terdapat 2 ATM yang berdampingan.",Fasilitas semakin lengkap Mau ambil uang tunai sekarang bisa langsung ke ATM yang ada di area lobi depan Sampai dengan Juli  initerdapat  ATM yang berdampingan,fasilitas semakin lengkap mau ambil uang tunai sekarang bisa langsung ke atm yang ada di area lobi depan sampai dengan juli  initerdapat  atm yang berdampingan,fasilitas semakin lengkap mau ambil di toko uang tunai sekarang bisa langsung ke atm yang ada di area lobi depan sampai dengan juli initerdapat atm yang berdampingan,"['fasilitas', 'semakin', 'lengkap', 'mau', 'ambil', 'di', 'toko', 'uang', 'tunai', 'sekarang', 'bisa', 'langsung', 'ke', 'atm', 'yang', 'ada', 'di', 'area', 'lobi', 'depan', 'sampai', 'dengan', 'juli', 'initerdapat', 'atm', 'yang', 'berdampingan']","['fasilitas', 'lengkap', 'ambil', 'toko', 'uang', 'tunai', 'langsung', 'atm', 'area', 'lobi', 'juli', 'initerdapat', 'atm', 'berdampingan']",fasilitas lengkap ambil toko uang tunai langsung atm area lobi juli initerdapat atm berdampingan,-2,negative
5,"Bangunan dan fasilitas sangat lengkap dengan lahan parkir untuk mengantar atau menjemput penumpang (saudara), mushola, toilet, tempat menuggu bis juga luas dan bersih, serta warung jajanan yang banyak",Bangunan dan fasilitas sangat lengkap dengan lahan parkir untuk mengantar atau menjemput penumpang saudara mushola toilet tempat menuggu bis juga luas dan bersih serta warung jajanan yang banyak,bangunan dan fasilitas sangat lengkap dengan lahan parkir untuk mengantar atau menjemput penumpang saudara mushola toilet tempat menuggu bis juga luas dan bersih serta warung jajanan yang banyak,bangunan dan fasilitas sangat lengkap dengan lahan parkir untuk mengantar atau menjemput penumpang saudara mushola toilet tempat menuggu bis juga luas dan bersih serta warung jajanan yang banyak,"['bangunan', 'dan', 'fasilitas', 'sangat', 'lengkap', 'dengan', 'lahan', 'parkir', 'untuk', 'mengantar', 'atau', 'menjemput', 'penumpang', 'saudara', 'mushola', 'toilet', 'tempat', 'menuggu', 'bis', 'juga', 'luas', 'dan', 'bersih', 'serta', 'warung', 'jajanan', 'yang', 'banyak']","['bangunan', 'fasilitas', 'lengkap', 'lahan', 'parkir', 'mengantar', 'menjemput', 'penumpang', 'saudara', 'mushola', 'toilet', 'menuggu', 'bis', 'luas', 'bersih', 'warung', 'jajanan']",bangunan fasilitas lengkap lahan parkir mengantar menjemput penumpang saudara mushola toilet menuggu bis luas bersih warung jajanan,1,positive
4,"Lumayan tertib, lumayan bersih",Lumayan tertib lumayan bersih,lumayan tertib lumayan bersih,lumayan tertib lumayan bersih,"['lumayan', 'tertib', 'lumayan', 'bersih']","['lumayan', 'tertib', 'lumayan', 'bersih']",lumayan tertib lumayan bersih,0,neutral
1,"Ternyata masih ada calo yang untungnya ga main main 30% dari harga tiket,,dan anehnya calo ini menempati loket  di dalam terminal..hati hati kalian kalau masuk terminal,,,HARUS BERANI MENOLAK JIKA ADA ORANG YANG TERUS MENERUS NGIKUTI KAMU....SOALNYA HARGA TIKETNYA JADI SANGAT MAHAL..KASIH MAKAN KELUARGA DARI HASIL MERAS ORANG.....WOW...BANGET KAMU...GA TAKUT KARMA????SAKIT CELAKA ATAU APA KEK.....",Ternyata masih ada calo yang untungnya ga main main  dari harga tiketdan anehnya calo ini menempati loket  di dalam terminalhati hati kalian kalau masuk terminalHARUS BERANI MENOLAK JIKA ADA ORANG YANG TERUS MENERUS NGIKUTI KAMUSOALNYA HARGA TIKETNYA JADI SANGAT MAHALKASIH MAKAN KELUARGA DARI HASIL MERAS ORANGWOWBANGET KAMUGA TAKUT KARMASAKIT CELAKA ATAU APA KEK,ternyata masih ada calo yang untungnya ga main main  dari harga tiketdan anehnya calo ini menempati loket  di dalam terminalhati hati kalian kalau masuk terminalharus berani menolak jika ada orang yang terus menerus ngikuti kamusoalnya harga tiketnya jadi sangat mahalkasih makan keluarga dari hasil meras orangwowbanget kamuga takut karmasakit celaka atau apa kek,ternyata masih ada calo yang untungnya enggak main main dari harga tiketdan anehnya calo ini menempati loket di dalam terminalhati hati kalian kalau masuk terminalharus berani menolak jika ada orang yang terus menerus ngikuti kamusoalnya harga tiketnya jadi sangat mahalkasih makan keluarga dari hasil meras orangwowbanget kamuga takut karmasakit celaka atau apa kayak,"['ternyata', 'masih', 'ada', 'calo', 'yang', 'untungnya', 'enggak', 'main', 'main', 'dari', 'harga', 'tiketdan', 'anehnya', 'calo', 'ini', 'menempati', 'loket', 'di', 'dalam', 'terminalhati', 'hati', 'kalian', 'kalau', 'masuk', 'terminalharus', 'berani', 'menolak', 'jika', 'ada', 'orang', 'yang', 'terus', 'menerus', 'ngikuti', 'kamusoalnya', 'harga', 'tiketnya', 'jadi', 'sangat', 'mahalkasih', 'makan', 'keluarga', 'dari', 'hasil', 'meras', 'orangwowbanget', 'kamuga', 'takut', 'karmasakit', 'celaka', 'atau', 'apa', 'kayak']","['calo', 'untungnya', 'main', 'main', 'harga', 'tiketdan', 'anehnya', 'calo', 'menempati', 'loket', 'terminalhati', 'hati', 'masuk', 'terminalharus', 'berani', 'menolak', 'orang', 'menerus', 'ngikuti', 'kamusoalnya', 'harga', 'tiketnya', 'mahalkasih', 'makan', 'keluarga', 'hasil', 'meras', 'orangwowbanget', 'kamuga', 'takut', 'karmasakit', 'celaka', 'kayak']",calo untungnya main main harga tiketdan anehnya calo menempati loket terminalhati hati masuk terminalharus berani menolak orang menerus ngikuti kamusoalnya harga tiketnya mahalkasih makan keluarga hasil meras orangwowbanget kamuga takut karmasakit celaka kayak,-11,negative
5,Mantap,Mantap,mantap,mantap,['mantap'],['mantap'],mantap,5,positive
4,A clean place.,A clean place,a clean place,a clean place,"['a', 'clean', 'place']","['clean', 'place']",clean place,0,neutral
5,Jam 5 masih sepi🤦‍♂️ untungnya bus udah ada yg stay...,Jam  masih sepi untungnya bus udah ada yg stay,jam  masih sepi untungnya bus udah ada yg stay,jam masih sepi untungnya bus sudah ada yang stay,"['jam', 'masih', 'sepi', 'untungnya', 'bus', 'sudah', 'ada', 'yang', 'stay']","['jam', 'sepi', 'untungnya', 'bus', 'stay']",jam sepi untungnya bus stay,-3,negative
4,Olways sinarjaya ..ws kayakuwebae..pokoke yess,Olways sinarjaya ws kayakuwebaepokoke yess,olways sinarjaya ws kayakuwebaepokoke yess,olways sinarjaya ws kayakuwebaepokoke yess,"['olways', 'sinarjaya', 'ws', 'kayakuwebaepokoke', 'yess']","['olways', 'sinarjaya', 'ws', 'kayakuwebaepokoke', 'yess']",olways sinarjaya ws kayakuwebaepokoke yess,0,neutral
4,Tempat transit menuju Jogja,Tempat transit menuju Jogja,tempat transit menuju jogja,tempat transit menuju jogja,"['tempat', 'transit', 'menuju', 'jogja']","['transit', 'jogja']",transit jogja,0,neutral
5,Tmpatnya sangat nyman buat santai,Tmpatnya sangat nyman buat santai,tmpatnya sangat nyman buat santai,tmpatnya sangat nyman buat santai,"['tmpatnya', 'sangat', 'nyman', 'buat', 'santai']","['tmpatnya', 'nyman', 'santai']",tmpatnya nyman santai,2,positive
5,"Toilet kotor bau tidak terawat, air tidak ada. Mohon di perhatikan",Toilet kotor bau tidak terawat air tidak ada Mohon di perhatikan,toilet kotor bau tidak terawat air tidak ada mohon di perhatikan,toilet kotor bau tidak terawat air tidak ada mohon di perhatikan,"['toilet', 'kotor', 'bau', 'tidak', 'terawat', 'air', 'tidak', 'ada', 'mohon', 'di', 'perhatikan']","['toilet', 'kotor', 'bau', 'tidak', 'terawat', 'air', 'tidak', 'mohon', 'perhatikan']",toilet kotor bau tidak terawat air tidak mohon perhatikan,-16,negative
5,Rame wangi rapi bersih aman josss bulupitu sekarang,Rame wangi rapi bersih aman josss bulupitu sekarang,rame wangi rapi bersih aman josss bulupitu sekarang,rame wangi rapi bersih aman josss bulupitu sekarang,"['rame', 'wangi', 'rapi', 'bersih', 'aman', 'josss', 'bulupitu', 'sekarang']","['rame', 'wangi', 'rapi', 'bersih', 'aman', 'josss', 'bulupitu']",rame wangi rapi bersih aman josss bulupitu,5,positive
1,"Bagi yg belum mengetahui seluk beluk terminal ini hati-hati. Memang secara tampilan sudah berubah. Tapi masih banyak calo!!
Cukup yg terakhir kmaren aja lh saya dateng ksitu. Tapi bingung juga nyari agen bus yg tanpa calo di sini karna cuma beberapa yg punya agen di luar terminal!😖",Bagi yg belum mengetahui seluk beluk terminal ini hatihati Memang secara tampilan sudah berubah Tapi masih banyak calo Cukup yg terakhir kmaren aja lh saya dateng ksitu Tapi bingung juga nyari agen bus yg tanpa calo di sini karna cuma beberapa yg punya agen di luar terminal,bagi yg belum mengetahui seluk beluk terminal ini hatihati memang secara tampilan sudah berubah tapi masih banyak calo cukup yg terakhir kmaren aja lh saya dateng ksitu tapi bingung juga nyari agen bus yg tanpa calo di sini karna cuma beberapa yg punya agen di luar terminal,bagi yang belum mengetahui seluk beluk terminal ini hatihati memang secara tampilan sudah berubah tapi masih banyak calo cukup yang terakhir kemarin saja boleh saya datang kesitu tapi bingung juga mencari agen bus yang tanpa calo di sini karena cuma beberapa yang punya agen di luar terminal,"['bagi', 'yang', 'belum', 'mengetahui', 'seluk', 'beluk', 'terminal', 'ini', 'hatihati', 'memang', 'secara', 'tampilan', 'sudah', 'berubah', 'tapi', 'masih', 'banyak', 'calo', 'cukup', 'yang', 'terakhir', 'kemarin', 'saja', 'boleh', 'saya', 'datang', 'kesitu', 'tapi', 'bingung', 'juga', 'mencari', 'agen', 'bus', 'yang', 'tanpa', 'calo', 'di', 'sini', 'karena', 'cuma', 'beberapa', 'yang', 'punya', 'agen', 'di', 'luar', 'terminal']","['seluk', 'beluk', 'terminal', 'hatihati', 'tampilan', 'berubah', 'calo', 'kemarin', 'kesitu', 'bingung', 'mencari', 'agen', 'bus', 'calo', 'agen', 'terminal']",seluk beluk terminal hatihati tampilan berubah calo kemarin kesitu bingung mencari agen bus calo agen terminal,-17,negative
5,"Bangunan dan fasilitasnya cukup lengkap dibanding terminal lain. Tapi air di bak toilet kuning dan kurangnya sandal untuk wudhu di mushala.

Semoga bisa jd bahan evaluasi",Bangunan dan fasilitasnya cukup lengkap dibanding terminal lain Tapi air di bak toilet kuning dan kurangnya sandal untuk wudhu di mushala  Semoga bisa jd bahan evaluasi,bangunan dan fasilitasnya cukup lengkap dibanding terminal lain tapi air di bak toilet kuning dan kurangnya sandal untuk wudhu di mushala  semoga bisa jd bahan evaluasi,bangunan dan fasilitasnya cukup lengkap dibanding terminal lain tapi air di bak toilet kuning dan kurangnya sandal untuk wudhu di mushala semoga bisa jadi bahan evaluasi,"['bangunan', 'dan', 'fasilitasnya', 'cukup', 'lengkap', 'dibanding', 'terminal', 'lain', 'tapi', 'air', 'di', 'bak', 'toilet', 'kuning', 'dan', 'kurangnya', 'sandal', 'untuk', 'wudhu', 'di', 'mushala', 'semoga', 'bisa', 'jadi', 'bahan', 'evaluasi']","['bangunan', 'fasilitasnya', 'lengkap', 'dibanding', 'terminal', 'air', 'bak', 'toilet', 'kuning', 'kurangnya', 'sandal', 'wudhu', 'mushala', 'semoga', 'bahan', 'evaluasi']",bangunan fasilitasnya lengkap dibanding terminal air bak toilet kuning kurangnya sandal wudhu mushala semoga bahan evaluasi,-9,negative
5,"Tempatnya luas, fasilitas komplit, tersedia berbagai macam bus....",Tempatnya luas fasilitas komplit tersedia berbagai macam bus,tempatnya luas fasilitas komplit tersedia berbagai macam bus,tempatnya luas fasilitas komplit tersedia berbagai macam bus,"['tempatnya', 'luas', 'fasilitas', 'komplit', 'tersedia', 'berbagai', 'macam', 'bus']","['tempatnya', 'luas', 'fasilitas', 'komplit', 'tersedia', 'bus']",tempatnya luas fasilitas komplit tersedia bus,5,positive
5,"Terminalnya mulai tertata dan ada peningkatan kebersihannya, pembangunan masih berjalan, semoga bisa lebih baik lagi dan menjadi kebanggaan masyarakat Purwokerto dan sekitarnya",Terminalnya mulai tertata dan ada peningkatan kebersihannya pembangunan masih berjalan semoga bisa lebih baik lagi dan menjadi kebanggaan masyarakat Purwokerto dan sekitarnya,terminalnya mulai tertata dan ada peningkatan kebersihannya pembangunan masih berjalan semoga bisa lebih baik lagi dan menjadi kebanggaan masyarakat purwokerto dan sekitarnya,terminalnya mulai tertata dan ada peningkatan kebersihannya pembangunan masih berjalan semoga bisa lebih baik lagi dan menjadi kebanggaan masyarakat purwokerto dan sekitarnya,"['terminalnya', 'mulai', 'tertata', 'dan', 'ada', 'peningkatan', 'kebersihannya', 'pembangunan', 'masih', 'berjalan', 'semoga', 'bisa', 'lebih', 'baik', 'lagi', 'dan', 'menjadi', 'kebanggaan', 'masyarakat', 'purwokerto', 'dan', 'sekitarnya']","['terminalnya', 'tertata', 'peningkatan', 'kebersihannya', 'pembangunan', 'berjalan', 'semoga', 'kebanggaan', 'masyarakat', 'purwokerto']",terminalnya tertata peningkatan kebersihannya pembangunan berjalan semoga kebanggaan masyarakat purwokerto,-1,negative
5,Jumat berkah,Jumat berkah,jumat berkah,jumat berkah,"['jumat', 'berkah']","['jumat', 'berkah']",jumat berkah,6,positive
5,"Nyaman langsung ke loket untuk antar propinsi ya?jgn lewat calo.
Sedikit info untuk tujuan jakarta khususnya pengguna sinar jaya
Jam setengah sebelas siang ad dan setengah dua siang ad,transit di cibitung...tks",Nyaman langsung ke loket untuk antar propinsi yajgn lewat calo Sedikit info untuk tujuan jakarta khususnya pengguna sinar jaya Jam setengah sebelas siang ad dan setengah dua siang adtransit di cibitungtks,nyaman langsung ke loket untuk antar propinsi yajgn lewat calo sedikit info untuk tujuan jakarta khususnya pengguna sinar jaya jam setengah sebelas siang ad dan setengah dua siang adtransit di cibitungtks,nyaman langsung ke loket untuk antar propinsi yajgn lewat calo sedikit info untuk tujuan jakarta khususnya pengguna sinar jaya jam setengah sebelas siang ada dan setengah dua siang adtransit di cibitungtks,"['nyaman', 'langsung', 'ke', 'loket', 'untuk', 'antar', 'propinsi', 'yajgn', 'lewat', 'calo', 'sedikit', 'info', 'untuk', 'tujuan', 'jakarta', 'khususnya', 'pengguna', 'sinar', 'jaya', 'jam', 'setengah', 'sebelas', 'siang', 'ada', 'dan', 'setengah', 'dua', 'siang', 'adtransit', 'di', 'cibitungtks']","['nyaman', 'langsung', 'loket', 'propinsi', 'yajgn', 'calo', 'info', 'tujuan', 'jakarta', 'pengguna', 'sinar', 'jaya', 'jam', 'sebelas', 'siang', 'siang', 'adtransit', 'cibitungtks']",nyaman langsung loket propinsi yajgn calo info tujuan jakarta pengguna sinar jaya jam sebelas siang siang adtransit cibitungtks,9,positive
4,"parkiran luas, ada toilet umum, masjid dan banyak agen bis tiket",parkiran luas ada toilet umum masjid dan banyak agen bis tiket,parkiran luas ada toilet umum masjid dan banyak agen bis tiket,parkiran luas ada toilet umum masjid dan banyak agen bis tiket,"['parkiran', 'luas', 'ada', 'toilet', 'umum', 'masjid', 'dan', 'banyak', 'agen', 'bis', 'tiket']","['parkiran', 'luas', 'toilet', 'masjid', 'agen', 'bis', 'tiket']",parkiran luas toilet masjid agen bis tiket,3,positive
5,"Merasa excited dan ""wow"" nemu terminal cakep begini wkwk. Dr luar udah ngerasa ""kok bagus ada arena bermainnya"". Pas masuk, wow wkwkw. Luas sekali.

Di depan gedung utama ada bbrp bapak yg nanyain, ""mau kemana mba?"". Pas kita jawab, bapaknya langsung ngarahin, ""beli tiketnya ini masuk lalu ke kiri, konter nomer sekian mba"". Baik sih, tak pikir calo tiket 😅🙏

Masuk gedung, rasa adem. Tempatnya juga bersih. Fasilitas memadai. Konter tiket rapi, ga bikin bingung pengunjung dan calon penumpang. Pas udah beli tiket, tanya ke bapaknya, ""ini bus nya sebelah mana pak?"", eeh sama bapaknya diantar sampe ke bus. Luar biasaa. Jadi ga kapok kalo pergi sendiri 😆😆😆 kalo cape, ada bangku utk duduk di depan konter tiket.

Kurangnya sih, kok pas saya ke sana skitar pukul 08.30, konter tiket yg jaga hanya ada 2 orang dari belasan konter. Apa itu masih terlalu pagi atau memang kosong? Hehee. Trus katanya lantai 2 masih kosong. Tapi memang untuk terminal besar, suasananya masih sangat sepi. Ga banyak pengunjung atau calon penumpang di jam yang bukan lagi sangat pagi. Itu udah menuju siang sih.

Menuju ke terminal di dalam dr lobi utama, ada ruang tunggu yg luas, tertutup, bangku banyak. Suasana jg ga panas. Ada warung juga di dalam utk bisa kita beli camilan.

Pas masuk dr gerbang utama td, kok kayaknya masuknya jauh, ternyata memang seluas itu ekwk. Tapi ternyata ga gerah karena sekitarnya pohon rindang. Mungkin kalo malam hari bakal sedikit horor juga kali ya? Ya tapi kalo penerangan cukup sih akan eksotis dan indah hihiw.

Ini terminal bus paling bagus, bersih, dan rapi selama saya pernah mengunjungi terminal yg lain. Semoga ke depannya semakin maju 👌",Merasa excited dan wow nemu terminal cakep begini wkwk Dr luar udah ngerasa kok bagus ada arena bermainnya Pas masuk wow wkwkw Luas sekali  Di depan gedung utama ada bbrp bapak yg nanyain mau kemana mba Pas kita jawab bapaknya langsung ngarahin beli tiketnya ini masuk lalu ke kiri konter nomer sekian mba Baik sih tak pikir calo tiket   Masuk gedung rasa adem Tempatnya juga bersih Fasilitas memadai Konter tiket rapi ga bikin bingung pengunjung dan calon penumpang Pas udah beli tiket tanya ke bapaknya ini bus nya sebelah mana pak eeh sama bapaknya diantar sampe ke bus Luar biasaa Jadi ga kapok kalo pergi sendiri  kalo cape ada bangku utk duduk di depan konter tiket  Kurangnya sih kok pas saya ke sana skitar pukul  konter tiket yg jaga hanya ada  orang dari belasan konter Apa itu masih terlalu pagi atau memang kosong Hehee Trus katanya lantai  masih kosong Tapi memang untuk terminal besar suasananya masih sangat sepi Ga banyak pengunjung atau calon penumpang di jam yang bukan lagi sangat pagi Itu udah menuju siang sih  Menuju ke terminal di dalam dr lobi utama ada ruang tunggu yg luas tertutup bangku banyak Suasana jg ga panas Ada warung juga di dalam utk bisa kita beli camilan  Pas masuk dr gerbang utama td kok kayaknya masuknya jauh ternyata memang seluas itu ekwk Tapi ternyata ga gerah karena sekitarnya pohon rindang Mungkin kalo malam hari bakal sedikit horor juga kali ya Ya tapi kalo penerangan cukup sih akan eksotis dan indah hihiw  Ini terminal bus paling bagus bersih dan rapi selama saya pernah mengunjungi terminal yg lain Semoga ke depannya semakin maju,merasa excited dan wow nemu terminal cakep begini wkwk dr luar udah ngerasa kok bagus ada arena bermainnya pas masuk wow wkwkw luas sekali  di depan gedung utama ada bbrp bapak yg nanyain mau kemana mba pas kita jawab bapaknya langsung ngarahin beli tiketnya ini masuk lalu ke kiri konter nomer sekian mba baik sih tak pikir calo tiket   masuk gedung rasa adem tempatnya juga bersih fasilitas memadai konter tiket rapi ga bikin bingung pengunjung dan calon penumpang pas udah beli tiket tanya ke bapaknya ini bus nya sebelah mana pak eeh sama bapaknya diantar sampe ke bus luar biasaa jadi ga kapok kalo pergi sendiri  kalo cape ada bangku utk duduk di depan konter tiket  kurangnya sih kok pas saya ke sana skitar pukul  konter tiket yg jaga hanya ada  orang dari belasan konter apa itu masih terlalu pagi atau memang kosong hehee trus katanya lantai  masih kosong tapi memang untuk terminal besar suasananya masih sangat sepi ga banyak pengunjung atau calon penumpang di jam yang bukan lagi sangat pagi itu udah menuju siang sih  menuju ke terminal di dalam dr lobi utama ada ruang tunggu yg luas tertutup bangku banyak suasana jg ga panas ada warung juga di dalam utk bisa kita beli camilan  pas masuk dr gerbang utama td kok kayaknya masuknya jauh ternyata memang seluas itu ekwk tapi ternyata ga gerah karena sekitarnya pohon rindang mungkin kalo malam hari bakal sedikit horor juga kali ya ya tapi kalo penerangan cukup sih akan eksotis dan indah hihiw  ini terminal bus paling bagus bersih dan rapi selama saya pernah mengunjungi terminal yg lain semoga ke depannya semakin maju,merasa excited dan wow nemu terminal cakep begini wkwk dari luar sudah merasa kok bagus ada arena bermainnya  ketika masuk wow wkwkw luas sekali di depan gedung utama ada beberapa bapak yang nanyain mau kemana mbak  ketika kita jawab bapaknya langsung ngarahin beli tiketnya ini masuk lalu ke kiri konter nomer sekian mbak baik sih tak pikir calo tiket masuk gedung rasa adem tempatnya juga bersih fasilitas memadai konter tiket rapi enggak bikin bingung pengunjung dan calon penumpang  ketika sudah beli tiket tanya ke bapaknya ini bus nya sebelah mana pak eeh sama bapaknya diantar sampai ke bus luar biasa jadi enggak kapok kalo pergi sendiri kalo capek ada bangku untuk duduk di depan konter tiket kurangnya sih kok  ketika saya ke sana sekitar pukul konter tiket yang jaga hanya ada orang dari belasan konter apa itu masih terlalu pagi atau memang habis hehee terus katanya lantai masih habis tapi memang untuk terminal besar suasananya masih sangat sepi enggak banyak pengunjung atau calon penumpang di jam yang bukan lagi sangat pagi itu sudah menuju siang sih menuju ke terminal di dalam dari lobi utama ada ruang tunggu yang luas tertutup bangku banyak suasana juga enggak panas ada warung juga di dalam untuk bisa kita beli camilan  ketika masuk dari gerbang utama tadi kok kayaknya masuknya jauh ternyata memang seluas itu ekwk tapi ternyata enggak gerah karena sekitarnya pohon rindang mungkin kalo malam hari bakal sedikit horor juga kali ya ya tapi kalo penerangan cukup sih akan eksotis dan indah hihiw ini terminal bus paling bagus bersih dan rapi selama saya pernah mengunjungi terminal yang lain semoga ke depannya semakin maju,"['merasa', 'excited', 'dan', 'wow', 'nemu', 'terminal', 'cakep', 'begini', 'wkwk', 'dari', 'luar', 'sudah', 'merasa', 'kok', 'bagus', 'ada', 'arena', 'bermainnya', 'ketika', 'masuk', 'wow', 'wkwkw', 'luas', 'sekali', 'di', 'depan', 'gedung', 'utama', 'ada', 'beberapa', 'bapak', 'yang', 'nanyain', 'mau', 'kemana', 'mbak', 'ketika', 'kita', 'jawab', 'bapaknya', 'langsung', 'ngarahin', 'beli', 'tiketnya', 'ini', 'masuk', 'lalu', 'ke', 'kiri', 'konter', 'nomer', 'sekian', 'mbak', 'baik', 'sih', 'tak', 'pikir', 'calo', 'tiket', 'masuk', 'gedung', 'rasa', 'adem', 'tempatnya', 'juga', 'bersih', 'fasilitas', 'memadai', 'konter', 'tiket', 'rapi', 'enggak', 'bikin', 'bingung', 'pengunjung', 'dan', 'calon', 'penumpang', 'ketika', 'sudah', 'beli', 'tiket', 'tanya', 'ke', 'bapaknya', 'ini', 'bus', 'nya', 'sebelah', 'mana', 'pak', 'eeh', 'sama', 'bapaknya', 'diantar', 'sampai', 'ke', 'bus', 'luar', 'biasa', 'jadi', 'enggak', 'kapok', 'kalo', 'pergi', 'sendiri', 'kalo', 'capek', 'ada', 'bangku', 'untuk', 'duduk', 'di', 'depan', 'konter', 'tiket', 'kurangnya', 'sih', 'kok', 'ketika', 'saya', 'ke', 'sana', 'sekitar', 'pukul', 'konter', 'tiket', 'yang', 'jaga', 'hanya', 'ada', 'orang', 'dari', 'belasan', 'konter', 'apa', 'itu', 'masih', 'terlalu', 'pagi', 'atau', 'memang', 'habis', 'hehee', 'terus', 'katanya', 'lantai', 'masih', 'habis', 'tapi', 'memang', 'untuk', 'terminal', 'besar', 'suasananya', 'masih', 'sangat', 'sepi', 'enggak', 'banyak', 'pengunjung', 'atau', 'calon', 'penumpang', 'di', 'jam', 'yang', 'bukan', 'lagi', 'sangat', 'pagi', 'itu', 'sudah', 'menuju', 'siang', 'sih', 'menuju', 'ke', 'terminal', 'di', 'dalam', 'dari', 'lobi', 'utama', 'ada', 'ruang', 'tunggu', 'yang', 'luas', 'tertutup', 'bangku', 'banyak', 'suasana', 'juga', 'enggak', 'panas', 'ada', 'warung', 'juga', 'di', 'dalam', 'untuk', 'bisa', 'kita', 'beli', 'camilan', 'ketika', 'masuk', 'dari', 'gerbang', 'utama', 'tadi', 'kok', 'kayaknya', 'masuknya', 'jauh', 'ternyata', 'memang', 'seluas', 'itu', 'ekwk', 'tapi', 'ternyata', 'enggak', 'gerah', 'karena', 'sekitarnya', 'pohon', 'rindang', 'mungkin', 'kalo', 'malam', 'hari', 'bakal', 'sedikit', 'horor', 'juga', 'kali', 'ya', 'ya', 'tapi', 'kalo', 'penerangan', 'cukup', 'sih', 'akan', 'eksotis', 'dan', 'indah', 'hihiw', 'ini', 'terminal', 'bus', 'paling', 'bagus', 'bersih', 'dan', 'rapi', 'selama', 'saya', 'pernah', 'mengunjungi', 'terminal', 'yang', 'lain', 'semoga', 'ke', 'depannya', 'semakin', 'maju']","['excited', 'wow', 'nemu', 'terminal', 'cakep', 'wkwk', 'bagus', 'arena', 'bermainnya', 'masuk', 'wow', 'wkwkw', 'luas', 'gedung', 'utama', 'nanyain', 'kemana', 'mbak', 'bapaknya', 'langsung', 'ngarahin', 'beli', 'tiketnya', 'masuk', 'kiri', 'konter', 'nomer', 'sekian', 'mbak', 'tak', 'pikir', 'calo', 'tiket', 'masuk', 'gedung', 'adem', 'tempatnya', 'bersih', 'fasilitas', 'memadai', 'konter', 'tiket', 'rapi', 'bikin', 'bingung', 'pengunjung', 'calon', 'penumpang', 'beli', 'tiket', 'bapaknya', 'bus', 'sebelah', 'eeh', 'bapaknya', 'diantar', 'bus', 'kapok', 'kalo', 'pergi', 'kalo', 'capek', 'bangku', 'duduk', 'konter', 'tiket', 'kurangnya', 'konter', 'tiket', 'jaga', 'orang', 'belasan', 'konter', 'pagi', 'habis', 'hehee', 'lantai', 'habis', 'terminal', 'suasananya', 'sepi', 'pengunjung', 'calon', 'penumpang', 'jam', 'pagi', 'siang', 'terminal', 'lobi', 'utama', 'ruang', 'tunggu', 'luas', 'tertutup', 'bangku', 'suasana', 'panas', 'warung', 'beli', 'camilan', 'masuk', 'gerbang', 'utama', 'kayaknya', 'masuknya', 'seluas', 'ekwk', 'gerah', 'pohon', 'rindang', 'kalo', 'malam', 'horor', 'kali', 'kalo', 'penerangan', 'eksotis', 'indah', 'hihiw', 'terminal', 'bus', 'bagus', 'bersih', 'rapi', 'mengunjungi', 'terminal', 'semoga', 'depannya', 'maju']",excited wow nemu terminal cakep wkwk bagus arena bermainnya masuk wow wkwkw luas gedung utama nanyain kemana mbak bapaknya langsung ngarahin beli tiketnya masuk kiri konter nomer sekian mbak tak pikir calo tiket masuk gedung adem tempatnya bersih fasilitas memadai konter tiket rapi bikin bingung pengunjung calon penumpang beli tiket bapaknya bus sebelah eeh bapaknya diantar bus kapok kalo pergi kalo capek bangku duduk konter tiket kurangnya konter tiket jaga orang belasan konter pagi habis hehee lantai habis terminal suasananya sepi pengunjung calon penumpang jam pagi siang terminal lobi utama ruang tunggu luas tertutup bangku suasana panas warung beli camilan masuk gerbang utama kayaknya masuknya seluas ekwk gerah pohon rindang kalo malam horor kali kalo penerangan eksotis indah hihiw terminal bus bagus bersih rapi mengunjungi terminal semoga depannya maju,-65,negative
5,warung nasi sederhana..legend.,warung nasi sederhanalegend,warung nasi sederhanalegend,warung nasi sederhanalegend,"['warung', 'nasi', 'sederhanalegend']","['warung', 'nasi', 'sederhanalegend']",warung nasi sederhanalegend,2,positive
5,"tempatnya luas,tertata rapi,bersih dan nyaman",tempatnya luastertata rapibersih dan nyaman,tempatnya luastertata rapibersih dan nyaman,tempatnya luastertata rapibersih dan nyaman,"['tempatnya', 'luastertata', 'rapibersih', 'dan', 'nyaman']","['tempatnya', 'luastertata', 'rapibersih', 'nyaman']",tempatnya luastertata rapibersih nyaman,4,positive
5,Tempatnya bagus bersih,Tempatnya bagus bersih,tempatnya bagus bersih,tempatnya bagus bersih,"['tempatnya', 'bagus', 'bersih']","['tempatnya', 'bagus', 'bersih']",tempatnya bagus bersih,2,positive
5,Toilet kurang bersih......,Toilet kurang bersih,toilet kurang bersih,toilet kurang bersih,"['toilet', 'kurang', 'bersih']","['toilet', 'bersih']",toilet bersih,0,neutral
5,Sekarang lebih bersih dan tertata. Pertahankan ya...,Sekarang lebih bersih dan tertata Pertahankan ya,sekarang lebih bersih dan tertata pertahankan ya,sekarang lebih bersih dan tertata pertahankan ya,"['sekarang', 'lebih', 'bersih', 'dan', 'tertata', 'pertahankan', 'ya']","['bersih', 'tertata', 'pertahankan']",bersih tertata pertahankan,0,neutral
5,Kerennnn,Kerennnn,kerennnn,keren,['keren'],['keren'],keren,0,neutral
5,Luas nyaman dan bersih,Luas nyaman dan bersih,luas nyaman dan bersih,luas nyaman dan bersih,"['luas', 'nyaman', 'dan', 'bersih']","['luas', 'nyaman', 'bersih']",luas nyaman bersih,7,positive
5,"Terminalnya bagus, selain itu juga terdapat tempat bermain untuk anak-anaknnya",Terminalnya bagus selain itu juga terdapat tempat bermain untuk anakanaknnya,terminalnya bagus selain itu juga terdapat tempat bermain untuk anakanaknnya,terminalnya bagus selain itu juga terdapat tempat bermain untuk anakanaknnya,"['terminalnya', 'bagus', 'selain', 'itu', 'juga', 'terdapat', 'tempat', 'bermain', 'untuk', 'anakanaknnya']","['terminalnya', 'bagus', 'bermain', 'anakanaknnya']",terminalnya bagus bermain anakanaknnya,2,positive
5,"Cukup Bersih, rapih, tertib",Cukup Bersih rapih tertib,cukup bersih rapih tertib,cukup bersih rapi tertib,"['cukup', 'bersih', 'rapi', 'tertib']","['bersih', 'rapi', 'tertib']",bersih rapi tertib,3,positive
4,Mesjidnya terlalu jauh .. sulit diakses..,Mesjidnya terlalu jauh  sulit diakses,mesjidnya terlalu jauh  sulit diakses,mesjidnya terlalu jauh sulit diakses,"['mesjidnya', 'terlalu', 'jauh', 'sulit', 'diakses']","['mesjidnya', 'sulit', 'diakses']",mesjidnya sulit diakses,0,neutral
5,Ok,Ok,ok,ok,['ok'],['ok'],ok,4,positive
5,waktu itu ada ibu² mau ke Ajibarang naik trans jateng,waktu itu ada ibu² mau ke Ajibarang naik trans jateng,waktu itu ada ibu² mau ke ajibarang naik trans jateng,waktu itu ada ibu² mau ke ajibarang naik trans jateng,"['waktu', 'itu', 'ada', 'ibu²', 'mau', 'ke', 'ajibarang', 'naik', 'trans', 'jateng']","['ibu²', 'ajibarang', 'trans', 'jateng']",ibu² ajibarang trans jateng,0,neutral
5,"Pelayanan dan fasilitas kini semakin bagus, banyak tempat sedang di perbaiki, namun masih banyak maraknya para calo yang meresahkan penumpang yang mana karna calo tsb penumpang harus merogoh kocek lebih daripada umumnya.
Harga transportasi kini kian naik karna sepinya penumpang dan ekonomi dunia.
Dan yang terakhir masih banyak dijumpai di bus akdp para preman yang gagah berani melakukan aksi pungli.",Pelayanan dan fasilitas kini semakin bagus banyak tempat sedang di perbaiki namun masih banyak maraknya para calo yang meresahkan penumpang yang mana karna calo tsb penumpang harus merogoh kocek lebih daripada umumnya Harga transportasi kini kian naik karna sepinya penumpang dan ekonomi dunia Dan yang terakhir masih banyak dijumpai di bus akdp para preman yang gagah berani melakukan aksi pungli,pelayanan dan fasilitas kini semakin bagus banyak tempat sedang di perbaiki namun masih banyak maraknya para calo yang meresahkan penumpang yang mana karna calo tsb penumpang harus merogoh kocek lebih daripada umumnya harga transportasi kini kian naik karna sepinya penumpang dan ekonomi dunia dan yang terakhir masih banyak dijumpai di bus akdp para preman yang gagah berani melakukan aksi pungli,pelayanan dan fasilitas kini semakin bagus banyak tempat sedang di perbaiki namun masih banyak maraknya para calo yang meresahkan penumpang yang mana karena calo tersebut penumpang harus merogoh kocek lebih daripada umumnya harga transportasi kini kian naik karena sepinya penumpang dan ekonomi dunia dan yang terakhir masih banyak dijumpai di bus akdp para preman yang gagah berani melakukan aksi pungli,"['pelayanan', 'dan', 'fasilitas', 'kini', 'semakin', 'bagus', 'banyak', 'tempat', 'sedang', 'di', 'perbaiki', 'namun', 'masih', 'banyak', 'maraknya', 'para', 'calo', 'yang', 'meresahkan', 'penumpang', 'yang', 'mana', 'karena', 'calo', 'tersebut', 'penumpang', 'harus', 'merogoh', 'kocek', 'lebih', 'daripada', 'umumnya', 'harga', 'transportasi', 'kini', 'kian', 'naik', 'karena', 'sepinya', 'penumpang', 'dan', 'ekonomi', 'dunia', 'dan', 'yang', 'terakhir', 'masih', 'banyak', 'dijumpai', 'di', 'bus', 'akdp', 'para', 'preman', 'yang', 'gagah', 'berani', 'melakukan', 'aksi', 'pungli']","['pelayanan', 'fasilitas', 'bagus', 'perbaiki', 'maraknya', 'calo', 'meresahkan', 'penumpang', 'calo', 'penumpang', 'merogoh', 'kocek', 'harga', 'transportasi', 'kian', 'sepinya', 'penumpang', 'ekonomi', 'dunia', 'dijumpai', 'bus', 'akdp', 'preman', 'gagah', 'berani', 'aksi', 'pungli']",pelayanan fasilitas bagus perbaiki maraknya calo meresahkan penumpang calo penumpang merogoh kocek harga transportasi kian sepinya penumpang ekonomi dunia dijumpai bus akdp preman gagah berani aksi pungli,-8,negative
4,Termibal bus akap dan aldp..jg angkutan dlm kota yg bagus..luas..ada taman bermain bwt santai sejenak,Termibal bus akap dan aldpjg angkutan dlm kota yg bagusluasada taman bermain bwt santai sejenak,termibal bus akap dan aldpjg angkutan dlm kota yg bagusluasada taman bermain bwt santai sejenak,termibal bus akap dan aldpjg angkutan dalam kota yang bagusluasada taman bermain buat santai sejenak,"['termibal', 'bus', 'akap', 'dan', 'aldpjg', 'angkutan', 'dalam', 'kota', 'yang', 'bagusluasada', 'taman', 'bermain', 'buat', 'santai', 'sejenak']","['termibal', 'bus', 'akap', 'aldpjg', 'angkutan', 'kota', 'bagusluasada', 'taman', 'bermain', 'santai']",termibal bus akap aldpjg angkutan kota bagusluasada taman bermain santai,2,positive
5,Luas,Luas,luas,luas,['luas'],['luas'],luas,3,positive
5,"Ruang tunggu yang nyaman, Kamar mandi dan Musholla bersih. Mantapp",Ruang tunggu yang nyaman Kamar mandi dan Musholla bersih Mantapp,ruang tunggu yang nyaman kamar mandi dan musholla bersih mantapp,ruang tunggu yang nyaman kamar mandi dan musholla bersih mantap,"['ruang', 'tunggu', 'yang', 'nyaman', 'kamar', 'mandi', 'dan', 'musholla', 'bersih', 'mantap']","['ruang', 'tunggu', 'nyaman', 'kamar', 'mandi', 'musholla', 'bersih', 'mantap']",ruang tunggu nyaman kamar mandi musholla bersih mantap,5,positive
4,Bersih nyaman...,Bersih nyaman,bersih nyaman,bersih nyaman,"['bersih', 'nyaman']","['bersih', 'nyaman']",bersih nyaman,4,positive
5,"Udah bagus
Bersih.
Yang kurang cuma fasilitas ATM nya enggak ada",Udah bagus Bersih Yang kurang cuma fasilitas ATM nya enggak ada,udah bagus bersih yang kurang cuma fasilitas atm nya enggak ada,sudah bagus bersih yang kurang cuma fasilitas atm nya enggak ada,"['sudah', 'bagus', 'bersih', 'yang', 'kurang', 'cuma', 'fasilitas', 'atm', 'nya', 'enggak', 'ada']","['bagus', 'bersih', 'fasilitas', 'atm']",bagus bersih fasilitas atm,0,neutral
5,Bagus,Bagus,bagus,bagus,['bagus'],['bagus'],bagus,2,positive
5,Sepi penumpang,Sepi penumpang,sepi penumpang,sepi penumpang,"['sepi', 'penumpang']","['sepi', 'penumpang']",sepi penumpang,-6,negative
5,Bersih rapi nyaman pokonya bestie....saranku belilah dg menanyakan harga dulu utk minuman kemasan/kopi...,Bersih rapi nyaman pokonya bestiesaranku belilah dg menanyakan harga dulu utk minuman kemasankopi,bersih rapi nyaman pokonya bestiesaranku belilah dg menanyakan harga dulu utk minuman kemasankopi,bersih rapi nyaman pokoknya bestiesaranku belilah dengan menanyakan harga dulu untuk minuman kemasankopi,"['bersih', 'rapi', 'nyaman', 'pokoknya', 'bestiesaranku', 'belilah', 'dengan', 'menanyakan', 'harga', 'dulu', 'untuk', 'minuman', 'kemasankopi']","['bersih', 'rapi', 'nyaman', 'pokoknya', 'bestiesaranku', 'belilah', 'harga', 'minuman', 'kemasankopi']",bersih rapi nyaman pokoknya bestiesaranku belilah harga minuman kemasankopi,5,positive
5,Naik bus sugeng rahayu dari sby - pwt krunya ramah2 + komunikatif recom bus sby - pwt,Naik bus sugeng rahayu dari sby  pwt krunya ramah  komunikatif recom bus sby  pwt,naik bus sugeng rahayu dari sby  pwt krunya ramah  komunikatif recom bus sby  pwt,naik bus sugeng rahayu dari surabaya pwt krunya ramah komunikatif recom bus surabaya pwt,"['naik', 'bus', 'sugeng', 'rahayu', 'dari', 'surabaya', 'pwt', 'krunya', 'ramah', 'komunikatif', 'recom', 'bus', 'surabaya', 'pwt']","['bus', 'sugeng', 'rahayu', 'surabaya', 'pwt', 'krunya', 'ramah', 'komunikatif', 'recom', 'bus', 'surabaya', 'pwt']",bus sugeng rahayu surabaya pwt krunya ramah komunikatif recom bus surabaya pwt,4,positive
5,"Tempatnya luas dan nyaman. Ramai dan ramah. Fasilitas publik memadai, makanan dan minuman dan juga kedai oleh2 pun ada.",Tempatnya luas dan nyaman Ramai dan ramah Fasilitas publik memadai makanan dan minuman dan juga kedai oleh pun ada,tempatnya luas dan nyaman ramai dan ramah fasilitas publik memadai makanan dan minuman dan juga kedai oleh pun ada,tempatnya luas dan nyaman ramai dan ramah fasilitas publik memadai makanan dan minuman dan juga kedai oleh pun ada,"['tempatnya', 'luas', 'dan', 'nyaman', 'ramai', 'dan', 'ramah', 'fasilitas', 'publik', 'memadai', 'makanan', 'dan', 'minuman', 'dan', 'juga', 'kedai', 'oleh', 'pun', 'ada']","['tempatnya', 'luas', 'nyaman', 'ramai', 'ramah', 'fasilitas', 'publik', 'memadai', 'makanan', 'minuman', 'kedai']",tempatnya luas nyaman ramai ramah fasilitas publik memadai makanan minuman kedai,8,positive
5,"Pertama menginjakan kaki di terminal kamrin sepulang dr NTT.nyamp pwt jm 12 mlm sudh tdk ada bis arah bnjarnegra,mau2 tdk mau nginep d trminal.tp alhamdulillah aman,tukang ojek pun ramah2.jd jgn khawtr klu yg trpksa mw nginepnd trmnl pwkt,pasti aman.",Pertama menginjakan kaki di terminal kamrin sepulang dr NTTnyamp pwt jm  mlm sudh tdk ada bis arah bnjarnegramau tdk mau nginep d trminaltp alhamdulillah amantukang ojek pun ramahjd jgn khawtr klu yg trpksa mw nginepnd trmnl pwktpasti aman,pertama menginjakan kaki di terminal kamrin sepulang dr nttnyamp pwt jm  mlm sudh tdk ada bis arah bnjarnegramau tdk mau nginep d trminaltp alhamdulillah amantukang ojek pun ramahjd jgn khawtr klu yg trpksa mw nginepnd trmnl pwktpasti aman,pertama menginjakan kaki di terminal kamrin sepulang dari nttnyamp pwt jm malam sudah tidak ada bis arah bnjarnegramau tidak mau nginep di trminaltp alhamdulillah amantukang ojek pun ramahjd jangan khawtr kalau yang trpksa mau nginepnd trmnl pwktpasti aman,"['pertama', 'menginjakan', 'kaki', 'di', 'terminal', 'kamrin', 'sepulang', 'dari', 'nttnyamp', 'pwt', 'jm', 'malam', 'sudah', 'tidak', 'ada', 'bis', 'arah', 'bnjarnegramau', 'tidak', 'mau', 'nginep', 'di', 'trminaltp', 'alhamdulillah', 'amantukang', 'ojek', 'pun', 'ramahjd', 'jangan', 'khawtr', 'kalau', 'yang', 'trpksa', 'mau', 'nginepnd', 'trmnl', 'pwktpasti', 'aman']","['menginjakan', 'kaki', 'terminal', 'kamrin', 'sepulang', 'nttnyamp', 'pwt', 'jm', 'malam', 'tidak', 'bis', 'arah', 'bnjarnegramau', 'tidak', 'nginep', 'trminaltp', 'alhamdulillah', 'amantukang', 'ojek', 'ramahjd', 'khawtr', 'trpksa', 'nginepnd', 'trmnl', 'pwktpasti', 'aman']",menginjakan kaki terminal kamrin sepulang nttnyamp pwt jm malam tidak bis arah bnjarnegramau tidak nginep trminaltp alhamdulillah amantukang ojek ramahjd khawtr trpksa nginepnd trmnl pwktpasti aman,-12,negative
5,Mantap jos,Mantap jos,mantap jos,mantap jos,"['mantap', 'jos']","['mantap', 'jos']",mantap jos,5,positive
1,Sekarang terminalnya bagus ya.,Sekarang terminalnya bagus ya,sekarang terminalnya bagus ya,sekarang terminalnya bagus ya,"['sekarang', 'terminalnya', 'bagus', 'ya']","['terminalnya', 'bagus']",terminalnya bagus,2,positive
5,Perfecto,Perfecto,perfecto,perfecto,['perfecto'],['perfecto'],perfecto,0,neutral
5,Jauh lebih nyaman sekarang,Jauh lebih nyaman sekarang,jauh lebih nyaman sekarang,jauh lebih nyaman sekarang,"['jauh', 'lebih', 'nyaman', 'sekarang']",['nyaman'],nyaman,4,positive
5,Bersih,Bersih,bersih,bersih,['bersih'],['bersih'],bersih,0,neutral
5,Banyak perubahan positif...,Banyak perubahan positif,banyak perubahan positif,banyak perubahan positif,"['banyak', 'perubahan', 'positif']","['perubahan', 'positif']",perubahan positif,8,positive
5,Terminal bersih dan teratur,Terminal bersih dan teratur,terminal bersih dan teratur,terminal bersih dan teratur,"['terminal', 'bersih', 'dan', 'teratur']","['terminal', 'bersih', 'teratur']",terminal bersih teratur,-3,negative
5,Bersih Rapih Fasilitas Ruang Makan Istirahat Dan Toilet Juga Sangat Bersih,Bersih Rapih Fasilitas Ruang Makan Istirahat Dan Toilet Juga Sangat Bersih,bersih rapih fasilitas ruang makan istirahat dan toilet juga sangat bersih,bersih rapi fasilitas ruang makan istirahat dan toilet juga sangat bersih,"['bersih', 'rapi', 'fasilitas', 'ruang', 'makan', 'istirahat', 'dan', 'toilet', 'juga', 'sangat', 'bersih']","['bersih', 'rapi', 'fasilitas', 'ruang', 'makan', 'istirahat', 'toilet', 'bersih']",bersih rapi fasilitas ruang makan istirahat toilet bersih,-6,negative
5,Udah keren bgt sekaraang mantap,Udah keren bgt sekaraang mantap,udah keren bgt sekaraang mantap,sudah keren banget sekaraang mantap,"['sudah', 'keren', 'banget', 'sekaraang', 'mantap']","['keren', 'banget', 'sekaraang', 'mantap']",keren banget sekaraang mantap,4,positive
5,"Terminal sdh bnyk sekali perubahan ke yg lebih baik, bangunan setalah renovasi jd lebih bagus",Terminal sdh bnyk sekali perubahan ke yg lebih baik bangunan setalah renovasi jd lebih bagus,terminal sdh bnyk sekali perubahan ke yg lebih baik bangunan setalah renovasi jd lebih bagus,terminal sudah banyak sekali perubahan ke yang lebih baik bangunan setalah renovasi jadi lebih bagus,"['terminal', 'sudah', 'banyak', 'sekali', 'perubahan', 'ke', 'yang', 'lebih', 'baik', 'bangunan', 'setalah', 'renovasi', 'jadi', 'lebih', 'bagus']","['terminal', 'perubahan', 'bangunan', 'setalah', 'renovasi', 'bagus']",terminal perubahan bangunan setalah renovasi bagus,7,positive
5,"Terminal cukup bersih dan nyaman, banyak pohon jadi ga terlalu panas.",Terminal cukup bersih dan nyaman banyak pohon jadi ga terlalu panas,terminal cukup bersih dan nyaman banyak pohon jadi ga terlalu panas,terminal cukup bersih dan nyaman banyak pohon jadi enggak terlalu panas,"['terminal', 'cukup', 'bersih', 'dan', 'nyaman', 'banyak', 'pohon', 'jadi', 'enggak', 'terlalu', 'panas']","['terminal', 'bersih', 'nyaman', 'pohon', 'panas']",terminal bersih nyaman pohon panas,-2,negative
5,Aman,Aman,aman,aman,['aman'],['aman'],aman,0,neutral
5,"aman,asal masih di dalam trminal,fasilitas lengkap,pilihan busnya pun lumayan banyak dg berbagai kota tujuan",amanasal masih di dalam trminalfasilitas lengkappilihan busnya pun lumayan banyak dg berbagai kota tujuan,amanasal masih di dalam trminalfasilitas lengkappilihan busnya pun lumayan banyak dg berbagai kota tujuan,amanasal masih di dalam trminalfasilitas lengkappilihan busnya pun lumayan banyak dengan berbagai kota tujuan,"['amanasal', 'masih', 'di', 'dalam', 'trminalfasilitas', 'lengkappilihan', 'busnya', 'pun', 'lumayan', 'banyak', 'dengan', 'berbagai', 'kota', 'tujuan']","['amanasal', 'trminalfasilitas', 'lengkappilihan', 'busnya', 'lumayan', 'kota', 'tujuan']",amanasal trminalfasilitas lengkappilihan busnya lumayan kota tujuan,-2,negative
5,"Bersih, nyaman, udh ga kaya dulu",Bersih nyaman udh ga kaya dulu,bersih nyaman udh ga kaya dulu,bersih nyaman sudah enggak kayak dulu,"['bersih', 'nyaman', 'sudah', 'enggak', 'kayak', 'dulu']","['bersih', 'nyaman', 'kayak']",bersih nyaman kayak,1,positive
4,Ok,Ok,ok,ok,['ok'],['ok'],ok,4,positive
5,"Terminalnya bagus, tapi untuk foodcourt belum jadi",Terminalnya bagus tapi untuk foodcourt belum jadi,terminalnya bagus tapi untuk foodcourt belum jadi,terminalnya bagus tapi untuk foodcourt belum jadi,"['terminalnya', 'bagus', 'tapi', 'untuk', 'foodcourt', 'belum', 'jadi']","['terminalnya', 'bagus', 'foodcourt']",terminalnya bagus foodcourt,2,positive
4,bagus rapi luas enak tempatnya..aman nyaman,bagus rapi luas enak tempatnyaaman nyaman,bagus rapi luas enak tempatnyaaman nyaman,bagus rapi luas enak tempatnyaaman nyaman,"['bagus', 'rapi', 'luas', 'enak', 'tempatnyaaman', 'nyaman']","['bagus', 'rapi', 'luas', 'enak', 'tempatnyaaman', 'nyaman']",bagus rapi luas enak tempatnyaaman nyaman,11,positive
5,Otw wonosobo dgn bus andalan😉,Otw wonosobo dgn bus andalan,otw wonosobo dgn bus andalan,otw wonosobo dengan bus andalan,"['otw', 'wonosobo', 'dengan', 'bus', 'andalan']","['otw', 'wonosobo', 'bus', 'andalan']",otw wonosobo bus andalan,0,neutral
4,Tempat tunggunya nyaman,Tempat tunggunya nyaman,tempat tunggunya nyaman,tempat tunggunya nyaman,"['tempat', 'tunggunya', 'nyaman']","['tunggunya', 'nyaman']",tunggunya nyaman,4,positive
5,Sepi pengunjung,Sepi pengunjung,sepi pengunjung,sepi pengunjung,"['sepi', 'pengunjung']","['sepi', 'pengunjung']",sepi pengunjung,-3,negative
5,Terminal terbesar di Purwokerto,Terminal terbesar di Purwokerto,terminal terbesar di purwokerto,terminal terbesar di purwokerto,"['terminal', 'terbesar', 'di', 'purwokerto']","['terminal', 'terbesar', 'purwokerto']",terminal terbesar purwokerto,-3,negative
4,"As bus terminal for us having rest/meal on the way, facilities is OK.",As bus terminal for us having restmeal on the way facilities is OK,as bus terminal for us having restmeal on the way facilities is ok,as bus terminal for us having restmeal on the way facilities is ok,"['as', 'bus', 'terminal', 'for', 'us', 'having', 'restmeal', 'on', 'the', 'way', 'facilities', 'is', 'ok']","['bus', 'terminal', 'us', 'restmeal', 'way', 'facilities', 'ok']",bus terminal us restmeal way facilities ok,1,positive
4,"Terminal dg fasilitas publik yang cukup lengkap, ruang tunggu yang bersih, rapi, tempat parkir luas, taman bermain anak, tempat ibadah, toilet bersih dan gratis, membuat nyaman. Tapi akses jalan dari satu tempat ke tempat lain kurang praktis, masih harus berputar-putar.",Terminal dg fasilitas publik yang cukup lengkap ruang tunggu yang bersih rapi tempat parkir luas taman bermain anak tempat ibadah toilet bersih dan gratis membuat nyaman Tapi akses jalan dari satu tempat ke tempat lain kurang praktis masih harus berputarputar,terminal dg fasilitas publik yang cukup lengkap ruang tunggu yang bersih rapi tempat parkir luas taman bermain anak tempat ibadah toilet bersih dan gratis membuat nyaman tapi akses jalan dari satu tempat ke tempat lain kurang praktis masih harus berputarputar,terminal dengan fasilitas publik yang cukup lengkap ruang tunggu yang bersih rapi tempat parkir luas taman bermain anak tempat ibadah toilet bersih dan gratis membuat nyaman tapi akses jalan dari satu tempat ke tempat lain kurang praktis masih harus berputarputar,"['terminal', 'dengan', 'fasilitas', 'publik', 'yang', 'cukup', 'lengkap', 'ruang', 'tunggu', 'yang', 'bersih', 'rapi', 'tempat', 'parkir', 'luas', 'taman', 'bermain', 'anak', 'tempat', 'ibadah', 'toilet', 'bersih', 'dan', 'gratis', 'membuat', 'nyaman', 'tapi', 'akses', 'jalan', 'dari', 'satu', 'tempat', 'ke', 'tempat', 'lain', 'kurang', 'praktis', 'masih', 'harus', 'berputarputar']","['terminal', 'fasilitas', 'publik', 'lengkap', 'ruang', 'tunggu', 'bersih', 'rapi', 'parkir', 'luas', 'taman', 'bermain', 'anak', 'ibadah', 'toilet', 'bersih', 'gratis', 'nyaman', 'akses', 'jalan', 'praktis', 'berputarputar']",terminal fasilitas publik lengkap ruang tunggu bersih rapi parkir luas taman bermain anak ibadah toilet bersih gratis nyaman akses jalan praktis berputarputar,14,positive
5,"Sangat gampang digunakan,tempatnya lumayan bagus",Sangat gampang digunakantempatnya lumayan bagus,sangat gampang digunakantempatnya lumayan bagus,sangat gampang digunakantempatnya lumayan bagus,"['sangat', 'gampang', 'digunakantempatnya', 'lumayan', 'bagus']","['gampang', 'digunakantempatnya', 'lumayan', 'bagus']",gampang digunakantempatnya lumayan bagus,2,positive
5,Sekarang jadi lebih nyaman aman bersih dan rapi,Sekarang jadi lebih nyaman aman bersih dan rapi,sekarang jadi lebih nyaman aman bersih dan rapi,sekarang jadi lebih nyaman aman bersih dan rapi,"['sekarang', 'jadi', 'lebih', 'nyaman', 'aman', 'bersih', 'dan', 'rapi']","['nyaman', 'aman', 'bersih', 'rapi']",nyaman aman bersih rapi,5,positive
5,"This place been changing a lot. It's getting cleaner, greener, and more neat :)",This place been changing a lot Its getting cleaner greener and more neat,this place been changing a lot its getting cleaner greener and more neat,this place been changing a lot its getting cleaner greener and more neat,"['this', 'place', 'been', 'changing', 'a', 'lot', 'its', 'getting', 'cleaner', 'greener', 'and', 'more', 'neat']","['place', 'changing', 'lot', 'getting', 'cleaner', 'greener', 'neat']",place changing lot getting cleaner greener neat,-5,negative
5,This bus station is just getting better,This bus station is just getting better,this bus station is just getting better,this bus station is just getting better,"['this', 'bus', 'station', 'is', 'just', 'getting', 'better']","['bus', 'station', 'getting', 'better']",bus station getting better,1,positive
5,"Terminal Purwokerto ini cukup luas sudah banyak pembangunan dan kemajuan setiap tahun, depan lobby sudah ada grab pickup seperti di bandara. Ruang tunggu berAC cukup nyaman dan ada playground untuk bermain anak. Start terminal bus trans jateng dan trans banyumas",Terminal Purwokerto ini cukup luas sudah banyak pembangunan dan kemajuan setiap tahun depan lobby sudah ada grab pickup seperti di bandara Ruang tunggu berAC cukup nyaman dan ada playground untuk bermain anak Start terminal bus trans jateng dan trans banyumas,terminal purwokerto ini cukup luas sudah banyak pembangunan dan kemajuan setiap tahun depan lobby sudah ada grab pickup seperti di bandara ruang tunggu berac cukup nyaman dan ada playground untuk bermain anak start terminal bus trans jateng dan trans banyumas,terminal purwokerto ini cukup luas sudah banyak pembangunan dan kemajuan setiap tahun depan lobby sudah ada grab ambil di toko seperti di bandara ruang tunggu berac cukup nyaman dan ada playground untuk bermain anak start terminal bus trans jateng dan trans banyumas,"['terminal', 'purwokerto', 'ini', 'cukup', 'luas', 'sudah', 'banyak', 'pembangunan', 'dan', 'kemajuan', 'setiap', 'tahun', 'depan', 'lobby', 'sudah', 'ada', 'grab', 'ambil', 'di', 'toko', 'seperti', 'di', 'bandara', 'ruang', 'tunggu', 'berac', 'cukup', 'nyaman', 'dan', 'ada', 'playground', 'untuk', 'bermain', 'anak', 'start', 'terminal', 'bus', 'trans', 'jateng', 'dan', 'trans', 'banyumas']","['terminal', 'purwokerto', 'luas', 'pembangunan', 'kemajuan', 'lobby', 'grab', 'ambil', 'toko', 'bandara', 'ruang', 'tunggu', 'berac', 'nyaman', 'playground', 'bermain', 'anak', 'start', 'terminal', 'bus', 'trans', 'jateng', 'trans', 'banyumas']",terminal purwokerto luas pembangunan kemajuan lobby grab ambil toko bandara ruang tunggu berac nyaman playground bermain anak start terminal bus trans jateng trans banyumas,-11,negative
5,Bersihhh,Bersihhh,bersihhh,bersihhh,['bersihhh'],['bersihhh'],bersihhh,0,neutral
5,Nganter ke sinar jaya,Nganter ke sinar jaya,nganter ke sinar jaya,nganter ke sinar jaya,"['nganter', 'ke', 'sinar', 'jaya']","['nganter', 'sinar', 'jaya']",nganter sinar jaya,4,positive
5,"Bagus, tertata",Bagus tertata,bagus tertata,bagus tertata,"['bagus', 'tertata']","['bagus', 'tertata']",bagus tertata,1,positive
5,Oke aja,Oke aja,oke aja,oke saja,"['oke', 'saja']",['oke'],oke,2,positive
4,Lumayan lah,Lumayan lah,lumayan lah,lumayan lah,"['lumayan', 'lah']",['lumayan'],lumayan,-1,negative
4,"Kalau beli tiket Sinar Jaya langsung di Loket terminal jangan beli online, nanti dapet bisnya DMI, DMI masuk sinar jaya Group..Bisnya datang nya lama, karena titik start Bisnya jauh2..",Kalau beli tiket Sinar Jaya langsung di Loket terminal jangan beli online nanti dapet bisnya DMI DMI masuk sinar jaya GroupBisnya datang nya lama karena titik start Bisnya jauh,kalau beli tiket sinar jaya langsung di loket terminal jangan beli online nanti dapet bisnya dmi dmi masuk sinar jaya groupbisnya datang nya lama karena titik start bisnya jauh,kalau beli tiket sinar jaya langsung di loket terminal jangan beli online nanti dapat bisnya dmi dmi masuk sinar jaya groupbisnya datang nya lama karena titik lokasi start bisnya jauh,"['kalau', 'beli', 'tiket', 'sinar', 'jaya', 'langsung', 'di', 'loket', 'terminal', 'jangan', 'beli', 'online', 'nanti', 'dapat', 'bisnya', 'dmi', 'dmi', 'masuk', 'sinar', 'jaya', 'groupbisnya', 'datang', 'nya', 'lama', 'karena', 'titik', 'lokasi', 'start', 'bisnya', 'jauh']","['beli', 'tiket', 'sinar', 'jaya', 'langsung', 'loket', 'terminal', 'beli', 'online', 'bisnya', 'dmi', 'dmi', 'masuk', 'sinar', 'jaya', 'groupbisnya', 'titik', 'lokasi', 'start', 'bisnya']",beli tiket sinar jaya langsung loket terminal beli online bisnya dmi dmi masuk sinar jaya groupbisnya titik lokasi start bisnya,0,neutral
2,Kurangi tertib,Kurangi tertib,kurangi tertib,kurangi tertib,"['kurangi', 'tertib']","['kurangi', 'tertib']",kurangi tertib,2,positive
4,Hanya singgah untuk ibadah..tapi tempatnya lumayan nyaman dan bersih,Hanya singgah untuk ibadahtapi tempatnya lumayan nyaman dan bersih,hanya singgah untuk ibadahtapi tempatnya lumayan nyaman dan bersih,hanya singgah untuk ibadahtapi tempatnya lumayan nyaman dan bersih,"['hanya', 'singgah', 'untuk', 'ibadahtapi', 'tempatnya', 'lumayan', 'nyaman', 'dan', 'bersih']","['singgah', 'ibadahtapi', 'tempatnya', 'lumayan', 'nyaman', 'bersih']",singgah ibadahtapi tempatnya lumayan nyaman bersih,1,positive
4,"Terminal bus antar kota antar provinsi. Sinar Jaya, Murni Jaya, Arga Mas dll",Terminal bus antar kota antar provinsi Sinar Jaya Murni Jaya Arga Mas dll,terminal bus antar kota antar provinsi sinar jaya murni jaya arga mas dll,terminal bus antar kota antar provinsi sinar jaya murni jaya arga mas dll,"['terminal', 'bus', 'antar', 'kota', 'antar', 'provinsi', 'sinar', 'jaya', 'murni', 'jaya', 'arga', 'mas', 'dll']","['terminal', 'bus', 'kota', 'provinsi', 'sinar', 'jaya', 'murni', 'jaya', 'arga', 'mas', 'dll']",terminal bus kota provinsi sinar jaya murni jaya arga mas dll,4,positive
5,Puas dan dengan pelayanan nya josss,Puas dan dengan pelayanan nya josss,puas dan dengan pelayanan nya josss,puas dan dengan pelayanan nya josss,"['puas', 'dan', 'dengan', 'pelayanan', 'nya', 'josss']","['puas', 'pelayanan', 'josss']",puas pelayanan josss,6,positive
5,Keren,Keren,keren,keren,['keren'],['keren'],keren,0,neutral
4,Oke tempat strategis,Oke tempat strategis,oke tempat strategis,oke tempat strategis,"['oke', 'tempat', 'strategis']","['oke', 'strategis']",oke strategis,2,positive
5,"Dekat dengan trans banyumas, ataupun trans jateng",Dekat dengan trans banyumas ataupun trans jateng,dekat dengan trans banyumas ataupun trans jateng,dekat dengan trans banyumas ataupun trans jateng,"['dekat', 'dengan', 'trans', 'banyumas', 'ataupun', 'trans', 'jateng']","['trans', 'banyumas', 'trans', 'jateng']",trans banyumas trans jateng,0,neutral
5,Beli Tiket Bus Hanya di Agen Resmi,Beli Tiket Bus Hanya di Agen Resmi,beli tiket bus hanya di agen resmi,beli tiket bus hanya di agen resmi,"['beli', 'tiket', 'bus', 'hanya', 'di', 'agen', 'resmi']","['beli', 'tiket', 'bus', 'agen', 'resmi']",beli tiket bus agen resmi,-2,negative
5,Selalu istimewa sepanjang waktu,Selalu istimewa sepanjang waktu,selalu istimewa sepanjang waktu,selalu istimewa sepanjang waktu,"['selalu', 'istimewa', 'sepanjang', 'waktu']",['istimewa'],istimewa,0,neutral
5,SEKARANG UDAH SEPI G KAYA DULU,SEKARANG UDAH SEPI G KAYA DULU,sekarang udah sepi g kaya dulu,sekarang sudah sepi enggak kayak dulu,"['sekarang', 'sudah', 'sepi', 'enggak', 'kayak', 'dulu']","['sepi', 'kayak']",sepi kayak,-6,negative
4,"Terminal ajibarang,, sekarang lebih tertata rapi sih,,,bersih dan nyaman.",Terminal ajibarang sekarang lebih tertata rapi sihbersih dan nyaman,terminal ajibarang sekarang lebih tertata rapi sihbersih dan nyaman,terminal ajibarang sekarang lebih tertata rapi sihbersih dan nyaman,"['terminal', 'ajibarang', 'sekarang', 'lebih', 'tertata', 'rapi', 'sihbersih', 'dan', 'nyaman']","['terminal', 'ajibarang', 'tertata', 'rapi', 'sihbersih', 'nyaman']",terminal ajibarang tertata rapi sihbersih nyaman,1,positive
1,Bus ato angkutan jarang brhenti di terminal,Bus ato angkutan jarang brhenti di terminal,bus ato angkutan jarang brhenti di terminal,bus atau angkutan jarang brhenti di terminal,"['bus', 'atau', 'angkutan', 'jarang', 'brhenti', 'di', 'terminal']","['bus', 'angkutan', 'jarang', 'brhenti', 'terminal']",bus angkutan jarang brhenti terminal,-3,negative
5,"Terminal dari jaman bocah ampe sekarang, langganan kalo anter keluarga.",Terminal dari jaman bocah ampe sekarang langganan kalo anter keluarga,terminal dari jaman bocah ampe sekarang langganan kalo anter keluarga,terminal dari jaman bocah sampai sekarang langganan kalo antar keluarga,"['terminal', 'dari', 'jaman', 'bocah', 'sampai', 'sekarang', 'langganan', 'kalo', 'antar', 'keluarga']","['terminal', 'jaman', 'bocah', 'langganan', 'kalo', 'keluarga']",terminal jaman bocah langganan kalo keluarga,0,neutral
5,Meriah dan bagus,Meriah dan bagus,meriah dan bagus,meriah dan bagus,"['meriah', 'dan', 'bagus']","['meriah', 'bagus']",meriah bagus,5,positive
5,"So ga sperti yg di bayangkan,skrg sdh teratur dlm tiketing trhadap penumpang fan tdk ada penumpukan penumpang",So ga sperti yg di bayangkanskrg sdh teratur dlm tiketing trhadap penumpang fan tdk ada penumpukan penumpang,so ga sperti yg di bayangkanskrg sdh teratur dlm tiketing trhadap penumpang fan tdk ada penumpukan penumpang,sok enggak seperti yang di bayangkanskrg sudah teratur dalam tiketing trhadap penumpang fan tidak ada penumpukan penumpang,"['sok', 'enggak', 'seperti', 'yang', 'di', 'bayangkanskrg', 'sudah', 'teratur', 'dalam', 'tiketing', 'trhadap', 'penumpang', 'fan', 'tidak', 'ada', 'penumpukan', 'penumpang']","['sok', 'bayangkanskrg', 'teratur', 'tiketing', 'trhadap', 'penumpang', 'fan', 'tidak', 'penumpukan', 'penumpang']",sok bayangkanskrg teratur tiketing trhadap penumpang fan tidak penumpukan penumpang,-10,negative
4,"Agen bus antar kota lengkap,penerangan kurang,terkesan gelap pas malam hari",Agen bus antar kota lengkappenerangan kurangterkesan gelap pas malam hari,agen bus antar kota lengkappenerangan kurangterkesan gelap pas malam hari,agen bus antar kota lengkappenerangan kurangterkesan gelap  ketika malam hari,"['agen', 'bus', 'antar', 'kota', 'lengkappenerangan', 'kurangterkesan', 'gelap', 'ketika', 'malam', 'hari']","['agen', 'bus', 'kota', 'lengkappenerangan', 'kurangterkesan', 'gelap', 'malam']",agen bus kota lengkappenerangan kurangterkesan gelap malam,-9,negative
5,Kami makan soto babat dikios nya ibu kiswandi agen bus rosalia indah rasanya enak mantul kuah sotone buket bumbune krasa bgd. 👍,Kami makan soto babat dikios nya ibu kiswandi agen bus rosalia indah rasanya enak mantul kuah sotone buket bumbune krasa bgd,kami makan soto babat dikios nya ibu kiswandi agen bus rosalia indah rasanya enak mantul kuah sotone buket bumbune krasa bgd,kami makan soto babat dikios nya ibu kiswandi agen bus rosalia indah rasanya enak mantul kuah sotone buket bumbune krasa banget,"['kami', 'makan', 'soto', 'babat', 'dikios', 'nya', 'ibu', 'kiswandi', 'agen', 'bus', 'rosalia', 'indah', 'rasanya', 'enak', 'mantul', 'kuah', 'sotone', 'buket', 'bumbune', 'krasa', 'banget']","['makan', 'soto', 'babat', 'dikios', 'kiswandi', 'agen', 'bus', 'rosalia', 'indah', 'enak', 'mantul', 'kuah', 'sotone', 'buket', 'bumbune', 'krasa', 'banget']",makan soto babat dikios kiswandi agen bus rosalia indah enak mantul kuah sotone buket bumbune krasa banget,-2,negative
5,Terminalnya Sepi,Terminalnya Sepi,terminalnya sepi,terminalnya sepi,"['terminalnya', 'sepi']","['terminalnya', 'sepi']",terminalnya sepi,-3,negative
5,Bersih,Bersih,bersih,bersih,['bersih'],['bersih'],bersih,0,neutral
5,buka jm brpa kak,buka jm brpa kak,buka jm brpa kak,buka jm berapa kak,"['buka', 'jm', 'berapa', 'kak']","['buka', 'jm', 'kak']",buka jm kak,0,neutral
1,"Benar benar kecewa dengan pelayanan sinarjaya di terminal ajibarang, keterlambatan bukan 30mnt/1 jam, tapi 3 jam lebih. Penumpang di harapkan datang tepat waktu tapi dari sinarjayanya sendiri sangat mulur. Bikin kapok, dari awal harusnya di jelaskan kalo ada keterlambatan, jadi kita ngga nunggu selama itu, bukan sekali dua kali telatnya bikin orang darah tinggi. Beberapa kali nganter sodarapun berangkatnya telat. Coba di koreksi lagi buat jadwal registrasi yg masuk akal. Ibu ibu yg nunggu di loket juga aneh di tanya keterlambatanya kurang lebih berapa lama jawabanya ""MENYESUAIKAN"". Dari jam 6 sore nanya bis udah sampe mana jawabnya udah sampe purwokerto sampe jam 9 lebih nanya lagi bis masih di karanglewas. Gokil.... Mana tidak bisa pengembalian dana. Ngga rekomen tidak ada tanggung jawabnya🙂",Benar benar kecewa dengan pelayanan sinarjaya di terminal ajibarang keterlambatan bukan mnt jam tapi  jam lebih Penumpang di harapkan datang tepat waktu tapi dari sinarjayanya sendiri sangat mulur Bikin kapok dari awal harusnya di jelaskan kalo ada keterlambatan jadi kita ngga nunggu selama itu bukan sekali dua kali telatnya bikin orang darah tinggi Beberapa kali nganter sodarapun berangkatnya telat Coba di koreksi lagi buat jadwal registrasi yg masuk akal Ibu ibu yg nunggu di loket juga aneh di tanya keterlambatanya kurang lebih berapa lama jawabanya MENYESUAIKAN Dari jam  sore nanya bis udah sampe mana jawabnya udah sampe purwokerto sampe jam  lebih nanya lagi bis masih di karanglewas Gokil Mana tidak bisa pengembalian dana Ngga rekomen tidak ada tanggung jawabnya,benar benar kecewa dengan pelayanan sinarjaya di terminal ajibarang keterlambatan bukan mnt jam tapi  jam lebih penumpang di harapkan datang tepat waktu tapi dari sinarjayanya sendiri sangat mulur bikin kapok dari awal harusnya di jelaskan kalo ada keterlambatan jadi kita ngga nunggu selama itu bukan sekali dua kali telatnya bikin orang darah tinggi beberapa kali nganter sodarapun berangkatnya telat coba di koreksi lagi buat jadwal registrasi yg masuk akal ibu ibu yg nunggu di loket juga aneh di tanya keterlambatanya kurang lebih berapa lama jawabanya menyesuaikan dari jam  sore nanya bis udah sampe mana jawabnya udah sampe purwokerto sampe jam  lebih nanya lagi bis masih di karanglewas gokil mana tidak bisa pengembalian dana ngga rekomen tidak ada tanggung jawabnya,benar benar kecewa dengan pelayanan sinarjaya di terminal ajibarang keterlambatan bukan minta jam tapi jam lebih penumpang di harapkan datang tepat waktu tapi dari sinarjayanya sendiri sangat mulur bikin kapok dari awal harusnya di jelaskan kalo ada keterlambatan jadi kita enggak menunggu selama itu bukan sekali dua kali telatnya bikin orang darah tinggi beberapa kali nganter sodarapun berangkatnya telat coba di koreksi lagi buat jadwal registrasi yang masuk akal ibu ibu yang menunggu di loket juga aneh di tanya keterlambatanya kurang lebih berapa lama jawabanya menyesuaikan dari jam sore bertanya bis sudah sampai mana jawabnya sudah sampai purwokerto sampai jam lebih bertanya lagi bis masih di karanglewas gila mana tidak bisa pengembalian dana enggak rekomen tidak ada tanggung jawabnya,"['benar', 'benar', 'kecewa', 'dengan', 'pelayanan', 'sinarjaya', 'di', 'terminal', 'ajibarang', 'keterlambatan', 'bukan', 'minta', 'jam', 'tapi', 'jam', 'lebih', 'penumpang', 'di', 'harapkan', 'datang', 'tepat', 'waktu', 'tapi', 'dari', 'sinarjayanya', 'sendiri', 'sangat', 'mulur', 'bikin', 'kapok', 'dari', 'awal', 'harusnya', 'di', 'jelaskan', 'kalo', 'ada', 'keterlambatan', 'jadi', 'kita', 'enggak', 'menunggu', 'selama', 'itu', 'bukan', 'sekali', 'dua', 'kali', 'telatnya', 'bikin', 'orang', 'darah', 'tinggi', 'beberapa', 'kali', 'nganter', 'sodarapun', 'berangkatnya', 'telat', 'coba', 'di', 'koreksi', 'lagi', 'buat', 'jadwal', 'registrasi', 'yang', 'masuk', 'akal', 'ibu', 'ibu', 'yang', 'menunggu', 'di', 'loket', 'juga', 'aneh', 'di', 'tanya', 'keterlambatanya', 'kurang', 'lebih', 'berapa', 'lama', 'jawabanya', 'menyesuaikan', 'dari', 'jam', 'sore', 'bertanya', 'bis', 'sudah', 'sampai', 'mana', 'jawabnya', 'sudah', 'sampai', 'purwokerto', 'sampai', 'jam', 'lebih', 'bertanya', 'lagi', 'bis', 'masih', 'di', 'karanglewas', 'gila', 'mana', 'tidak', 'bisa', 'pengembalian', 'dana', 'enggak', 'rekomen', 'tidak', 'ada', 'tanggung', 'jawabnya']","['kecewa', 'pelayanan', 'sinarjaya', 'terminal', 'ajibarang', 'keterlambatan', 'jam', 'jam', 'penumpang', 'harapkan', 'sinarjayanya', 'mulur', 'bikin', 'kapok', 'kalo', 'keterlambatan', 'menunggu', 'kali', 'telatnya', 'bikin', 'orang', 'darah', 'kali', 'nganter', 'sodarapun', 'berangkatnya', 'telat', 'coba', 'koreksi', 'jadwal', 'registrasi', 'masuk', 'akal', 'menunggu', 'loket', 'aneh', 'keterlambatanya', 'jawabanya', 'menyesuaikan', 'jam', 'sore', 'bis', 'purwokerto', 'jam', 'bis', 'karanglewas', 'gila', 'tidak', 'pengembalian', 'dana', 'rekomen', 'tidak', 'tanggung']",kecewa pelayanan sinarjaya terminal ajibarang keterlambatan jam jam penumpang harapkan sinarjayanya mulur bikin kapok kalo keterlambatan menunggu kali telatnya bikin orang darah kali nganter sodarapun berangkatnya telat coba koreksi jadwal registrasi masuk akal menunggu loket aneh keterlambatanya jawabanya menyesuaikan jam sore bis purwokerto jam bis karanglewas gila tidak pengembalian dana rekomen tidak tanggung,-29,negative
5,"Saya naik murni jaya ..transit di disini. Nyaman,aman,dan bersih.",Saya naik murni jaya transit di disini Nyamanamandan bersih,saya naik murni jaya transit di disini nyamanamandan bersih,saya naik murni jaya transit di disini nyamanamandan bersih,"['saya', 'naik', 'murni', 'jaya', 'transit', 'di', 'disini', 'nyamanamandan', 'bersih']","['murni', 'jaya', 'transit', 'nyamanamandan', 'bersih']",murni jaya transit nyamanamandan bersih,4,positive
5,Pasang cover jok honda mobilio,Pasang cover jok honda mobilio,pasang cover jok honda mobilio,pasang cover jok honda mobilio,"['pasang', 'cover', 'jok', 'honda', 'mobilio']","['pasang', 'cover', 'jok', 'honda', 'mobilio']",pasang cover jok honda mobilio,7,positive
5,Kurang luas,Kurang luas,kurang luas,kurang luas,"['kurang', 'luas']",['luas'],luas,3,positive
5,Moda transportasi setiap mudik,Moda transportasi setiap mudik,moda transportasi setiap mudik,moda transportasi setiap mudik,"['moda', 'transportasi', 'setiap', 'mudik']","['moda', 'transportasi', 'mudik']",moda transportasi mudik,-3,negative
4,Terminal bus ajibarang sekarang sudah tertata. Dan sudah cukup nyaman..,Terminal bus ajibarang sekarang sudah tertata Dan sudah cukup nyaman,terminal bus ajibarang sekarang sudah tertata dan sudah cukup nyaman,terminal bus ajibarang sekarang sudah tertata dan sudah cukup nyaman,"['terminal', 'bus', 'ajibarang', 'sekarang', 'sudah', 'tertata', 'dan', 'sudah', 'cukup', 'nyaman']","['terminal', 'bus', 'ajibarang', 'tertata', 'nyaman']",terminal bus ajibarang tertata nyaman,0,neutral
5,Agen bus lintas provinsi,Agen bus lintas provinsi,agen bus lintas provinsi,agen bus lintas provinsi,"['agen', 'bus', 'lintas', 'provinsi']","['agen', 'bus', 'lintas', 'provinsi']",agen bus lintas provinsi,-3,negative
5,"Terminal kecil lengkap dengan beberapa agen Po. Bus tujuan Jabodetabek, SINAR JAYA, DMI, ROSALIA INDAH, MURNI JAYA, AGRA MAS.",Terminal kecil lengkap dengan beberapa agen Po Bus tujuan Jabodetabek SINAR JAYA DMI ROSALIA INDAH MURNI JAYA AGRA MAS,terminal kecil lengkap dengan beberapa agen po bus tujuan jabodetabek sinar jaya dmi rosalia indah murni jaya agra mas,terminal kecil lengkap dengan beberapa agen po bus tujuan jabodetabek sinar jaya dmi rosalia indah murni jaya agra mas,"['terminal', 'kecil', 'lengkap', 'dengan', 'beberapa', 'agen', 'po', 'bus', 'tujuan', 'jabodetabek', 'sinar', 'jaya', 'dmi', 'rosalia', 'indah', 'murni', 'jaya', 'agra', 'mas']","['terminal', 'lengkap', 'agen', 'po', 'bus', 'tujuan', 'jabodetabek', 'sinar', 'jaya', 'dmi', 'rosalia', 'indah', 'murni', 'jaya', 'agra', 'mas']",terminal lengkap agen po bus tujuan jabodetabek sinar jaya dmi rosalia indah murni jaya agra mas,5,positive
5,"Tempatnya nyaman dan oleh- olehnya murah, dan org2 nya ramah",Tempatnya nyaman dan oleh olehnya murah dan org nya ramah,tempatnya nyaman dan oleh olehnya murah dan org nya ramah,tempatnya nyaman dan oleh olehnya murah dan orang nya ramah,"['tempatnya', 'nyaman', 'dan', 'oleh', 'olehnya', 'murah', 'dan', 'orang', 'nya', 'ramah']","['tempatnya', 'nyaman', 'murah', 'orang', 'ramah']",tempatnya nyaman murah orang ramah,7,positive
5,Terminal ajibarang ini sering kita dengar dan terkenal krn lokasi strategis banyak bus yang singgah untuk melewati jalur tersebut untuk menurunkan penumpang atau mengambil penumpang,Terminal ajibarang ini sering kita dengar dan terkenal krn lokasi strategis banyak bus yang singgah untuk melewati jalur tersebut untuk menurunkan penumpang atau mengambil penumpang,terminal ajibarang ini sering kita dengar dan terkenal krn lokasi strategis banyak bus yang singgah untuk melewati jalur tersebut untuk menurunkan penumpang atau mengambil penumpang,terminal ajibarang ini sering kita dengar dan terkenal karena lokasi strategis banyak bus yang singgah untuk melewati jalur tersebut untuk menurunkan penumpang atau mengambil penumpang,"['terminal', 'ajibarang', 'ini', 'sering', 'kita', 'dengar', 'dan', 'terkenal', 'karena', 'lokasi', 'strategis', 'banyak', 'bus', 'yang', 'singgah', 'untuk', 'melewati', 'jalur', 'tersebut', 'untuk', 'menurunkan', 'penumpang', 'atau', 'mengambil', 'penumpang']","['terminal', 'ajibarang', 'dengar', 'terkenal', 'lokasi', 'strategis', 'bus', 'singgah', 'melewati', 'jalur', 'menurunkan', 'penumpang', 'mengambil', 'penumpang']",terminal ajibarang dengar terkenal lokasi strategis bus singgah melewati jalur menurunkan penumpang mengambil penumpang,-10,negative
4,Mayan enak,Mayan enak,mayan enak,lumayan enak,"['lumayan', 'enak']","['lumayan', 'enak']",lumayan enak,0,neutral
5,Sangat membantu,Sangat membantu,sangat membantu,sangat membantu,"['sangat', 'membantu']",['membantu'],membantu,4,positive
4,Nyaman ga ada calo,Nyaman ga ada calo,nyaman ga ada calo,nyaman enggak ada calo,"['nyaman', 'enggak', 'ada', 'calo']","['nyaman', 'calo']",nyaman calo,4,positive
5,Bagus,Bagus,bagus,bagus,['bagus'],['bagus'],bagus,2,positive
5,Sekarang lebih teratur,Sekarang lebih teratur,sekarang lebih teratur,sekarang lebih teratur,"['sekarang', 'lebih', 'teratur']",['teratur'],teratur,0,neutral
5,Memuaskan belanja disini bisa online lagi 🥰,Memuaskan belanja disini bisa online lagi,memuaskan belanja disini bisa online lagi,memuaskan belanja disini bisa online lagi,"['memuaskan', 'belanja', 'disini', 'bisa', 'online', 'lagi']","['memuaskan', 'belanja', 'online']",memuaskan belanja online,2,positive
5,Sangat membantu,Sangat membantu,sangat membantu,sangat membantu,"['sangat', 'membantu']",['membantu'],membantu,4,positive
5,Tempat dimana sya pertama kali naik bis ke jakarta.skrg gak seramai dlu krn skrg hnya ada bus AKAP klo dlu kan bus yg ke arah pwt ato majenang jg ada dsni jdi ramai ni trminal.skrg jauhhh bgt suasana nya di banding dlu.tpi di balik itu smua ttep jdi tmpt yg favorit ketika sy pulkam pke bus sinjay.semoga kedepan nya terminal ajibarang akan kembali rame kembali rapi dan tertata.,Tempat dimana sya pertama kali naik bis ke jakartaskrg gak seramai dlu krn skrg hnya ada bus AKAP klo dlu kan bus yg ke arah pwt ato majenang jg ada dsni jdi ramai ni trminalskrg jauhhh bgt suasana nya di banding dlutpi di balik itu smua ttep jdi tmpt yg favorit ketika sy pulkam pke bus sinjaysemoga kedepan nya terminal ajibarang akan kembali rame kembali rapi dan tertata,tempat dimana sya pertama kali naik bis ke jakartaskrg gak seramai dlu krn skrg hnya ada bus akap klo dlu kan bus yg ke arah pwt ato majenang jg ada dsni jdi ramai ni trminalskrg jauhhh bgt suasana nya di banding dlutpi di balik itu smua ttep jdi tmpt yg favorit ketika sy pulkam pke bus sinjaysemoga kedepan nya terminal ajibarang akan kembali rame kembali rapi dan tertata,tempat dimana saya pertama kali naik bis ke jakartaskrg enggak seramai dulu karena sekarang hanya ada bus akap kalo dulu kan bus yang ke arah pwt atau majenang juga ada disini jadi ramai nih trminalskrg jauh banget suasana nya di banding dlutpi di balik itu semua tetap jadi tempat yang favorit ketika saya pulkam pakai bus sinjaysemoga kedepan nya terminal ajibarang akan kembali rame kembali rapi dan tertata,"['tempat', 'dimana', 'saya', 'pertama', 'kali', 'naik', 'bis', 'ke', 'jakartaskrg', 'enggak', 'seramai', 'dulu', 'karena', 'sekarang', 'hanya', 'ada', 'bus', 'akap', 'kalo', 'dulu', 'kan', 'bus', 'yang', 'ke', 'arah', 'pwt', 'atau', 'majenang', 'juga', 'ada', 'disini', 'jadi', 'ramai', 'nih', 'trminalskrg', 'jauh', 'banget', 'suasana', 'nya', 'di', 'banding', 'dlutpi', 'di', 'balik', 'itu', 'semua', 'tetap', 'jadi', 'tempat', 'yang', 'favorit', 'ketika', 'saya', 'pulkam', 'pakai', 'bus', 'sinjaysemoga', 'kedepan', 'nya', 'terminal', 'ajibarang', 'akan', 'kembali', 'rame', 'kembali', 'rapi', 'dan', 'tertata']","['dimana', 'kali', 'bis', 'jakartaskrg', 'seramai', 'bus', 'akap', 'kalo', 'bus', 'arah', 'pwt', 'majenang', 'ramai', 'nih', 'trminalskrg', 'banget', 'suasana', 'banding', 'dlutpi', 'favorit', 'pulkam', 'pakai', 'bus', 'sinjaysemoga', 'kedepan', 'terminal', 'ajibarang', 'rame', 'rapi', 'tertata']",dimana kali bis jakartaskrg seramai bus akap kalo bus arah pwt majenang ramai nih trminalskrg banget suasana banding dlutpi favorit pulkam pakai bus sinjaysemoga kedepan terminal ajibarang rame rapi tertata,-5,negative
5,"Terminal bus antar kota, yg luas",Terminal bus antar kota yg luas,terminal bus antar kota yg luas,terminal bus antar kota yang luas,"['terminal', 'bus', 'antar', 'kota', 'yang', 'luas']","['terminal', 'bus', 'kota', 'luas']",terminal bus kota luas,-1,negative
5,Kecil tapi indah,Kecil tapi indah,kecil tapi indah,kecil tapi indah,"['kecil', 'tapi', 'indah']",['indah'],indah,1,positive
5,"Tempat nyaman, cukup bersih,",Tempat nyaman cukup bersih,tempat nyaman cukup bersih,tempat nyaman cukup bersih,"['tempat', 'nyaman', 'cukup', 'bersih']","['nyaman', 'bersih']",nyaman bersih,4,positive
2,"Tidak ada fasilitas umum yg non berbayar seperti toilet dan tempat cuci tangan,  yg ada hanya kang retribusi parkir",Tidak ada fasilitas umum yg non berbayar seperti toilet dan tempat cuci tangan  yg ada hanya kang retribusi parkir,tidak ada fasilitas umum yg non berbayar seperti toilet dan tempat cuci tangan  yg ada hanya kang retribusi parkir,tidak ada fasilitas umum yang non berbayar seperti toilet dan tempat cuci tangan yang ada hanya kang retribusi parkir,"['tidak', 'ada', 'fasilitas', 'umum', 'yang', 'non', 'berbayar', 'seperti', 'toilet', 'dan', 'tempat', 'cuci', 'tangan', 'yang', 'ada', 'hanya', 'kang', 'retribusi', 'parkir']","['tidak', 'fasilitas', 'non', 'berbayar', 'toilet', 'cuci', 'tangan', 'kang', 'retribusi', 'parkir']",tidak fasilitas non berbayar toilet cuci tangan kang retribusi parkir,-8,negative
4,Aman dan nyaman,Aman dan nyaman,aman dan nyaman,aman dan nyaman,"['aman', 'dan', 'nyaman']","['aman', 'nyaman']",aman nyaman,4,positive
5,Terminal yang cocok nyaman,Terminal yang cocok nyaman,terminal yang cocok nyaman,terminal yang cocok nyaman,"['terminal', 'yang', 'cocok', 'nyaman']","['terminal', 'cocok', 'nyaman']",terminal cocok nyaman,5,positive
5,Sudah ada transbanyumas lebih efisien,Sudah ada transbanyumas lebih efisien,sudah ada transbanyumas lebih efisien,sudah ada transbanyumas lebih efisien,"['sudah', 'ada', 'transbanyumas', 'lebih', 'efisien']","['transbanyumas', 'efisien']",transbanyumas efisien,4,positive
1,Perkebunan,Perkebunan,perkebunan,perkebunan,['perkebunan'],['perkebunan'],perkebunan,0,neutral
5,Ramai selalu,Ramai selalu,ramai selalu,ramai selalu,"['ramai', 'selalu']",['ramai'],ramai,-2,negative
5,Mantap nih pantainya,Mantap nih pantainya,mantap nih pantainya,mantap nih pantainya,"['mantap', 'nih', 'pantainya']","['mantap', 'nih', 'pantainya']",mantap nih pantainya,5,positive
5,Waw,Waw,waw,wow,['wow'],['wow'],wow,0,neutral
5,Rame lancar,Rame lancar,rame lancar,rame lancar,"['rame', 'lancar']","['rame', 'lancar']",rame lancar,2,positive
5,"Bagus dan rame,agen bus nya juga ramah😊",Bagus dan rameagen bus nya juga ramah,bagus dan rameagen bus nya juga ramah,bagus dan rameagen bus nya juga ramah,"['bagus', 'dan', 'rameagen', 'bus', 'nya', 'juga', 'ramah']","['bagus', 'rameagen', 'bus', 'ramah']",bagus rameagen bus ramah,4,positive
1,Lumayan bagus,Lumayan bagus,lumayan bagus,lumayan bagus,"['lumayan', 'bagus']","['lumayan', 'bagus']",lumayan bagus,1,positive
4,Sayang sekali di terminal Ajibarang sudah malam (20.00 - 20.30) & sudah sepi.,Sayang sekali di terminal Ajibarang sudah malam     sudah sepi,sayang sekali di terminal ajibarang sudah malam     sudah sepi,sayang sekali di terminal ajibarang sudah malam sudah sepi,"['sayang', 'sekali', 'di', 'terminal', 'ajibarang', 'sudah', 'malam', 'sudah', 'sepi']","['sayang', 'terminal', 'ajibarang', 'malam', 'sepi']",sayang terminal ajibarang malam sepi,-7,negative
5,"Sekarang untuk masuk terminal di kenakan retribusi roda 2 2k..sepi sekarang,kasian..padahal sudah lebih rapi..",Sekarang untuk masuk terminal di kenakan retribusi roda  ksepi sekarangkasianpadahal sudah lebih rapi,sekarang untuk masuk terminal di kenakan retribusi roda  ksepi sekarangkasianpadahal sudah lebih rapi,sekarang untuk masuk terminal di kenakan retribusi roda ksepi sekarangkasianpadahal sudah lebih rapi,"['sekarang', 'untuk', 'masuk', 'terminal', 'di', 'kenakan', 'retribusi', 'roda', 'ksepi', 'sekarangkasianpadahal', 'sudah', 'lebih', 'rapi']","['masuk', 'terminal', 'kenakan', 'retribusi', 'roda', 'ksepi', 'sekarangkasianpadahal', 'rapi']",masuk terminal kenakan retribusi roda ksepi sekarangkasianpadahal rapi,-10,negative
4,Datang malam hari saat sudah sepi. Tak bisa komentar,Datang malam hari saat sudah sepi Tak bisa komentar,datang malam hari saat sudah sepi tak bisa komentar,datang malam hari saat sudah sepi tak bisa komentar,"['datang', 'malam', 'hari', 'saat', 'sudah', 'sepi', 'tak', 'bisa', 'komentar']","['malam', 'sepi', 'tak', 'komentar']",malam sepi tak komentar,-4,negative
5,"Bersih rapi, pemandangan belakang terminal lewat mushola bagus bgt waktu sore",Bersih rapi pemandangan belakang terminal lewat mushola bagus bgt waktu sore,bersih rapi pemandangan belakang terminal lewat mushola bagus bgt waktu sore,bersih rapi pemandangan belakang terminal lewat mushola bagus banget waktu sore,"['bersih', 'rapi', 'pemandangan', 'belakang', 'terminal', 'lewat', 'mushola', 'bagus', 'banget', 'waktu', 'sore']","['bersih', 'rapi', 'pemandangan', 'terminal', 'mushola', 'bagus', 'banget', 'sore']",bersih rapi pemandangan terminal mushola bagus banget sore,1,positive
5,Teriminal nya angkutan kota dan provinsi di ajibarang,Teriminal nya angkutan kota dan provinsi di ajibarang,teriminal nya angkutan kota dan provinsi di ajibarang,teriminal nya angkutan kota dan provinsi di ajibarang,"['teriminal', 'nya', 'angkutan', 'kota', 'dan', 'provinsi', 'di', 'ajibarang']","['teriminal', 'angkutan', 'kota', 'provinsi', 'ajibarang']",teriminal angkutan kota provinsi ajibarang,-1,negative
4,"Tempat nya enak klo malem hari, gk terlalu padet..",Tempat nya enak klo malem hari gk terlalu padet,tempat nya enak klo malem hari gk terlalu padet,tempat nya enak kalo malam hari enggak terlalu padat,"['tempat', 'nya', 'enak', 'kalo', 'malam', 'hari', 'enggak', 'terlalu', 'padat']","['enak', 'kalo', 'malam', 'padat']",enak kalo malam padat,0,neutral
5,Mampir sedela,Mampir sedela,mampir sedela,mampir sedela,"['mampir', 'sedela']","['mampir', 'sedela']",mampir sedela,-1,negative
5,"PemKab Banyumas perlu merehabilitasi terminal sebagai pengelola, Terminal Type-C yang agak memprihatinkan ini, semoga kedepan nya lebih baik lagi",PemKab Banyumas perlu merehabilitasi terminal sebagai pengelola Terminal TypeC yang agak memprihatinkan ini semoga kedepan nya lebih baik lagi,pemkab banyumas perlu merehabilitasi terminal sebagai pengelola terminal typec yang agak memprihatinkan ini semoga kedepan nya lebih baik lagi,pemkab banyumas perlu merehabilitasi terminal sebagai pengelola terminal typec yang agak memprihatinkan ini semoga kedepan nya lebih baik lagi,"['pemkab', 'banyumas', 'perlu', 'merehabilitasi', 'terminal', 'sebagai', 'pengelola', 'terminal', 'typec', 'yang', 'agak', 'memprihatinkan', 'ini', 'semoga', 'kedepan', 'nya', 'lebih', 'baik', 'lagi']","['pemkab', 'banyumas', 'merehabilitasi', 'terminal', 'pengelola', 'terminal', 'typec', 'memprihatinkan', 'semoga', 'kedepan']",pemkab banyumas merehabilitasi terminal pengelola terminal typec memprihatinkan semoga kedepan,-6,negative
5,great,great,great,great,['great'],['great'],great,3,positive
5,agen KKA Ajibarang,agen KKA Ajibarang,agen kka ajibarang,agen kakak ajibarang,"['agen', 'kakak', 'ajibarang']","['agen', 'kakak', 'ajibarang']",agen kakak ajibarang,-3,negative
5,Terminal Ajibarang bertempat di sebrang ps.ajibarang.. terminal luas parkir mobil motor pribadi pun ada. Ada oleh² jugaa dikantin sebelah kiri ujung toilet ya gess... Baru 5hri yg lalu saya berkunjung ke Terminal tersebut membeli oleh² untuk dibawa ke Tangerang... See u next time Ajibarang..,Terminal Ajibarang bertempat di sebrang psajibarang terminal luas parkir mobil motor pribadi pun ada Ada oleh² jugaa dikantin sebelah kiri ujung toilet ya gess Baru hri yg lalu saya berkunjung ke Terminal tersebut membeli oleh² untuk dibawa ke Tangerang See u next time Ajibarang,terminal ajibarang bertempat di sebrang psajibarang terminal luas parkir mobil motor pribadi pun ada ada oleh² jugaa dikantin sebelah kiri ujung toilet ya gess baru hri yg lalu saya berkunjung ke terminal tersebut membeli oleh² untuk dibawa ke tangerang see u next time ajibarang,terminal ajibarang bertempat di sebrang psajibarang terminal luas parkir mobil motor pribadi pun ada ada oleh² juga dikantin sebelah kiri ujung toilet ya gess baru hari yang lalu saya berkunjung ke terminal tersebut membeli oleh² untuk dibawa ke tangerang sih lu next waktu ajibarang,"['terminal', 'ajibarang', 'bertempat', 'di', 'sebrang', 'psajibarang', 'terminal', 'luas', 'parkir', 'mobil', 'motor', 'pribadi', 'pun', 'ada', 'ada', 'oleh²', 'juga', 'dikantin', 'sebelah', 'kiri', 'ujung', 'toilet', 'ya', 'gess', 'baru', 'hari', 'yang', 'lalu', 'saya', 'berkunjung', 'ke', 'terminal', 'tersebut', 'membeli', 'oleh²', 'untuk', 'dibawa', 'ke', 'tangerang', 'sih', 'lu', 'next', 'waktu', 'ajibarang']","['terminal', 'ajibarang', 'bertempat', 'sebrang', 'psajibarang', 'terminal', 'luas', 'parkir', 'mobil', 'motor', 'pribadi', 'oleh²', 'dikantin', 'sebelah', 'kiri', 'ujung', 'toilet', 'gess', 'berkunjung', 'terminal', 'membeli', 'oleh²', 'dibawa', 'tangerang', 'lu', 'next', 'ajibarang']",terminal ajibarang bertempat sebrang psajibarang terminal luas parkir mobil motor pribadi oleh² dikantin sebelah kiri ujung toilet gess berkunjung terminal membeli oleh² dibawa tangerang lu next ajibarang,-21,negative
4,Ramah Dan sopan pegawainya,Ramah Dan sopan pegawainya,ramah dan sopan pegawainya,ramah dan sopan pegawainya,"['ramah', 'dan', 'sopan', 'pegawainya']","['ramah', 'sopan', 'pegawainya']",ramah sopan pegawainya,2,positive
5,Untuk pulang dan pergi lagi...,Untuk pulang dan pergi lagi,untuk pulang dan pergi lagi,untuk pulang dan pergi lagi,"['untuk', 'pulang', 'dan', 'pergi', 'lagi']","['pulang', 'pergi']",pulang pergi,-2,negative
4,Fasilitas,Fasilitas,fasilitas,fasilitas,['fasilitas'],['fasilitas'],fasilitas,-2,negative
5,Tempat check point,Tempat check point,tempat check point,tempat check poin,"['tempat', 'check', 'poin']","['check', 'poin']",check poin,3,positive
4,"Menurut,coba d perbaiki lagi biar luas ada penattan lah..",Menurutcoba d perbaiki lagi biar luas ada penattan lah,menurutcoba d perbaiki lagi biar luas ada penattan lah,menurutcoba di perbaiki lagi biar luas ada penattan lah,"['menurutcoba', 'di', 'perbaiki', 'lagi', 'biar', 'luas', 'ada', 'penattan', 'lah']","['menurutcoba', 'perbaiki', 'biar', 'luas', 'penattan']",menurutcoba perbaiki biar luas penattan,-2,negative
5,"Tempat di mana saya dulu bertumbuh mencari jatidiri,, sekarang tinggal kenangan to ada sebagian temen2 yg masih aktif di terminal mencari rejeki",Tempat di mana saya dulu bertumbuh mencari jatidiri sekarang tinggal kenangan to ada sebagian temen yg masih aktif di terminal mencari rejeki,tempat di mana saya dulu bertumbuh mencari jatidiri sekarang tinggal kenangan to ada sebagian temen yg masih aktif di terminal mencari rejeki,tempat di mana saya dulu bertumbuh mencari jatidiri sekarang tinggal kenangan tapi ada sebagian teman yang masih aktif di terminal mencari rejeki,"['tempat', 'di', 'mana', 'saya', 'dulu', 'bertumbuh', 'mencari', 'jatidiri', 'sekarang', 'tinggal', 'kenangan', 'tapi', 'ada', 'sebagian', 'teman', 'yang', 'masih', 'aktif', 'di', 'terminal', 'mencari', 'rejeki']","['bertumbuh', 'mencari', 'jatidiri', 'tinggal', 'kenangan', 'teman', 'aktif', 'terminal', 'mencari', 'rejeki']",bertumbuh mencari jatidiri tinggal kenangan teman aktif terminal mencari rejeki,-5,negative
4,Enak mau beli oleh2 jga ada,Enak mau beli oleh jga ada,enak mau beli oleh jga ada,enak mau beli oleh juga ada,"['enak', 'mau', 'beli', 'oleh', 'juga', 'ada']","['enak', 'beli']",enak beli,0,neutral
4,"Seperti terminal lainnya,,  tapi masih mendingan di banding terminal bubulak bogor,,,",Seperti terminal lainnya  tapi masih mendingan di banding terminal bubulak bogor,seperti terminal lainnya  tapi masih mendingan di banding terminal bubulak bogor,seperti terminal lainnya tapi masih mendingan di banding terminal bubulak bogor,"['seperti', 'terminal', 'lainnya', 'tapi', 'masih', 'mendingan', 'di', 'banding', 'terminal', 'bubulak', 'bogor']","['terminal', 'mendingan', 'banding', 'terminal', 'bubulak', 'bogor']",terminal mendingan banding terminal bubulak bogor,-9,negative
5,Good,Good,good,good,['good'],['good'],good,5,positive
5,"Tempat nyaman,,tempat parkir luas,,banyak kuliner lokal",Tempat nyamantempat parkir luasbanyak kuliner lokal,tempat nyamantempat parkir luasbanyak kuliner lokal,tempat nyamantempat parkir luasbanyak kuliner lokal,"['tempat', 'nyamantempat', 'parkir', 'luasbanyak', 'kuliner', 'lokal']","['nyamantempat', 'parkir', 'luasbanyak', 'kuliner', 'lokal']",nyamantempat parkir luasbanyak kuliner lokal,1,positive
5,Terminal kecil dengan sejuta kenangan,Terminal kecil dengan sejuta kenangan,terminal kecil dengan sejuta kenangan,terminal kecil dengan sejuta kenangan,"['terminal', 'kecil', 'dengan', 'sejuta', 'kenangan']","['terminal', 'sejuta', 'kenangan']",terminal sejuta kenangan,0,neutral
5,"Aman, tertib dan penuh kenangan",Aman tertib dan penuh kenangan,aman tertib dan penuh kenangan,aman tertib dan penuh kenangan,"['aman', 'tertib', 'dan', 'penuh', 'kenangan']","['aman', 'tertib', 'penuh', 'kenangan']",aman tertib penuh kenangan,5,positive
5,Good jobs,Good jobs,good jobs,good jobs,"['good', 'jobs']","['good', 'jobs']",good jobs,5,positive
5,Lumayan,Lumayan,lumayan,lumayan,['lumayan'],['lumayan'],lumayan,-1,negative
5,Lumayan,Lumayan,lumayan,lumayan,['lumayan'],['lumayan'],lumayan,-1,negative
5,"Nice, armada mencukupi, pelayanan agen ramah , good luck sinjay Ajibarang  #busmania",Nice armada mencukupi pelayanan agen ramah  good luck sinjay Ajibarang,nice armada mencukupi pelayanan agen ramah  good luck sinjay ajibarang,nice armada mencukupi pelayanan agen ramah good luck sinjay ajibarang,"['nice', 'armada', 'mencukupi', 'pelayanan', 'agen', 'ramah', 'good', 'luck', 'sinjay', 'ajibarang']","['nice', 'armada', 'mencukupi', 'pelayanan', 'agen', 'ramah', 'good', 'luck', 'sinjay', 'ajibarang']",nice armada mencukupi pelayanan agen ramah good luck sinjay ajibarang,7,positive
5,"Tempat yg bagus,nyaman dan aman",Tempat yg bagusnyaman dan aman,tempat yg bagusnyaman dan aman,tempat yang bagusnyaman dan aman,"['tempat', 'yang', 'bagusnyaman', 'dan', 'aman']","['bagusnyaman', 'aman']",bagusnyaman aman,0,neutral
4,"Terminal Bus Ajibarang adalah tempat Transit dari Bis Bis AKAP, bis luar kota dari arah selatan seperti Cilacap, Purwokerto, Jogja, dll ... Terminalnya tidak terlalu besar tetapi cukup ramai ... Banyak warung yang menyajikan Snack dan makanan berat untuk persiapan keberangkatan ke luar kota ...",Terminal Bus Ajibarang adalah tempat Transit dari Bis Bis AKAP bis luar kota dari arah selatan seperti Cilacap Purwokerto Jogja dll  Terminalnya tidak terlalu besar tetapi cukup ramai  Banyak warung yang menyajikan Snack dan makanan berat untuk persiapan keberangkatan ke luar kota,terminal bus ajibarang adalah tempat transit dari bis bis akap bis luar kota dari arah selatan seperti cilacap purwokerto jogja dll  terminalnya tidak terlalu besar tetapi cukup ramai  banyak warung yang menyajikan snack dan makanan berat untuk persiapan keberangkatan ke luar kota,terminal bus ajibarang adalah tempat transit dari bis bis akap bis luar kota dari arah selatan seperti cilacap purwokerto jogja dll terminalnya tidak terlalu besar tetapi cukup ramai banyak warung yang menyajikan snack dan makanan berat untuk persiapan keberangkatan ke luar kota,"['terminal', 'bus', 'ajibarang', 'adalah', 'tempat', 'transit', 'dari', 'bis', 'bis', 'akap', 'bis', 'luar', 'kota', 'dari', 'arah', 'selatan', 'seperti', 'cilacap', 'purwokerto', 'jogja', 'dll', 'terminalnya', 'tidak', 'terlalu', 'besar', 'tetapi', 'cukup', 'ramai', 'banyak', 'warung', 'yang', 'menyajikan', 'snack', 'dan', 'makanan', 'berat', 'untuk', 'persiapan', 'keberangkatan', 'ke', 'luar', 'kota']","['terminal', 'bus', 'ajibarang', 'transit', 'bis', 'bis', 'akap', 'bis', 'kota', 'arah', 'selatan', 'cilacap', 'purwokerto', 'jogja', 'dll', 'terminalnya', 'tidak', 'ramai', 'warung', 'menyajikan', 'snack', 'makanan', 'berat', 'persiapan', 'keberangkatan', 'kota']",terminal bus ajibarang transit bis bis akap bis kota arah selatan cilacap purwokerto jogja dll terminalnya tidak ramai warung menyajikan snack makanan berat persiapan keberangkatan kota,-10,negative
5,"Terminal bus trans Banyumas, jarak ke tempat wisata Baturraden hanya 15 menit berjalan kaki atau bisa juga naik angkot kalau males jalan kaki",Terminal bus trans Banyumas jarak ke tempat wisata Baturraden hanya  menit berjalan kaki atau bisa juga naik angkot kalau males jalan kaki,terminal bus trans banyumas jarak ke tempat wisata baturraden hanya  menit berjalan kaki atau bisa juga naik angkot kalau males jalan kaki,terminal bus trans banyumas jarak ke tempat wisata baturraden hanya menit berjalan kaki atau bisa juga naik angkot kalau malas jalan kaki,"['terminal', 'bus', 'trans', 'banyumas', 'jarak', 'ke', 'tempat', 'wisata', 'baturraden', 'hanya', 'menit', 'berjalan', 'kaki', 'atau', 'bisa', 'juga', 'naik', 'angkot', 'kalau', 'malas', 'jalan', 'kaki']","['terminal', 'bus', 'trans', 'banyumas', 'jarak', 'wisata', 'baturraden', 'menit', 'berjalan', 'kaki', 'angkot', 'malas', 'jalan', 'kaki']",terminal bus trans banyumas jarak wisata baturraden menit berjalan kaki angkot malas jalan kaki,-8,negative
5,Mantap,Mantap,mantap,mantap,['mantap'],['mantap'],mantap,5,positive
5,Bersih dan rapi,Bersih dan rapi,bersih dan rapi,bersih dan rapi,"['bersih', 'dan', 'rapi']","['bersih', 'rapi']",bersih rapi,1,positive
5,Keren,Keren,keren,keren,['keren'],['keren'],keren,0,neutral
5,Tempat wisata favorit,Tempat wisata favorit,tempat wisata favorit,tempat wisata favorit,"['tempat', 'wisata', 'favorit']","['wisata', 'favorit']",wisata favorit,0,neutral
2,"Sebenernya oke banget sih ini karna ada trans banyumaas nya, hanya saja sayang banget supir angkot yang kurang tertib getok harga di tengah perjalanan juga terkesan maksa dengan nada tinggi bikin gak oke sama sekali 🙏",Sebenernya oke banget sih ini karna ada trans banyumaas nya hanya saja sayang banget supir angkot yang kurang tertib getok harga di tengah perjalanan juga terkesan maksa dengan nada tinggi bikin gak oke sama sekali,sebenernya oke banget sih ini karna ada trans banyumaas nya hanya saja sayang banget supir angkot yang kurang tertib getok harga di tengah perjalanan juga terkesan maksa dengan nada tinggi bikin gak oke sama sekali,sebenarnya oke  sekali sih ini karena ada trans banyumaas nya hanya saja sayang  sekali supir angkot yang kurang tertib getok harga di tengah perjalanan juga terkesan maksa dengan nada tinggi bikin enggak oke sama sekali,"['sebenarnya', 'oke', 'sekali', 'sih', 'ini', 'karena', 'ada', 'trans', 'banyumaas', 'nya', 'hanya', 'saja', 'sayang', 'sekali', 'supir', 'angkot', 'yang', 'kurang', 'tertib', 'getok', 'harga', 'di', 'tengah', 'perjalanan', 'juga', 'terkesan', 'maksa', 'dengan', 'nada', 'tinggi', 'bikin', 'enggak', 'oke', 'sama', 'sekali']","['oke', 'trans', 'banyumaas', 'sayang', 'supir', 'angkot', 'tertib', 'getok', 'harga', 'perjalanan', 'terkesan', 'maksa', 'nada', 'bikin', 'oke']",oke trans banyumaas sayang supir angkot tertib getok harga perjalanan terkesan maksa nada bikin oke,5,positive
5,Rumah nyaman dan menyenangkan,Rumah nyaman dan menyenangkan,rumah nyaman dan menyenangkan,rumah nyaman dan menyenangkan,"['rumah', 'nyaman', 'dan', 'menyenangkan']","['rumah', 'nyaman', 'menyenangkan']",rumah nyaman menyenangkan,8,positive
5,Bersih.....,Bersih,bersih,bersih,['bersih'],['bersih'],bersih,0,neutral
4,"Terminalnya sepi, untuk fasilitas umumnya masih kurang... Banyak pedagang oleh oleh, warung disini rata rata bukanya siang & untuk tempat makan cuma ada beberapa itupun warteg. Hanya melayani angkotan desa/umum & bus trans banyumas",Terminalnya sepi untuk fasilitas umumnya masih kurang Banyak pedagang oleh oleh warung disini rata rata bukanya siang  untuk tempat makan cuma ada beberapa itupun warteg Hanya melayani angkotan desaumum  bus trans banyumas,terminalnya sepi untuk fasilitas umumnya masih kurang banyak pedagang oleh oleh warung disini rata rata bukanya siang  untuk tempat makan cuma ada beberapa itupun warteg hanya melayani angkotan desaumum  bus trans banyumas,terminalnya sepi untuk fasilitas umumnya masih kurang banyak pedagang oleh oleh warung disini rata rata bukanya siang untuk tempat makan cuma ada beberapa itupun warteg hanya melayani angkotan desaumum bus trans banyumas,"['terminalnya', 'sepi', 'untuk', 'fasilitas', 'umumnya', 'masih', 'kurang', 'banyak', 'pedagang', 'oleh', 'oleh', 'warung', 'disini', 'rata', 'rata', 'bukanya', 'siang', 'untuk', 'tempat', 'makan', 'cuma', 'ada', 'beberapa', 'itupun', 'warteg', 'hanya', 'melayani', 'angkotan', 'desaumum', 'bus', 'trans', 'banyumas']","['terminalnya', 'sepi', 'fasilitas', 'pedagang', 'warung', 'bukanya', 'siang', 'makan', 'itupun', 'warteg', 'melayani', 'angkotan', 'desaumum', 'bus', 'trans', 'banyumas']",terminalnya sepi fasilitas pedagang warung bukanya siang makan itupun warteg melayani angkotan desaumum bus trans banyumas,-7,negative
5,"sejuk ..
deket dengan taman wisata baturaden",sejuk  deket dengan taman wisata baturaden,sejuk  deket dengan taman wisata baturaden,sejuk dekat dengan taman wisata baturaden,"['sejuk', 'dekat', 'dengan', 'taman', 'wisata', 'baturaden']","['sejuk', 'taman', 'wisata', 'baturaden']",sejuk taman wisata baturaden,1,positive
5,kaya pukimay,kaya pukimay,kaya pukimay,kayak pukimay,"['kayak', 'pukimay']","['kayak', 'pukimay']",kayak pukimay,-3,negative
5,"Belanja pakaian, accesories,pulsa,top up, transfer,nyalon..komplit...harga murah tp bagus sesuai harga.pelayanan ramah.",Belanja pakaian accesoriespulsatop up transfernyalonkomplitharga murah tp bagus sesuai hargapelayanan ramah,belanja pakaian accesoriespulsatop up transfernyalonkomplitharga murah tp bagus sesuai hargapelayanan ramah,belanja pakaian accesoriespulsatop up transfernyalonkomplitharga murah tapi bagus sesuai hargapelayanan ramah,"['belanja', 'pakaian', 'accesoriespulsatop', 'up', 'transfernyalonkomplitharga', 'murah', 'tapi', 'bagus', 'sesuai', 'hargapelayanan', 'ramah']","['belanja', 'pakaian', 'accesoriespulsatop', 'transfernyalonkomplitharga', 'murah', 'bagus', 'sesuai', 'hargapelayanan', 'ramah']",belanja pakaian accesoriespulsatop transfernyalonkomplitharga murah bagus sesuai hargapelayanan ramah,10,positive
5,Terminal yang relatif nyaman dan tidak terlalu ramai 🥰,Terminal yang relatif nyaman dan tidak terlalu ramai,terminal yang relatif nyaman dan tidak terlalu ramai,terminal yang relatif nyaman dan tidak terlalu ramai,"['terminal', 'yang', 'relatif', 'nyaman', 'dan', 'tidak', 'terlalu', 'ramai']","['terminal', 'relatif', 'nyaman', 'tidak', 'ramai']",terminal relatif nyaman tidak ramai,-6,negative
4,"Keren banget bisa ke Baturraden naik transum, semoga sih semua kota2 / wisata di Indonesia bisa mencontoh ini.",Keren banget bisa ke Baturraden naik transum semoga sih semua kota  wisata di Indonesia bisa mencontoh ini,keren banget bisa ke baturraden naik transum semoga sih semua kota  wisata di indonesia bisa mencontoh ini,keren  sekali bisa ke baturraden naik transum semoga sih semua kota wisata di indonesia bisa mencontoh ini,"['keren', 'sekali', 'bisa', 'ke', 'baturraden', 'naik', 'transum', 'semoga', 'sih', 'semua', 'kota', 'wisata', 'di', 'indonesia', 'bisa', 'mencontoh', 'ini']","['keren', 'baturraden', 'transum', 'semoga', 'kota', 'wisata', 'indonesia', 'mencontoh']",keren baturraden transum semoga kota wisata indonesia mencontoh,3,positive
5,Tempatnya lumayan luas. Ada angkot yang bisa dicharter ke arah pintu masuk wisata baturraden dan tempat pemberhentian bus trans banyumas,Tempatnya lumayan luas Ada angkot yang bisa dicharter ke arah pintu masuk wisata baturraden dan tempat pemberhentian bus trans banyumas,tempatnya lumayan luas ada angkot yang bisa dicharter ke arah pintu masuk wisata baturraden dan tempat pemberhentian bus trans banyumas,tempatnya lumayan luas ada angkot yang bisa dicharter ke arah pintu masuk wisata baturraden dan tempat pemberhentian bus trans banyumas,"['tempatnya', 'lumayan', 'luas', 'ada', 'angkot', 'yang', 'bisa', 'dicharter', 'ke', 'arah', 'pintu', 'masuk', 'wisata', 'baturraden', 'dan', 'tempat', 'pemberhentian', 'bus', 'trans', 'banyumas']","['tempatnya', 'lumayan', 'luas', 'angkot', 'dicharter', 'arah', 'pintu', 'masuk', 'wisata', 'baturraden', 'pemberhentian', 'bus', 'trans', 'banyumas']",tempatnya lumayan luas angkot dicharter arah pintu masuk wisata baturraden pemberhentian bus trans banyumas,-5,negative
5,wah bagus teman bus nya seru dan nyaman,wah bagus teman bus nya seru dan nyaman,wah bagus teman bus nya seru dan nyaman,wah bagus teman bus nya seru dan nyaman,"['wah', 'bagus', 'teman', 'bus', 'nya', 'seru', 'dan', 'nyaman']","['bagus', 'teman', 'bus', 'seru', 'nyaman']",bagus teman bus seru nyaman,6,positive
5,Terminal baturaden di atas sendiri. turun bus bisa menikmati wisata di seitaran baturaden banyak fila dan tempat wisata,Terminal baturaden di atas sendiri turun bus bisa menikmati wisata di seitaran baturaden banyak fila dan tempat wisata,terminal baturaden di atas sendiri turun bus bisa menikmati wisata di seitaran baturaden banyak fila dan tempat wisata,terminal baturaden di atas sendiri turun bus bisa menikmati wisata di seitaran baturaden banyak fila dan tempat wisata,"['terminal', 'baturaden', 'di', 'atas', 'sendiri', 'turun', 'bus', 'bisa', 'menikmati', 'wisata', 'di', 'seitaran', 'baturaden', 'banyak', 'fila', 'dan', 'tempat', 'wisata']","['terminal', 'baturaden', 'turun', 'bus', 'menikmati', 'wisata', 'seitaran', 'baturaden', 'fila', 'wisata']",terminal baturaden turun bus menikmati wisata seitaran baturaden fila wisata,-8,negative
5,Parkir disini..tdk mampir,Parkir disinitdk mampir,parkir disinitdk mampir,parkir disinitdk mampir,"['parkir', 'disinitdk', 'mampir']","['parkir', 'disinitdk', 'mampir']",parkir disinitdk mampir,0,neutral
5,"Setelah sekian tahun, menyenangkan bisa balik lagi ke Baturraden.. manstaabb... 👍",Setelah sekian tahun menyenangkan bisa balik lagi ke Baturraden manstaabb,setelah sekian tahun menyenangkan bisa balik lagi ke baturraden manstaabb,setelah sekian tahun menyenangkan bisa balik lagi ke baturraden manstaabb,"['setelah', 'sekian', 'tahun', 'menyenangkan', 'bisa', 'balik', 'lagi', 'ke', 'baturraden', 'manstaabb']","['sekian', 'menyenangkan', 'baturraden', 'manstaabb']",sekian menyenangkan baturraden manstaabb,1,positive
5,Recommended gerbang wisata,Recommended gerbang wisata,recommended gerbang wisata,recommended gerbang wisata,"['recommended', 'gerbang', 'wisata']","['recommended', 'gerbang', 'wisata']",recommended gerbang wisata,0,neutral
4,Udaranya masih seger banget walaupun di terminal,Udaranya masih seger banget walaupun di terminal,udaranya masih seger banget walaupun di terminal,udaranya masih segar  sekali walaupun di terminal,"['udaranya', 'masih', 'segar', 'sekali', 'walaupun', 'di', 'terminal']","['udaranya', 'segar', 'terminal']",udaranya segar terminal,1,positive
4,"Jalan""",Jalan,jalan,jalan,['jalan'],['jalan'],jalan,0,neutral
5,"Agak jauh dari lokasi wisata, hrs naik kendaraan lagi",Agak jauh dari lokasi wisata hrs naik kendaraan lagi,agak jauh dari lokasi wisata hrs naik kendaraan lagi,agak jauh dari lokasi wisata harus naik kendaraan lagi,"['agak', 'jauh', 'dari', 'lokasi', 'wisata', 'harus', 'naik', 'kendaraan', 'lagi']","['lokasi', 'wisata', 'kendaraan']",lokasi wisata kendaraan,0,neutral
4,"Tidak banyak perubahan fisik.
Tapi sekarang, terminalnya lebih hidup karena ada Trans Banyumas sampe sini.",Tidak banyak perubahan fisik Tapi sekarang terminalnya lebih hidup karena ada Trans Banyumas sampe sini,tidak banyak perubahan fisik tapi sekarang terminalnya lebih hidup karena ada trans banyumas sampe sini,tidak banyak perubahan fisik tapi sekarang terminalnya lebih hidup karena ada trans banyumas sampai sini,"['tidak', 'banyak', 'perubahan', 'fisik', 'tapi', 'sekarang', 'terminalnya', 'lebih', 'hidup', 'karena', 'ada', 'trans', 'banyumas', 'sampai', 'sini']","['tidak', 'perubahan', 'fisik', 'terminalnya', 'hidup', 'trans', 'banyumas']",tidak perubahan fisik terminalnya hidup trans banyumas,-3,negative
5,"Lokasi bis trans banyumas koridor 2 parkir, dan ada jg angkutan umum pedesaan lainnya. Lokasi nya byk warung yang  bjualan makanan/minuman. klo mau cari toilet letaknya di pojokan sblh kanan.",Lokasi bis trans banyumas koridor  parkir dan ada jg angkutan umum pedesaan lainnya Lokasi nya byk warung yang  bjualan makananminuman klo mau cari toilet letaknya di pojokan sblh kanan,lokasi bis trans banyumas koridor  parkir dan ada jg angkutan umum pedesaan lainnya lokasi nya byk warung yang  bjualan makananminuman klo mau cari toilet letaknya di pojokan sblh kanan,lokasi bis trans banyumas koridor parkir dan ada juga angkutan umum pedesaan lainnya lokasi nya banyak warung yang bjualan makananminuman kalo mau cari toilet letaknya di pojokan sebelah kanan,"['lokasi', 'bis', 'trans', 'banyumas', 'koridor', 'parkir', 'dan', 'ada', 'juga', 'angkutan', 'umum', 'pedesaan', 'lainnya', 'lokasi', 'nya', 'banyak', 'warung', 'yang', 'bjualan', 'makananminuman', 'kalo', 'mau', 'cari', 'toilet', 'letaknya', 'di', 'pojokan', 'sebelah', 'kanan']","['lokasi', 'bis', 'trans', 'banyumas', 'koridor', 'parkir', 'angkutan', 'pedesaan', 'lokasi', 'warung', 'bjualan', 'makananminuman', 'kalo', 'cari', 'toilet', 'letaknya', 'pojokan', 'sebelah', 'kanan']",lokasi bis trans banyumas koridor parkir angkutan pedesaan lokasi warung bjualan makananminuman kalo cari toilet letaknya pojokan sebelah kanan,-6,negative
4,BATURRADEN aku sering ke sini,BATURRADEN aku sering ke sini,baturraden aku sering ke sini,baturraden aku sering ke sini,"['baturraden', 'aku', 'sering', 'ke', 'sini']",['baturraden'],baturraden,0,neutral
5,Ada Trans Banyumas yang akan bolak balik dari Baturraden ke kota Purwokerto. Armadanya yang bagus bersih dan baru. Tarif masih Free.,Ada Trans Banyumas yang akan bolak balik dari Baturraden ke kota Purwokerto Armadanya yang bagus bersih dan baru Tarif masih Free,ada trans banyumas yang akan bolak balik dari baturraden ke kota purwokerto armadanya yang bagus bersih dan baru tarif masih free,ada trans banyumas yang akan bolak balik dari baturraden ke kota purwokerto armadanya yang bagus bersih dan baru tarif masih free,"['ada', 'trans', 'banyumas', 'yang', 'akan', 'bolak', 'balik', 'dari', 'baturraden', 'ke', 'kota', 'purwokerto', 'armadanya', 'yang', 'bagus', 'bersih', 'dan', 'baru', 'tarif', 'masih', 'free']","['trans', 'banyumas', 'bolak', 'baturraden', 'kota', 'purwokerto', 'armadanya', 'bagus', 'bersih', 'tarif', 'free']",trans banyumas bolak baturraden kota purwokerto armadanya bagus bersih tarif free,4,positive
4,Popmie nya enak...,Popmie nya enak,popmie nya enak,popmie nya enak,"['popmie', 'nya', 'enak']","['popmie', 'enak']",popmie enak,1,positive
5,Terminal,Terminal,terminal,terminal,['terminal'],['terminal'],terminal,-3,negative
4,Ada bus  trans banyumas jurussn terminal baturraden,Ada bus  trans banyumas jurussn terminal baturraden,ada bus  trans banyumas jurussn terminal baturraden,ada bus trans banyumas jurussn terminal baturraden,"['ada', 'bus', 'trans', 'banyumas', 'jurussn', 'terminal', 'baturraden']","['bus', 'trans', 'banyumas', 'jurussn', 'terminal', 'baturraden']",bus trans banyumas jurussn terminal baturraden,-3,negative
5,Tempat transit Bus Trans Banyumas.,Tempat transit Bus Trans Banyumas,tempat transit bus trans banyumas,tempat transit bus trans banyumas,"['tempat', 'transit', 'bus', 'trans', 'banyumas']","['transit', 'bus', 'trans', 'banyumas']",transit bus trans banyumas,0,neutral
5,"Wisata malam , kuliner malam lengkap",Wisata malam  kuliner malam lengkap,wisata malam  kuliner malam lengkap,wisata malam kuliner malam lengkap,"['wisata', 'malam', 'kuliner', 'malam', 'lengkap']","['wisata', 'malam', 'kuliner', 'malam', 'lengkap']",wisata malam kuliner malam lengkap,0,neutral
5,Tempatnya luas,Tempatnya luas,tempatnya luas,tempatnya luas,"['tempatnya', 'luas']","['tempatnya', 'luas']",tempatnya luas,3,positive
5,"Bersih,petugas nya jg ramah",Bersihpetugas nya jg ramah,bersihpetugas nya jg ramah,bersihpetugas nya juga ramah,"['bersihpetugas', 'nya', 'juga', 'ramah']","['bersihpetugas', 'ramah']",bersihpetugas ramah,2,positive
5,Satel rame. Biar nambah incam  bpk2,Satel rame Biar nambah incam  bpk,satel rame biar nambah incam  bpk,satel rame biar menambah incam bpk,"['satel', 'rame', 'biar', 'menambah', 'incam', 'bpk']","['satel', 'rame', 'biar', 'menambah', 'incam', 'bpk']",satel rame biar menambah incam bpk,1,positive
5,Asri dan sejuk,Asri dan sejuk,asri dan sejuk,asri dan sejuk,"['asri', 'dan', 'sejuk']","['asri', 'sejuk']",asri sejuk,1,positive
4,Hari libur rame full bus dan motor,Hari libur rame full bus dan motor,hari libur rame full bus dan motor,hari libur rame full bus dan motor,"['hari', 'libur', 'rame', 'full', 'bus', 'dan', 'motor']","['libur', 'rame', 'full', 'bus', 'motor']",libur rame full bus motor,3,positive
5,Tempatnya stategis layanan bisnya juga bagus,Tempatnya stategis layanan bisnya juga bagus,tempatnya stategis layanan bisnya juga bagus,tempatnya stategis layanan bisnya juga bagus,"['tempatnya', 'stategis', 'layanan', 'bisnya', 'juga', 'bagus']","['tempatnya', 'stategis', 'layanan', 'bisnya', 'bagus']",tempatnya stategis layanan bisnya bagus,5,positive
5,"Terminal nya rapih, bus²nya juga bagus dan terawat, untuk destinasi ke baturaden lebih mudah dengan moda transportasi umum",Terminal nya rapih bus²nya juga bagus dan terawat untuk destinasi ke baturaden lebih mudah dengan moda transportasi umum,terminal nya rapih bus²nya juga bagus dan terawat untuk destinasi ke baturaden lebih mudah dengan moda transportasi umum,terminal nya rapi bus²nya juga bagus dan terawat untuk destinasi ke baturaden lebih mudah dengan moda transportasi umum,"['terminal', 'nya', 'rapi', 'bus²nya', 'juga', 'bagus', 'dan', 'terawat', 'untuk', 'destinasi', 'ke', 'baturaden', 'lebih', 'mudah', 'dengan', 'moda', 'transportasi', 'umum']","['terminal', 'rapi', 'bus²nya', 'bagus', 'terawat', 'destinasi', 'baturaden', 'mudah', 'moda', 'transportasi']",terminal rapi bus²nya bagus terawat destinasi baturaden mudah moda transportasi,9,positive
4,"Luas, agak panas sihh",Luas agak panas sihh,luas agak panas sihh,luas agak panas sih,"['luas', 'agak', 'panas', 'sih']","['luas', 'panas']",luas panas,4,positive
4,Ok,Ok,ok,ok,['ok'],['ok'],ok,4,positive
4,Ramai...saat weekend,Ramaisaat weekend,ramaisaat weekend,ramaisaat weekend,"['ramaisaat', 'weekend']","['ramaisaat', 'weekend']",ramaisaat weekend,0,neutral
4,Quiet,Quiet,quiet,quiet,['quiet'],['quiet'],quiet,0,neutral
5,Rame,Rame,rame,rame,['rame'],['rame'],rame,0,neutral
5,"Dekat obyek wisata Baturraden...
Tempat yg indah...",Dekat obyek wisata Baturraden Tempat yg indah,dekat obyek wisata baturraden tempat yg indah,dekat obyek wisata baturraden tempat yang indah,"['dekat', 'obyek', 'wisata', 'baturraden', 'tempat', 'yang', 'indah']","['obyek', 'wisata', 'baturraden', 'indah']",obyek wisata baturraden indah,1,positive
5,Tempatnya indah dan sejuk,Tempatnya indah dan sejuk,tempatnya indah dan sejuk,tempatnya indah dan sejuk,"['tempatnya', 'indah', 'dan', 'sejuk']","['tempatnya', 'indah', 'sejuk']",tempatnya indah sejuk,1,positive
5,Terminal untuk naik ke atas,Terminal untuk naik ke atas,terminal untuk naik ke atas,terminal untuk naik ke atas,"['terminal', 'untuk', 'naik', 'ke', 'atas']",['terminal'],terminal,-3,negative
5,"Sejuk,  bersih lingkungan,  bersih  perman.",Sejuk  bersih lingkungan  bersih  perman,sejuk  bersih lingkungan  bersih  perman,sejuk bersih lingkungan bersih perman,"['sejuk', 'bersih', 'lingkungan', 'bersih', 'perman']","['sejuk', 'bersih', 'lingkungan', 'bersih', 'perman']",sejuk bersih lingkungan bersih perman,3,positive
5,Terminal baturraden pokoknya terbaik 👍,Terminal baturraden pokoknya terbaik,terminal baturraden pokoknya terbaik,terminal baturraden pokoknya terbaik,"['terminal', 'baturraden', 'pokoknya', 'terbaik']","['terminal', 'baturraden', 'pokoknya', 'terbaik']",terminal baturraden pokoknya terbaik,-1,negative
5,Tertata dengan apik & baik.,Tertata dengan apik  baik,tertata dengan apik  baik,tertata dengan apik baik,"['tertata', 'dengan', 'apik', 'baik']","['tertata', 'apik']",tertata apik,-1,negative
5,Luas longgar pool buat parkir terutama bus parwis,Luas longgar pool buat parkir terutama bus parwis,luas longgar pool buat parkir terutama bus parwis,luas longgar pool buat parkir terutama bus parwis,"['luas', 'longgar', 'pool', 'buat', 'parkir', 'terutama', 'bus', 'parwis']","['luas', 'longgar', 'pool', 'parkir', 'bus', 'parwis']",luas longgar pool parkir bus parwis,7,positive
4,"Strategis tempatnya, bersih busnya jg ontime , supirnya ramah",Strategis tempatnya bersih busnya jg ontime  supirnya ramah,strategis tempatnya bersih busnya jg ontime  supirnya ramah,strategis tempatnya bersih busnya juga ontime supirnya ramah,"['strategis', 'tempatnya', 'bersih', 'busnya', 'juga', 'ontime', 'supirnya', 'ramah']","['strategis', 'tempatnya', 'bersih', 'busnya', 'ontime', 'supirnya', 'ramah']",strategis tempatnya bersih busnya ontime supirnya ramah,2,positive
4,Terminalnya rapi,Terminalnya rapi,terminalnya rapi,terminalnya rapi,"['terminalnya', 'rapi']","['terminalnya', 'rapi']",terminalnya rapi,1,positive
2,Semrawut,Semrawut,semrawut,semrawut,['semrawut'],['semrawut'],semrawut,-5,negative
5,"Terminal nya bersih, alat transportasinya keren (bis tayo) dan suasananya sangat recommended untuk selfi²",Terminal nya bersih alat transportasinya keren bis tayo dan suasananya sangat recommended untuk selfi²,terminal nya bersih alat transportasinya keren bis tayo dan suasananya sangat recommended untuk selfi²,terminal nya bersih alat transportasinya keren bis tayo dan suasananya sangat recommended untuk selfi²,"['terminal', 'nya', 'bersih', 'alat', 'transportasinya', 'keren', 'bis', 'tayo', 'dan', 'suasananya', 'sangat', 'recommended', 'untuk', 'selfi²']","['terminal', 'bersih', 'alat', 'transportasinya', 'keren', 'bis', 'tayo', 'suasananya', 'recommended', 'selfi²']",terminal bersih alat transportasinya keren bis tayo suasananya recommended selfi²,-3,negative
5,suka suasana malam. freelance banyak . apakah terkontrol  kesehatannya ?,suka suasana malam freelance banyak  apakah terkontrol  kesehatannya,suka suasana malam freelance banyak  apakah terkontrol  kesehatannya,suka suasana malam freelance banyak apakah terkontrol kesehatannya,"['suka', 'suasana', 'malam', 'freelance', 'banyak', 'apakah', 'terkontrol', 'kesehatannya']","['suka', 'suasana', 'malam', 'freelance', 'terkontrol', 'kesehatannya']",suka suasana malam freelance terkontrol kesehatannya,5,positive
5,Sudah rapih dan nyaman,Sudah rapih dan nyaman,sudah rapih dan nyaman,sudah rapi dan nyaman,"['sudah', 'rapi', 'dan', 'nyaman']","['rapi', 'nyaman']",rapi nyaman,5,positive
5,Indah,Indah,indah,indah,['indah'],['indah'],indah,1,positive
5,"Tempat asik cari makan malam di baturraden, buka sampai sebelum subuh",Tempat asik cari makan malam di baturraden buka sampai sebelum subuh,tempat asik cari makan malam di baturraden buka sampai sebelum subuh,tempat asik cari makan malam di baturraden buka sampai sebelum subuh,"['tempat', 'asik', 'cari', 'makan', 'malam', 'di', 'baturraden', 'buka', 'sampai', 'sebelum', 'subuh']","['asik', 'cari', 'makan', 'malam', 'baturraden', 'buka', 'subuh']",asik cari makan malam baturraden buka subuh,0,neutral
5,googl maps sangat membantu kita saat mencari lokasi yang belom pernah kita tuju.,googl maps sangat membantu kita saat mencari lokasi yang belom pernah kita tuju,googl maps sangat membantu kita saat mencari lokasi yang belom pernah kita tuju,googl peta sangat membantu kita saat mencari lokasi yang belum pernah kita tuju,"['googl', 'peta', 'sangat', 'membantu', 'kita', 'saat', 'mencari', 'lokasi', 'yang', 'belum', 'pernah', 'kita', 'tuju']","['googl', 'peta', 'membantu', 'mencari', 'lokasi', 'tuju']",googl peta membantu mencari lokasi tuju,0,neutral
5,"Tempat pemberhentian yg sangat ramah.., orang""nya sangat ramah, sangat membantu dan dapat dipercaya....",Tempat pemberhentian yg sangat ramah orangnya sangat ramah sangat membantu dan dapat dipercaya,tempat pemberhentian yg sangat ramah orangnya sangat ramah sangat membantu dan dapat dipercaya,tempat pemberhentian yang sangat ramah orangnya sangat ramah sangat membantu dan dapat dipercaya,"['tempat', 'pemberhentian', 'yang', 'sangat', 'ramah', 'orangnya', 'sangat', 'ramah', 'sangat', 'membantu', 'dan', 'dapat', 'dipercaya']","['pemberhentian', 'ramah', 'orangnya', 'ramah', 'membantu', 'dipercaya']",pemberhentian ramah orangnya ramah membantu dipercaya,8,positive
5,Enak banget sejuk ..,Enak banget sejuk,enak banget sejuk,enak  sekali sejuk,"['enak', 'sekali', 'sejuk']","['enak', 'sejuk']",enak sejuk,1,positive
5,Tempatnya Rama lancar. Ramah ramah orang nya . Terus pertahankan dan tingkatkan,Tempatnya Rama lancar Ramah ramah orang nya  Terus pertahankan dan tingkatkan,tempatnya rama lancar ramah ramah orang nya  terus pertahankan dan tingkatkan,tempatnya rama lancar ramah ramah orang nya terus pertahankan dan tingkatkan,"['tempatnya', 'rama', 'lancar', 'ramah', 'ramah', 'orang', 'nya', 'terus', 'pertahankan', 'dan', 'tingkatkan']","['tempatnya', 'rama', 'lancar', 'ramah', 'ramah', 'orang', 'pertahankan', 'tingkatkan']",tempatnya rama lancar ramah ramah orang pertahankan tingkatkan,10,positive
5,"Terminal Baturraden, menjadi tempat pemberhentian bus trans Banyumas (koridor notog baturaden.",Terminal Baturraden menjadi tempat pemberhentian bus trans Banyumas koridor notog baturaden,terminal baturraden menjadi tempat pemberhentian bus trans banyumas koridor notog baturaden,terminal baturraden menjadi tempat pemberhentian bus trans banyumas koridor notog baturaden,"['terminal', 'baturraden', 'menjadi', 'tempat', 'pemberhentian', 'bus', 'trans', 'banyumas', 'koridor', 'notog', 'baturaden']","['terminal', 'baturraden', 'pemberhentian', 'bus', 'trans', 'banyumas', 'koridor', 'notog', 'baturaden']",terminal baturraden pemberhentian bus trans banyumas koridor notog baturaden,-3,negative
5,Numpang makan doang di terminal Baturraden 😂,Numpang makan doang di terminal Baturraden,numpang makan doang di terminal baturraden,numpang makan doang di terminal baturraden,"['numpang', 'makan', 'doang', 'di', 'terminal', 'baturraden']","['numpang', 'makan', 'doang', 'terminal', 'baturraden']",numpang makan doang terminal baturraden,-3,negative
5,Rapih dan tertata,Rapih dan tertata,rapih dan tertata,rapi dan tertata,"['rapi', 'dan', 'tertata']","['rapi', 'tertata']",rapi tertata,0,neutral
5,Very nice 👍 full service,Very nice  full service,very nice  full service,very nice full service,"['very', 'nice', 'full', 'service']","['nice', 'full', 'service']",nice full service,4,positive
5,sejuk khas pegunungan. Bikin betah.,sejuk khas pegunungan Bikin betah,sejuk khas pegunungan bikin betah,sejuk khas pegunungan bikin betah,"['sejuk', 'khas', 'pegunungan', 'bikin', 'betah']","['sejuk', 'khas', 'pegunungan', 'bikin', 'betah']",sejuk khas pegunungan bikin betah,4,positive
5,Tempat finish para pesepeda di purwokerto..,Tempat finish para pesepeda di purwokerto,tempat finish para pesepeda di purwokerto,tempat finish para pesepeda di purwokerto,"['tempat', 'finish', 'para', 'pesepeda', 'di', 'purwokerto']","['finish', 'pesepeda', 'purwokerto']",finish pesepeda purwokerto,0,neutral
5,hari kamis sampai di baturaden..sepi...enak ke baturadennya..bisa foto puas...,hari kamis sampai di baturadensepienak ke baturadennyabisa foto puas,hari kamis sampai di baturadensepienak ke baturadennyabisa foto puas,hari kamis sampai di baturadensepienak ke baturadennyabisa foto puas,"['hari', 'kamis', 'sampai', 'di', 'baturadensepienak', 'ke', 'baturadennyabisa', 'foto', 'puas']","['kamis', 'baturadensepienak', 'baturadennyabisa', 'foto', 'puas']",kamis baturadensepienak baturadennyabisa foto puas,6,positive
4,Ramai sekali,Ramai sekali,ramai sekali,ramai sekali,"['ramai', 'sekali']",['ramai'],ramai,-2,negative
4,Menarik,Menarik,menarik,menarik,['menarik'],['menarik'],menarik,0,neutral
5,Siap membantu pembuatan taman,Siap membantu pembuatan taman,siap membantu pembuatan taman,siap membantu pembuatan taman,"['siap', 'membantu', 'pembuatan', 'taman']","['membantu', 'pembuatan', 'taman']",membantu pembuatan taman,5,positive
5,Enak sejuk suasananya,Enak sejuk suasananya,enak sejuk suasananya,enak sejuk suasananya,"['enak', 'sejuk', 'suasananya']","['enak', 'sejuk', 'suasananya']",enak sejuk suasananya,1,positive
4,"Terminal nya tertata, bersih tertib dan petugas nya pun ramah.. Ga ada yang aneh aneh..",Terminal nya tertata bersih tertib dan petugas nya pun ramah Ga ada yang aneh aneh,terminal nya tertata bersih tertib dan petugas nya pun ramah ga ada yang aneh aneh,terminal nya tertata bersih tertib dan petugas nya pun ramah enggak ada yang aneh aneh,"['terminal', 'nya', 'tertata', 'bersih', 'tertib', 'dan', 'petugas', 'nya', 'pun', 'ramah', 'enggak', 'ada', 'yang', 'aneh', 'aneh']","['terminal', 'tertata', 'bersih', 'tertib', 'petugas', 'ramah', 'aneh', 'aneh']",terminal tertata bersih tertib petugas ramah aneh aneh,-3,negative
5,Terminal sebelum naik ke area wisata,Terminal sebelum naik ke area wisata,terminal sebelum naik ke area wisata,terminal sebelum naik ke area wisata,"['terminal', 'sebelum', 'naik', 'ke', 'area', 'wisata']","['terminal', 'area', 'wisata']",terminal area wisata,-3,negative
5,terminal yg rameeeee terusss,terminal yg rameeeee terusss,terminal yg rameeeee terusss,terminal yang rameeeee terus,"['terminal', 'yang', 'rameeeee', 'terus']","['terminal', 'rameeeee']",terminal rameeeee,-3,negative
5,Terminalnya bersih dan rapi,Terminalnya bersih dan rapi,terminalnya bersih dan rapi,terminalnya bersih dan rapi,"['terminalnya', 'bersih', 'dan', 'rapi']","['terminalnya', 'bersih', 'rapi']",terminalnya bersih rapi,1,positive
5,Dinginn,Dinginn,dinginn,dinginn,['dinginn'],['dinginn'],dinginn,0,neutral
5,Pemandanganya baguss .,Pemandanganya baguss,pemandanganya baguss,pemandanganya bagus,"['pemandanganya', 'bagus']","['pemandanganya', 'bagus']",pemandanganya bagus,2,positive
5,Terminal bus lokawisata,Terminal bus lokawisata,terminal bus lokawisata,terminal bus lokawisata,"['terminal', 'bus', 'lokawisata']","['terminal', 'bus', 'lokawisata']",terminal bus lokawisata,-3,negative
5,Menjadi favorit para goweser untuk istirahat dan foto sudah bagus,Menjadi favorit para goweser untuk istirahat dan foto sudah bagus,menjadi favorit para goweser untuk istirahat dan foto sudah bagus,menjadi favorit para goweser untuk istirahat dan foto sudah bagus,"['menjadi', 'favorit', 'para', 'goweser', 'untuk', 'istirahat', 'dan', 'foto', 'sudah', 'bagus']","['favorit', 'goweser', 'istirahat', 'foto', 'bagus']",favorit goweser istirahat foto bagus,3,positive
5,Ngopi pas klo disini anget² sambil ngeliat yg indah²,Ngopi pas klo disini anget² sambil ngeliat yg indah²,ngopi pas klo disini anget² sambil ngeliat yg indah²,ngopi  ketika kalo disini anget² sambil melihat yang indah²,"['ngopi', 'ketika', 'kalo', 'disini', 'anget²', 'sambil', 'melihat', 'yang', 'indah²']","['ngopi', 'kalo', 'anget²', 'indah²']",ngopi kalo anget² indah²,3,positive
5,So many tourism's bus,So many tourisms bus,so many tourisms bus,sok many tourisms bus,"['sok', 'many', 'tourisms', 'bus']","['sok', 'many', 'tourisms', 'bus']",sok many tourisms bus,0,neutral
5,Terminal notog koridor 2,Terminal notog koridor,terminal notog koridor,terminal notog koridor,"['terminal', 'notog', 'koridor']","['terminal', 'notog', 'koridor']",terminal notog koridor,-3,negative
5,terminal bus trans banyumas ke baturaden,terminal bus trans banyumas ke baturaden,terminal bus trans banyumas ke baturaden,terminal bus trans banyumas ke baturaden,"['terminal', 'bus', 'trans', 'banyumas', 'ke', 'baturaden']","['terminal', 'bus', 'trans', 'banyumas', 'baturaden']",terminal bus trans banyumas baturaden,-3,negative
5,Notog - Baturraden,Notog  Baturraden,notog  baturraden,notog baturraden,"['notog', 'baturraden']","['notog', 'baturraden']",notog baturraden,0,neutral
4,Banyumas sudah bagus sekarang dengan adanya bus trans banyumas jd berasa kaya di jakarta. Saran aja klo bisa tambahin rute nya ke GMaps supaya kita bisa tau lokasi halte terdekat dan tau rute nya kemana aja. Karna gk semua orang tau posisi berhenti nya akan dimana. Terimakasih 🙏☺ semoga next nya ada krl supaya gk ketinggalan seperti kota lainnya yang sudah ada krl. Heheh,Banyumas sudah bagus sekarang dengan adanya bus trans banyumas jd berasa kaya di jakarta Saran aja klo bisa tambahin rute nya ke GMaps supaya kita bisa tau lokasi halte terdekat dan tau rute nya kemana aja Karna gk semua orang tau posisi berhenti nya akan dimana Terimakasih  semoga next nya ada krl supaya gk ketinggalan seperti kota lainnya yang sudah ada krl Heheh,banyumas sudah bagus sekarang dengan adanya bus trans banyumas jd berasa kaya di jakarta saran aja klo bisa tambahin rute nya ke gmaps supaya kita bisa tau lokasi halte terdekat dan tau rute nya kemana aja karna gk semua orang tau posisi berhenti nya akan dimana terimakasih  semoga next nya ada krl supaya gk ketinggalan seperti kota lainnya yang sudah ada krl heheh,banyumas sudah bagus sekarang dengan adanya bus trans banyumas jadi berasa kayak di jakarta saran saja kalo bisa tambahkan rute nya ke gmaps supaya kita bisa tau lokasi halte terdekat dan tau rute nya kemana saja karena enggak semua orang tau posisi berhenti nya akan dimana terimakasih semoga next nya ada krl supaya enggak ketinggalan seperti kota lainnya yang sudah ada krl heheh,"['banyumas', 'sudah', 'bagus', 'sekarang', 'dengan', 'adanya', 'bus', 'trans', 'banyumas', 'jadi', 'berasa', 'kayak', 'di', 'jakarta', 'saran', 'saja', 'kalo', 'bisa', 'tambahkan', 'rute', 'nya', 'ke', 'gmaps', 'supaya', 'kita', 'bisa', 'tau', 'lokasi', 'halte', 'terdekat', 'dan', 'tau', 'rute', 'nya', 'kemana', 'saja', 'karena', 'enggak', 'semua', 'orang', 'tau', 'posisi', 'berhenti', 'nya', 'akan', 'dimana', 'terimakasih', 'semoga', 'next', 'nya', 'ada', 'krl', 'supaya', 'enggak', 'ketinggalan', 'seperti', 'kota', 'lainnya', 'yang', 'sudah', 'ada', 'krl', 'heheh']","['banyumas', 'bagus', 'bus', 'trans', 'banyumas', 'berasa', 'kayak', 'jakarta', 'saran', 'kalo', 'tambahkan', 'rute', 'gmaps', 'tau', 'lokasi', 'halte', 'terdekat', 'tau', 'rute', 'kemana', 'orang', 'tau', 'posisi', 'berhenti', 'dimana', 'terimakasih', 'semoga', 'next', 'krl', 'ketinggalan', 'kota', 'krl', 'heheh']",banyumas bagus bus trans banyumas berasa kayak jakarta saran kalo tambahkan rute gmaps tau lokasi halte terdekat tau rute kemana orang tau posisi berhenti dimana terimakasih semoga next krl ketinggalan kota krl heheh,-20,negative
5,Mobilnya yang banyak 😀😀😀,Mobilnya yang banyak,mobilnya yang banyak,mobilnya yang banyak,"['mobilnya', 'yang', 'banyak']",['mobilnya'],mobilnya,0,neutral
4,"Halte bus transportasi umum Trans Banyumas, lokasinya disebelah timur pertigaan Notog. Banyak penjual kuliner di sekelilingnya sehingga bisa membeli jajan / cemilan dulu sembari menunggu bus-nya datang.",Halte bus transportasi umum Trans Banyumas lokasinya disebelah timur pertigaan Notog Banyak penjual kuliner di sekelilingnya sehingga bisa membeli jajan  cemilan dulu sembari menunggu busnya datang,halte bus transportasi umum trans banyumas lokasinya disebelah timur pertigaan notog banyak penjual kuliner di sekelilingnya sehingga bisa membeli jajan  cemilan dulu sembari menunggu busnya datang,halte bus transportasi umum trans banyumas lokasinya disebelah timur pertigaan notog banyak penjual kuliner di sekelilingnya sehingga bisa membeli jajan cemilan dulu sembari menunggu busnya datang,"['halte', 'bus', 'transportasi', 'umum', 'trans', 'banyumas', 'lokasinya', 'disebelah', 'timur', 'pertigaan', 'notog', 'banyak', 'penjual', 'kuliner', 'di', 'sekelilingnya', 'sehingga', 'bisa', 'membeli', 'jajan', 'cemilan', 'dulu', 'sembari', 'menunggu', 'busnya', 'datang']","['halte', 'bus', 'transportasi', 'trans', 'banyumas', 'lokasinya', 'disebelah', 'timur', 'pertigaan', 'notog', 'penjual', 'kuliner', 'sekelilingnya', 'membeli', 'jajan', 'cemilan', 'sembari', 'menunggu', 'busnya']",halte bus transportasi trans banyumas lokasinya disebelah timur pertigaan notog penjual kuliner sekelilingnya membeli jajan cemilan sembari menunggu busnya,-4,negative
4,Ke halte mau ke kios pempers nya atha. Bisa jajan cilok sambil nunggu bus nya,Ke halte mau ke kios pempers nya atha Bisa jajan cilok sambil nunggu bus nya,ke halte mau ke kios pempers nya atha bisa jajan cilok sambil nunggu bus nya,ke halte mau ke kios pempers nya atha bisa jajan cilok sambil menunggu bus nya,"['ke', 'halte', 'mau', 'ke', 'kios', 'pempers', 'nya', 'atha', 'bisa', 'jajan', 'cilok', 'sambil', 'menunggu', 'bus', 'nya']","['halte', 'kios', 'pempers', 'atha', 'jajan', 'cilok', 'menunggu', 'bus']",halte kios pempers atha jajan cilok menunggu bus,-6,negative
5,YANG SELALU KULEWATI KALO KE PWT,YANG SELALU KULEWATI KALO KE PWT,yang selalu kulewati kalo ke pwt,yang selalu kulewati kalo ke pwt,"['yang', 'selalu', 'kulewati', 'kalo', 'ke', 'pwt']","['kulewati', 'kalo', 'pwt']",kulewati kalo pwt,0,neutral
1,"Nunggu di tempat yg tidak ada halte kerepotan kalo hujan neduh dimana ? Rumah warga? Balai desa? Pertokoan? Atau pohon? Kalo panas sama juga mau kemana kita. Yg parahnya lagi saat melintas di koridor terminal notog ada sekitar 7 orang tua menunggu rmdanya sambil jongkok dan duduk di tepi gorong2 kepanasan sedangkan bisnya masih lama astaghfirullah tidak recommended deh buat para orang tua kasian, mending Transjakarta masih ada shuttle busnya",Nunggu di tempat yg tidak ada halte kerepotan kalo hujan neduh dimana  Rumah warga Balai desa Pertokoan Atau pohon Kalo panas sama juga mau kemana kita Yg parahnya lagi saat melintas di koridor terminal notog ada sekitar  orang tua menunggu rmdanya sambil jongkok dan duduk di tepi gorong kepanasan sedangkan bisnya masih lama astaghfirullah tidak recommended deh buat para orang tua kasian mending Transjakarta masih ada shuttle busnya,nunggu di tempat yg tidak ada halte kerepotan kalo hujan neduh dimana  rumah warga balai desa pertokoan atau pohon kalo panas sama juga mau kemana kita yg parahnya lagi saat melintas di koridor terminal notog ada sekitar  orang tua menunggu rmdanya sambil jongkok dan duduk di tepi gorong kepanasan sedangkan bisnya masih lama astaghfirullah tidak recommended deh buat para orang tua kasian mending transjakarta masih ada shuttle busnya,menunggu di tempat yang tidak ada halte kerepotan kalo hujan neduh dimana rumah warga balai desa pertokoan atau pohon kalo panas sama juga mau kemana kita yang parahnya lagi saat melintas di koridor terminal notog ada sekitar orang tua menunggu rmdanya sambil jongkok dan duduk di tepi gorong kepanasan sedangkan bisnya masih lama astaghfirullah tidak recommended deh buat para orang tua kasihan mending transjakarta masih ada shuttle busnya,"['menunggu', 'di', 'tempat', 'yang', 'tidak', 'ada', 'halte', 'kerepotan', 'kalo', 'hujan', 'neduh', 'dimana', 'rumah', 'warga', 'balai', 'desa', 'pertokoan', 'atau', 'pohon', 'kalo', 'panas', 'sama', 'juga', 'mau', 'kemana', 'kita', 'yang', 'parahnya', 'lagi', 'saat', 'melintas', 'di', 'koridor', 'terminal', 'notog', 'ada', 'sekitar', 'orang', 'tua', 'menunggu', 'rmdanya', 'sambil', 'jongkok', 'dan', 'duduk', 'di', 'tepi', 'gorong', 'kepanasan', 'sedangkan', 'bisnya', 'masih', 'lama', 'astaghfirullah', 'tidak', 'recommended', 'deh', 'buat', 'para', 'orang', 'tua', 'kasihan', 'mending', 'transjakarta', 'masih', 'ada', 'shuttle', 'busnya']","['menunggu', 'tidak', 'halte', 'kerepotan', 'kalo', 'hujan', 'neduh', 'dimana', 'rumah', 'warga', 'balai', 'desa', 'pertokoan', 'pohon', 'kalo', 'panas', 'kemana', 'parahnya', 'melintas', 'koridor', 'terminal', 'notog', 'orang', 'tua', 'menunggu', 'rmdanya', 'jongkok', 'duduk', 'tepi', 'gorong', 'kepanasan', 'bisnya', 'astaghfirullah', 'tidak', 'recommended', 'deh', 'orang', 'tua', 'kasihan', 'mending', 'transjakarta', 'shuttle', 'busnya']",menunggu tidak halte kerepotan kalo hujan neduh dimana rumah warga balai desa pertokoan pohon kalo panas kemana parahnya melintas koridor terminal notog orang tua menunggu rmdanya jongkok duduk tepi gorong kepanasan bisnya astaghfirullah tidak recommended deh orang tua kasihan mending transjakarta shuttle busnya,-46,negative
5,"Tempat  Halte Tran itu dulu tepat benkel saya sebelm di bangun masih pager bambu, sampe dibangun tembok  .dan saya   di suruh p.lurah  masngudi ,dimintai  pertimbangan  sama p .kades   supaya mengerjakan kios tersebut dan bentuk nya.di serahkan kepada saya.Termasuk kios kios  drpañ lapangan pjkA .begitulah pegalaman saya p.Daryoto",Tempat  Halte Tran itu dulu tepat benkel saya sebelm di bangun masih pager bambu sampe dibangun tembok  dan saya   di suruh plurah  masngudi dimintai  pertimbangan  sama p kades   supaya mengerjakan kios tersebut dan bentuk nyadi serahkan kepada sayaTermasuk kios kios  drpañ lapangan pjkA begitulah pegalaman saya pDaryoto,tempat  halte tran itu dulu tepat benkel saya sebelm di bangun masih pager bambu sampe dibangun tembok  dan saya   di suruh plurah  masngudi dimintai  pertimbangan  sama p kades   supaya mengerjakan kios tersebut dan bentuk nyadi serahkan kepada sayatermasuk kios kios  drpañ lapangan pjka begitulah pegalaman saya pdaryoto,tempat halte tran itu dulu tepat benkel saya sebelm di bangun masih pager bambu sampai dibangun tembok dan saya di suruh plurah masngudi dimintai pertimbangan sama p kades supaya mengerjakan kios tersebut dan bentuk nyadi serahkan kepada sayatermasuk kios kios drpañ lapangan pjka begitulah pegalaman saya pdaryoto,"['tempat', 'halte', 'tran', 'itu', 'dulu', 'tepat', 'benkel', 'saya', 'sebelm', 'di', 'bangun', 'masih', 'pager', 'bambu', 'sampai', 'dibangun', 'tembok', 'dan', 'saya', 'di', 'suruh', 'plurah', 'masngudi', 'dimintai', 'pertimbangan', 'sama', 'p', 'kades', 'supaya', 'mengerjakan', 'kios', 'tersebut', 'dan', 'bentuk', 'nyadi', 'serahkan', 'kepada', 'sayatermasuk', 'kios', 'kios', 'drpañ', 'lapangan', 'pjka', 'begitulah', 'pegalaman', 'saya', 'pdaryoto']","['halte', 'tran', 'benkel', 'sebelm', 'bangun', 'pager', 'bambu', 'dibangun', 'tembok', 'suruh', 'plurah', 'masngudi', 'pertimbangan', 'p', 'kades', 'kios', 'bentuk', 'nyadi', 'serahkan', 'sayatermasuk', 'kios', 'kios', 'drpañ', 'lapangan', 'pjka', 'pegalaman', 'pdaryoto']",halte tran benkel sebelm bangun pager bambu dibangun tembok suruh plurah masngudi pertimbangan p kades kios bentuk nyadi serahkan sayatermasuk kios kios drpañ lapangan pjka pegalaman pdaryoto,1,positive
5,Bersih,Bersih,bersih,bersih,['bersih'],['bersih'],bersih,0,neutral
5,Mudah dicari dan cepat pelayanannya,Mudah dicari dan cepat pelayanannya,mudah dicari dan cepat pelayanannya,mudah dicari dan cepat pelayanannya,"['mudah', 'dicari', 'dan', 'cepat', 'pelayanannya']","['mudah', 'dicari', 'cepat', 'pelayanannya']",mudah dicari cepat pelayanannya,7,positive
5,Keren bgt,Keren bgt,keren bgt,keren banget,"['keren', 'banget']","['keren', 'banget']",keren banget,-1,negative
5,"5 Mei 2022 LIBUR LEBARAN.
Terminal Bus Outdoor ""Trans Banyumas"" milik Pemkab Banyumas. yang berada di desa NOTOG Kecamatan Patikraja, Kabupaten Banyumas, JAWA - TENGAH.
Halte ini melayani Rute Koridor 2 dengan tujuan akhir di Terminal Baturaden.
Masih tahap sosialisasi promosi dan gratis.
Syarat naik Bus ini cukup mudah..dgn cara mendaftarkan email di Aplikasi TEMAN BUS lalu scan Barcode aplikasi tsb di dalam bus.
Semoga BANYUMAS SEMAKIN MAJU..",Mei  LIBUR LEBARAN Terminal Bus Outdoor Trans Banyumas milik Pemkab Banyumas yang berada di desa NOTOG Kecamatan Patikraja Kabupaten Banyumas JAWA  TENGAH Halte ini melayani Rute Koridor  dengan tujuan akhir di Terminal Baturaden Masih tahap sosialisasi promosi dan gratis Syarat naik Bus ini cukup mudahdgn cara mendaftarkan email di Aplikasi TEMAN BUS lalu scan Barcode aplikasi tsb di dalam bus Semoga BANYUMAS SEMAKIN MAJU,mei  libur lebaran terminal bus outdoor trans banyumas milik pemkab banyumas yang berada di desa notog kecamatan patikraja kabupaten banyumas jawa  tengah halte ini melayani rute koridor  dengan tujuan akhir di terminal baturaden masih tahap sosialisasi promosi dan gratis syarat naik bus ini cukup mudahdgn cara mendaftarkan email di aplikasi teman bus lalu scan barcode aplikasi tsb di dalam bus semoga banyumas semakin maju,mei libur lebaran terminal bus outdoor trans banyumas milik pemkab banyumas yang berada di desa notog kecamatan patikraja kabupaten banyumas jawa tengah halte ini melayani rute koridor dengan tujuan akhir di terminal baturaden masih tahap sosialisasi promosi dan gratis syarat naik bus ini cukup mudahdgn cara mendaftarkan email di aplikasi teman bus lalu scan barcode aplikasi tersebut di dalam bus semoga banyumas semakin maju,"['mei', 'libur', 'lebaran', 'terminal', 'bus', 'outdoor', 'trans', 'banyumas', 'milik', 'pemkab', 'banyumas', 'yang', 'berada', 'di', 'desa', 'notog', 'kecamatan', 'patikraja', 'kabupaten', 'banyumas', 'jawa', 'tengah', 'halte', 'ini', 'melayani', 'rute', 'koridor', 'dengan', 'tujuan', 'akhir', 'di', 'terminal', 'baturaden', 'masih', 'tahap', 'sosialisasi', 'promosi', 'dan', 'gratis', 'syarat', 'naik', 'bus', 'ini', 'cukup', 'mudahdgn', 'cara', 'mendaftarkan', 'email', 'di', 'aplikasi', 'teman', 'bus', 'lalu', 'scan', 'barcode', 'aplikasi', 'tersebut', 'di', 'dalam', 'bus', 'semoga', 'banyumas', 'semakin', 'maju']","['mei', 'libur', 'lebaran', 'terminal', 'bus', 'outdoor', 'trans', 'banyumas', 'milik', 'pemkab', 'banyumas', 'desa', 'notog', 'kecamatan', 'patikraja', 'kabupaten', 'banyumas', 'jawa', 'halte', 'melayani', 'rute', 'koridor', 'tujuan', 'terminal', 'baturaden', 'tahap', 'sosialisasi', 'promosi', 'gratis', 'syarat', 'bus', 'mudahdgn', 'mendaftarkan', 'email', 'aplikasi', 'teman', 'bus', 'scan', 'barcode', 'aplikasi', 'bus', 'semoga', 'banyumas', 'maju']",mei libur lebaran terminal bus outdoor trans banyumas milik pemkab banyumas desa notog kecamatan patikraja kabupaten banyumas jawa halte melayani rute koridor tujuan terminal baturaden tahap sosialisasi promosi gratis syarat bus mudahdgn mendaftarkan email aplikasi teman bus scan barcode aplikasi bus semoga banyumas maju,-2,negative
5,Strategis untuk ke St.Pwt.,Strategis untuk ke StPwt,strategis untuk ke stpwt,strategis untuk ke stpwt,"['strategis', 'untuk', 'ke', 'stpwt']","['strategis', 'stpwt']",strategis stpwt,0,neutral
5,Strategis,Strategis,strategis,strategis,['strategis'],['strategis'],strategis,0,neutral
5,nyaman aman mudah di temukan,nyaman aman mudah di temukan,nyaman aman mudah di temukan,nyaman aman mudah di temukan,"['nyaman', 'aman', 'mudah', 'di', 'temukan']","['nyaman', 'aman', 'mudah', 'temukan']",nyaman aman mudah temukan,8,positive
5,"Tempat transit naik bus, bisa ke trans Jateng, Banyumas atau stasiun pintu barat Purwokerto",Tempat transit naik bus bisa ke trans Jateng Banyumas atau stasiun pintu barat Purwokerto,tempat transit naik bus bisa ke trans jateng banyumas atau stasiun pintu barat purwokerto,tempat transit naik bus bisa ke trans jateng banyumas atau stasiun pintu barat purwokerto,"['tempat', 'transit', 'naik', 'bus', 'bisa', 'ke', 'trans', 'jateng', 'banyumas', 'atau', 'stasiun', 'pintu', 'barat', 'purwokerto']","['transit', 'bus', 'trans', 'jateng', 'banyumas', 'stasiun', 'pintu', 'barat', 'purwokerto']",transit bus trans jateng banyumas stasiun pintu barat purwokerto,0,neutral
5,Bagus,Bagus,bagus,bagus,['bagus'],['bagus'],bagus,2,positive
4,so so,so so,so so,sok sok,"['sok', 'sok']","['sok', 'sok']",sok sok,0,neutral
5,"sebuah halte BRT yang sangat ramai karna sifatnya menjadi terminus / ujung bagi beberapa rute bus, informasi detil mengenai rute Trans Banyumas dan Trans Jateng ada ditempel di halte ini.

Saya berharap, transportasi umum semacam ini semakin diminati masyarakat dan akan mampu berkembang maju seperti di kawasan DK Jakarta dan sekitarnya.

Saya sempat merasakan kemudahan dalam mengakses transportasi umum di Jakarta, membuat saya berharap demikian kemajuan itu terjadi di Purwokerto, dan Banyumas, serta daerah lainnya.

Untuk sementara ini, kondisi halte Bus Trans Banyumas dipisah dengan Bus Trans Jateng, karena alasan tertentu yang saya kurang memahaminya.

Halte Bus Trans Jateng keadaannya lebih terbuka dan tidak terhalang akses udaranya, sama seperti halte pertengahan lainnya.

Sedangkan untuk halte Bus Trans Banyumas, kalau duduk di bagian dalam di cuaca terik, sangat sumuk sekali.

Plus minus nya ada, sesuai dengan cuaca juga iya..

Namun satu hal lagi yang saya terus berharap menjadi perhatian para pemangku kebijakan, yaitu fasilitas mounting sepeda di kendaraan umum..
Wahh sangat memudahkan sekali bagi saya yang belum punya mobil pribadi. Mengangkut sepeda di siang hari yang terik menuju jarak ± 25 Km, tentunya sangat bermanfaat sekali bus ini.",sebuah halte Byang sangat ramai karna sifatnya menjadi terminus  ujung bagi beberapa rute bus informasi detil mengenai rute Trans Banyumas dan Trans Jateng ada ditempel di halte ini  Saya berharap transportasi umum semacam ini semakin diminati masyarakat dan akan mampu berkembang maju seperti di kawasan DK Jakarta dan sekitarnya  Saya sempat merasakan kemudahan dalam mengakses transportasi umum di Jakarta membuat saya berharap demikian kemajuan itu terjadi di Purwokerto dan Banyumas serta daerah lainnya  Untuk sementara ini kondisi halte Bus Trans Banyumas dipisah dengan Bus Trans Jateng karena alasan tertentu yang saya kurang memahaminya  Halte Bus Trans Jateng keadaannya lebih terbuka dan tidak terhalang akses udaranya sama seperti halte pertengahan lainnya  Sedangkan untuk halte Bus Trans Banyumas kalau duduk di bagian dalam di cuaca terik sangat sumuk sekali  Plus minus nya ada sesuai dengan cuaca juga iya  Namun satu hal lagi yang saya terus berharap menjadi perhatian para pemangku kebijakan yaitu fasilitas mounting sepeda di kendaraan umum Wahh sangat memudahkan sekali bagi saya yang belum punya mobil pribadi Mengangkut sepeda di siang hari yang terik menuju jarak   Km tentunya sangat bermanfaat sekali bus ini,sebuah halte byang sangat ramai karna sifatnya menjadi terminus  ujung bagi beberapa rute bus informasi detil mengenai rute trans banyumas dan trans jateng ada ditempel di halte ini  saya berharap transportasi umum semacam ini semakin diminati masyarakat dan akan mampu berkembang maju seperti di kawasan dk jakarta dan sekitarnya  saya sempat merasakan kemudahan dalam mengakses transportasi umum di jakarta membuat saya berharap demikian kemajuan itu terjadi di purwokerto dan banyumas serta daerah lainnya  untuk sementara ini kondisi halte bus trans banyumas dipisah dengan bus trans jateng karena alasan tertentu yang saya kurang memahaminya  halte bus trans jateng keadaannya lebih terbuka dan tidak terhalang akses udaranya sama seperti halte pertengahan lainnya  sedangkan untuk halte bus trans banyumas kalau duduk di bagian dalam di cuaca terik sangat sumuk sekali  plus minus nya ada sesuai dengan cuaca juga iya  namun satu hal lagi yang saya terus berharap menjadi perhatian para pemangku kebijakan yaitu fasilitas mounting sepeda di kendaraan umum wahh sangat memudahkan sekali bagi saya yang belum punya mobil pribadi mengangkut sepeda di siang hari yang terik menuju jarak   km tentunya sangat bermanfaat sekali bus ini,sebuah halte byang sangat ramai karena sifatnya menjadi terminus ujung bagi beberapa rute bus informasi detil mengenai rute trans banyumas dan trans jateng ada ditempel di halte ini saya berharap transportasi umum semacam ini semakin diminati masyarakat dan akan mampu berkembang maju seperti di kawasan dk jakarta dan sekitarnya saya sempat merasakan kemudahan dalam mengakses transportasi umum di jakarta membuat saya berharap demikian kemajuan itu terjadi di purwokerto dan banyumas serta daerah lainnya untuk sementara ini kondisi halte bus trans banyumas dipisah dengan bus trans jateng karena alasan tertentu yang saya kurang memahaminya halte bus trans jateng keadaannya lebih terbuka dan tidak terhalang akses udaranya sama seperti halte pertengahan lainnya sedangkan untuk halte bus trans banyumas kalau duduk di bagian dalam di cuaca terik sangat sumuk sekali plus minus nya ada sesuai dengan cuaca juga iya namun satu hal lagi yang saya terus berharap menjadi perhatian para pemangku kebijakan yaitu fasilitas mounting sepeda di kendaraan umum wah sangat memudahkan sekali bagi saya yang belum punya mobil pribadi mengangkut sepeda di siang hari yang terik menuju jarak kamu tentunya sangat bermanfaat sekali bus ini,"['sebuah', 'halte', 'byang', 'sangat', 'ramai', 'karena', 'sifatnya', 'menjadi', 'terminus', 'ujung', 'bagi', 'beberapa', 'rute', 'bus', 'informasi', 'detil', 'mengenai', 'rute', 'trans', 'banyumas', 'dan', 'trans', 'jateng', 'ada', 'ditempel', 'di', 'halte', 'ini', 'saya', 'berharap', 'transportasi', 'umum', 'semacam', 'ini', 'semakin', 'diminati', 'masyarakat', 'dan', 'akan', 'mampu', 'berkembang', 'maju', 'seperti', 'di', 'kawasan', 'dk', 'jakarta', 'dan', 'sekitarnya', 'saya', 'sempat', 'merasakan', 'kemudahan', 'dalam', 'mengakses', 'transportasi', 'umum', 'di', 'jakarta', 'membuat', 'saya', 'berharap', 'demikian', 'kemajuan', 'itu', 'terjadi', 'di', 'purwokerto', 'dan', 'banyumas', 'serta', 'daerah', 'lainnya', 'untuk', 'sementara', 'ini', 'kondisi', 'halte', 'bus', 'trans', 'banyumas', 'dipisah', 'dengan', 'bus', 'trans', 'jateng', 'karena', 'alasan', 'tertentu', 'yang', 'saya', 'kurang', 'memahaminya', 'halte', 'bus', 'trans', 'jateng', 'keadaannya', 'lebih', 'terbuka', 'dan', 'tidak', 'terhalang', 'akses', 'udaranya', 'sama', 'seperti', 'halte', 'pertengahan', 'lainnya', 'sedangkan', 'untuk', 'halte', 'bus', 'trans', 'banyumas', 'kalau', 'duduk', 'di', 'bagian', 'dalam', 'di', 'cuaca', 'terik', 'sangat', 'sumuk', 'sekali', 'plus', 'minus', 'nya', 'ada', 'sesuai', 'dengan', 'cuaca', 'juga', 'iya', 'namun', 'satu', 'hal', 'lagi', 'yang', 'saya', 'terus', 'berharap', 'menjadi', 'perhatian', 'para', 'pemangku', 'kebijakan', 'yaitu', 'fasilitas', 'mounting', 'sepeda', 'di', 'kendaraan', 'umum', 'wah', 'sangat', 'memudahkan', 'sekali', 'bagi', 'saya', 'yang', 'belum', 'punya', 'mobil', 'pribadi', 'mengangkut', 'sepeda', 'di', 'siang', 'hari', 'yang', 'terik', 'menuju', 'jarak', 'kamu', 'tentunya', 'sangat', 'bermanfaat', 'sekali', 'bus', 'ini']","['halte', 'byang', 'ramai', 'sifatnya', 'terminus', 'ujung', 'rute', 'bus', 'informasi', 'detil', 'rute', 'trans', 'banyumas', 'trans', 'jateng', 'ditempel', 'halte', 'berharap', 'transportasi', 'diminati', 'masyarakat', 'berkembang', 'maju', 'kawasan', 'dk', 'jakarta', 'merasakan', 'kemudahan', 'mengakses', 'transportasi', 'jakarta', 'berharap', 'kemajuan', 'purwokerto', 'banyumas', 'daerah', 'kondisi', 'halte', 'bus', 'trans', 'banyumas', 'dipisah', 'bus', 'trans', 'jateng', 'alasan', 'memahaminya', 'halte', 'bus', 'trans', 'jateng', 'keadaannya', 'terbuka', 'tidak', 'terhalang', 'akses', 'udaranya', 'halte', 'pertengahan', 'halte', 'bus', 'trans', 'banyumas', 'duduk', 'cuaca', 'terik', 'sumuk', 'plus', 'minus', 'sesuai', 'cuaca', 'berharap', 'perhatian', 'pemangku', 'kebijakan', 'fasilitas', 'mounting', 'sepeda', 'kendaraan', 'memudahkan', 'mobil', 'pribadi', 'mengangkut', 'sepeda', 'siang', 'terik', 'jarak', 'bermanfaat', 'bus']",halte byang ramai sifatnya terminus ujung rute bus informasi detil rute trans banyumas trans jateng ditempel halte berharap transportasi diminati masyarakat berkembang maju kawasan dk jakarta merasakan kemudahan mengakses transportasi jakarta berharap kemajuan purwokerto banyumas daerah kondisi halte bus trans banyumas dipisah bus trans jateng alasan memahaminya halte bus trans jateng keadaannya terbuka tidak terhalang akses udaranya halte pertengahan halte bus trans banyumas duduk cuaca terik sumuk plus minus sesuai cuaca berharap perhatian pemangku kebijakan fasilitas mounting sepeda kendaraan memudahkan mobil pribadi mengangkut sepeda siang terik jarak bermanfaat bus,8,positive
5,Tempat tunggu Bus nya bersih..  rapih ..,Tempat tunggu Bus nya bersih  rapih,tempat tunggu bus nya bersih  rapih,tempat tunggu bus nya bersih rapi,"['tempat', 'tunggu', 'bus', 'nya', 'bersih', 'rapi']","['tunggu', 'bus', 'bersih', 'rapi']",tunggu bus bersih rapi,0,neutral
5,"Halte tempat pemberhentian akhir dari bis trans Banyumas rute Terminal Ajibarang - Terminal Pasar Pon. Haltenya nyaman. Ada tempat yg adem. Jadi ga akan kepanasan. Ada tempat duduknya juga. Untuk yg mau pergi lagi, dari halte ini bisa pesan goride atau gocar. Atau bisa juga naik angkot. Banyak angkot yg standby. Untuk penjaga di haltenya baik dan ramah. Ngebantu banget",Halte tempat pemberhentian akhir dari bis trans Banyumas rute Terminal Ajibarang  Terminal Pasar Pon Haltenya nyaman Ada tempat yg adem Jadi ga akan kepanasan Ada tempat duduknya juga Untuk yg mau pergi lagi dari halte ini bisa pesan goride atau gocar Atau bisa juga naik angkot Banyak angkot yg standby Untuk penjaga di haltenya baik dan ramah Ngebantu banget,halte tempat pemberhentian akhir dari bis trans banyumas rute terminal ajibarang  terminal pasar pon haltenya nyaman ada tempat yg adem jadi ga akan kepanasan ada tempat duduknya juga untuk yg mau pergi lagi dari halte ini bisa pesan goride atau gocar atau bisa juga naik angkot banyak angkot yg standby untuk penjaga di haltenya baik dan ramah ngebantu banget,halte tempat pemberhentian akhir dari bis trans banyumas rute terminal ajibarang terminal pasar pon haltenya nyaman ada tempat yang adem jadi enggak akan kepanasan ada tempat duduknya juga untuk yang mau pergi lagi dari halte ini bisa pesan goride atau gocar atau bisa juga naik angkot banyak angkot yang standby untuk penjaga di haltenya baik dan ramah membantu  sekali,"['halte', 'tempat', 'pemberhentian', 'akhir', 'dari', 'bis', 'trans', 'banyumas', 'rute', 'terminal', 'ajibarang', 'terminal', 'pasar', 'pon', 'haltenya', 'nyaman', 'ada', 'tempat', 'yang', 'adem', 'jadi', 'enggak', 'akan', 'kepanasan', 'ada', 'tempat', 'duduknya', 'juga', 'untuk', 'yang', 'mau', 'pergi', 'lagi', 'dari', 'halte', 'ini', 'bisa', 'pesan', 'goride', 'atau', 'gocar', 'atau', 'bisa', 'juga', 'naik', 'angkot', 'banyak', 'angkot', 'yang', 'standby', 'untuk', 'penjaga', 'di', 'haltenya', 'baik', 'dan', 'ramah', 'membantu', 'sekali']","['halte', 'pemberhentian', 'bis', 'trans', 'banyumas', 'rute', 'terminal', 'ajibarang', 'terminal', 'pasar', 'pon', 'haltenya', 'nyaman', 'adem', 'kepanasan', 'duduknya', 'pergi', 'halte', 'pesan', 'goride', 'gocar', 'angkot', 'angkot', 'standby', 'penjaga', 'haltenya', 'ramah', 'membantu']",halte pemberhentian bis trans banyumas rute terminal ajibarang terminal pasar pon haltenya nyaman adem kepanasan duduknya pergi halte pesan goride gocar angkot angkot standby penjaga haltenya ramah membantu,-3,negative
5,Pertama kali naik Trans Jateng Purwokerto Bukateja,Pertama kali naik Trans Jateng Purwokerto Bukateja,pertama kali naik trans jateng purwokerto bukateja,pertama kali naik trans jateng purwokerto bukateja,"['pertama', 'kali', 'naik', 'trans', 'jateng', 'purwokerto', 'bukateja']","['kali', 'trans', 'jateng', 'purwokerto', 'bukateja']",kali trans jateng purwokerto bukateja,0,neutral
4,"Halte ini dekat dengan stasiun purwokerto, gersang",Halte ini dekat dengan stasiun purwokerto gersang,halte ini dekat dengan stasiun purwokerto gersang,halte ini dekat dengan stasiun purwokerto gersang,"['halte', 'ini', 'dekat', 'dengan', 'stasiun', 'purwokerto', 'gersang']","['halte', 'stasiun', 'purwokerto', 'gersang']",halte stasiun purwokerto gersang,-3,negative
5,"Layanan terbaik,ada tempat tunggu bus aman dari panas atau hujan,hanya saja tidak bebas dari asap rokok",Layanan terbaikada tempat tunggu bus aman dari panas atau hujanhanya saja tidak bebas dari asap rokok,layanan terbaikada tempat tunggu bus aman dari panas atau hujanhanya saja tidak bebas dari asap rokok,layanan terbaikada tempat tunggu bus aman dari panas atau hujanhanya saja tidak bebas dari asap rokok,"['layanan', 'terbaikada', 'tempat', 'tunggu', 'bus', 'aman', 'dari', 'panas', 'atau', 'hujanhanya', 'saja', 'tidak', 'bebas', 'dari', 'asap', 'rokok']","['layanan', 'terbaikada', 'tunggu', 'bus', 'aman', 'panas', 'hujanhanya', 'tidak', 'bebas', 'asap', 'rokok']",layanan terbaikada tunggu bus aman panas hujanhanya tidak bebas asap rokok,-9,negative
5,halte trans Banyumas. untuk toilet agak jauh dari halte. sore hari banyak kedai makanan 🙂,halte trans Banyumas untuk toilet agak jauh dari halte sore hari banyak kedai makanan,halte trans banyumas untuk toilet agak jauh dari halte sore hari banyak kedai makanan,halte trans banyumas untuk toilet agak jauh dari halte sore hari banyak kedai makanan,"['halte', 'trans', 'banyumas', 'untuk', 'toilet', 'agak', 'jauh', 'dari', 'halte', 'sore', 'hari', 'banyak', 'kedai', 'makanan']","['halte', 'trans', 'banyumas', 'toilet', 'halte', 'sore', 'kedai', 'makanan']",halte trans banyumas toilet halte sore kedai makanan,3,positive
2,"Sebenarnya pelayanan dari driver Bus Trans Banyumas saya akui sangat bagus dan ramah, namun sangat disayangkan pelayanan dari petugas di halte pasar pon sangat tidak ramah dan tidak memberikan informasi yang jelas kepada calon penumpang yang baru pertama kali akan menggunakan bus trans banyumas, hal ini saya alami sendiri pada Hari Rabu, 4 September 2024 ketika hendak bertanya mengenai rute Bus Trans Banyumas untuk arah rita supermall apakah bisa jika menggunakan trans banyumas atau tidak, karena saya baru untuk pertama kalinya akan menggunakan bus tersebut sehingga saya bertanya kepada petugas halte, namun tidak dijawab sama sekali bahkan memalingkan muka seakan pertanyaan mengenai hal tersebut merupakan pertanyaan yang tidak perlu mendapatkan jawaban. Padahal disini saya masyarakat umum dan masih awam mengenai rute  Bus Trans Banyumas. Menurut saya pertanyaan tersebut sangat wajar untuk ditanyakan dan sangat pantas untuk mendapatkan jawaban, namun faktanya sama sekali tidak dijawab oleh petugas. Dan pada saat petugas halte tidak menjawab akhirnya ada salah satu driver ojek online yang membantu menjawab pertanyaan saya tersebut. Saya sangat kecewa dengan pelayanan petugas tersebut karena dari segi pelayanan di dalam bus nya sudah sangat bagus namun karena ketidakramahan petugas halte membuat saya merasa kecewa dengan pelayanan yang ada di halte pasar pon. Semoga keluhan saya dapat menjadi bahan evaluasi bagi petugas halte pasar pon untuk kedepannya agar bisa lebih ramah dan sopan dalam menjawab setiap pertanyaan secara informatif kepada calon penumpang Bus Trans Banyumas, sukses selalu untuk pelayanan Bus Trans Banyumas kedepannya🙏👍",Sebenarnya pelayanan dari driver Bus Trans Banyumas saya akui sangat bagus dan ramah namun sangat disayangkan pelayanan dari petugas di halte pasar pon sangat tidak ramah dan tidak memberikan informasi yang jelas kepada calon penumpang yang baru pertama kali akan menggunakan bus trans banyumas hal ini saya alami sendiri pada Hari Rabu  September  ketika hendak bertanya mengenai rute Bus Trans Banyumas untuk arah rita supermall apakah bisa jika menggunakan trans banyumas atau tidak karena saya baru untuk pertama kalinya akan menggunakan bus tersebut sehingga saya bertanya kepada petugas halte namun tidak dijawab sama sekali bahkan memalingkan muka seakan pertanyaan mengenai hal tersebut merupakan pertanyaan yang tidak perlu mendapatkan jawaban Padahal disini saya masyarakat umum dan masih awam mengenai rute  Bus Trans Banyumas Menurut saya pertanyaan tersebut sangat wajar untuk ditanyakan dan sangat pantas untuk mendapatkan jawaban namun faktanya sama sekali tidak dijawab oleh petugas Dan pada saat petugas halte tidak menjawab akhirnya ada salah satu driver ojek online yang membantu menjawab pertanyaan saya tersebut Saya sangat kecewa dengan pelayanan petugas tersebut karena dari segi pelayanan di dalam bus nya sudah sangat bagus namun karena ketidakramahan petugas halte membuat saya merasa kecewa dengan pelayanan yang ada di halte pasar pon Semoga keluhan saya dapat menjadi bahan evaluasi bagi petugas halte pasar pon untuk kedepannya agar bisa lebih ramah dan sopan dalam menjawab setiap pertanyaan secara informatif kepada calon penumpang Bus Trans Banyumas sukses selalu untuk pelayanan Bus Trans Banyumas kedepannya,sebenarnya pelayanan dari driver bus trans banyumas saya akui sangat bagus dan ramah namun sangat disayangkan pelayanan dari petugas di halte pasar pon sangat tidak ramah dan tidak memberikan informasi yang jelas kepada calon penumpang yang baru pertama kali akan menggunakan bus trans banyumas hal ini saya alami sendiri pada hari rabu  september  ketika hendak bertanya mengenai rute bus trans banyumas untuk arah rita supermall apakah bisa jika menggunakan trans banyumas atau tidak karena saya baru untuk pertama kalinya akan menggunakan bus tersebut sehingga saya bertanya kepada petugas halte namun tidak dijawab sama sekali bahkan memalingkan muka seakan pertanyaan mengenai hal tersebut merupakan pertanyaan yang tidak perlu mendapatkan jawaban padahal disini saya masyarakat umum dan masih awam mengenai rute  bus trans banyumas menurut saya pertanyaan tersebut sangat wajar untuk ditanyakan dan sangat pantas untuk mendapatkan jawaban namun faktanya sama sekali tidak dijawab oleh petugas dan pada saat petugas halte tidak menjawab akhirnya ada salah satu driver ojek online yang membantu menjawab pertanyaan saya tersebut saya sangat kecewa dengan pelayanan petugas tersebut karena dari segi pelayanan di dalam bus nya sudah sangat bagus namun karena ketidakramahan petugas halte membuat saya merasa kecewa dengan pelayanan yang ada di halte pasar pon semoga keluhan saya dapat menjadi bahan evaluasi bagi petugas halte pasar pon untuk kedepannya agar bisa lebih ramah dan sopan dalam menjawab setiap pertanyaan secara informatif kepada calon penumpang bus trans banyumas sukses selalu untuk pelayanan bus trans banyumas kedepannya,sebenarnya pelayanan dari kurir bus trans banyumas saya akui sangat bagus dan ramah namun sangat disayangkan pelayanan dari petugas di halte pasar pon sangat tidak ramah dan tidak memberikan informasi yang jelas kepada calon penumpang yang baru pertama kali akan menggunakan bus trans banyumas hal ini saya alami sendiri pada hari rabu september ketika hendak bertanya mengenai rute bus trans banyumas untuk arah rita supermall apakah bisa jika menggunakan trans banyumas atau tidak karena saya baru untuk pertama kalinya akan menggunakan bus tersebut sehingga saya bertanya kepada petugas halte namun tidak dijawab sama sekali bahkan memalingkan muka seakan pertanyaan mengenai hal tersebut merupakan pertanyaan yang tidak perlu mendapatkan jawaban padahal disini saya masyarakat umum dan masih awam mengenai rute bus trans banyumas menurut saya pertanyaan tersebut sangat wajar untuk ditanyakan dan sangat pantas untuk mendapatkan jawaban namun faktanya sama sekali tidak dijawab oleh petugas dan pada saat petugas halte tidak menjawab akhirnya ada salah satu kurir ojek online yang membantu menjawab pertanyaan saya tersebut saya sangat kecewa dengan pelayanan petugas tersebut karena dari segi pelayanan di dalam bus nya sudah sangat bagus namun karena ketidakramahan petugas halte membuat saya merasa kecewa dengan pelayanan yang ada di halte pasar pon semoga keluhan saya dapat menjadi bahan evaluasi bagi petugas halte pasar pon untuk kedepannya agar bisa lebih ramah dan sopan dalam menjawab setiap pertanyaan secara informatif kepada calon penumpang bus trans banyumas sukses selalu untuk pelayanan bus trans banyumas kedepannya,"['sebenarnya', 'pelayanan', 'dari', 'kurir', 'bus', 'trans', 'banyumas', 'saya', 'akui', 'sangat', 'bagus', 'dan', 'ramah', 'namun', 'sangat', 'disayangkan', 'pelayanan', 'dari', 'petugas', 'di', 'halte', 'pasar', 'pon', 'sangat', 'tidak', 'ramah', 'dan', 'tidak', 'memberikan', 'informasi', 'yang', 'jelas', 'kepada', 'calon', 'penumpang', 'yang', 'baru', 'pertama', 'kali', 'akan', 'menggunakan', 'bus', 'trans', 'banyumas', 'hal', 'ini', 'saya', 'alami', 'sendiri', 'pada', 'hari', 'rabu', 'september', 'ketika', 'hendak', 'bertanya', 'mengenai', 'rute', 'bus', 'trans', 'banyumas', 'untuk', 'arah', 'rita', 'supermall', 'apakah', 'bisa', 'jika', 'menggunakan', 'trans', 'banyumas', 'atau', 'tidak', 'karena', 'saya', 'baru', 'untuk', 'pertama', 'kalinya', 'akan', 'menggunakan', 'bus', 'tersebut', 'sehingga', 'saya', 'bertanya', 'kepada', 'petugas', 'halte', 'namun', 'tidak', 'dijawab', 'sama', 'sekali', 'bahkan', 'memalingkan', 'muka', 'seakan', 'pertanyaan', 'mengenai', 'hal', 'tersebut', 'merupakan', 'pertanyaan', 'yang', 'tidak', 'perlu', 'mendapatkan', 'jawaban', 'padahal', 'disini', 'saya', 'masyarakat', 'umum', 'dan', 'masih', 'awam', 'mengenai', 'rute', 'bus', 'trans', 'banyumas', 'menurut', 'saya', 'pertanyaan', 'tersebut', 'sangat', 'wajar', 'untuk', 'ditanyakan', 'dan', 'sangat', 'pantas', 'untuk', 'mendapatkan', 'jawaban', 'namun', 'faktanya', 'sama', 'sekali', 'tidak', 'dijawab', 'oleh', 'petugas', 'dan', 'pada', 'saat', 'petugas', 'halte', 'tidak', 'menjawab', 'akhirnya', 'ada', 'salah', 'satu', 'kurir', 'ojek', 'online', 'yang', 'membantu', 'menjawab', 'pertanyaan', 'saya', 'tersebut', 'saya', 'sangat', 'kecewa', 'dengan', 'pelayanan', 'petugas', 'tersebut', 'karena', 'dari', 'segi', 'pelayanan', 'di', 'dalam', 'bus', 'nya', 'sudah', 'sangat', 'bagus', 'namun', 'karena', 'ketidakramahan', 'petugas', 'halte', 'membuat', 'saya', 'merasa', 'kecewa', 'dengan', 'pelayanan', 'yang', 'ada', 'di', 'halte', 'pasar', 'pon', 'semoga', 'keluhan', 'saya', 'dapat', 'menjadi', 'bahan', 'evaluasi', 'bagi', 'petugas', 'halte', 'pasar', 'pon', 'untuk', 'kedepannya', 'agar', 'bisa', 'lebih', 'ramah', 'dan', 'sopan', 'dalam', 'menjawab', 'setiap', 'pertanyaan', 'secara', 'informatif', 'kepada', 'calon', 'penumpang', 'bus', 'trans', 'banyumas', 'sukses', 'selalu', 'untuk', 'pelayanan', 'bus', 'trans', 'banyumas', 'kedepannya']","['pelayanan', 'kurir', 'bus', 'trans', 'banyumas', 'akui', 'bagus', 'ramah', 'disayangkan', 'pelayanan', 'petugas', 'halte', 'pasar', 'pon', 'tidak', 'ramah', 'tidak', 'informasi', 'calon', 'penumpang', 'kali', 'bus', 'trans', 'banyumas', 'alami', 'rabu', 'september', 'rute', 'bus', 'trans', 'banyumas', 'arah', 'rita', 'supermall', 'trans', 'banyumas', 'tidak', 'kalinya', 'bus', 'petugas', 'halte', 'tidak', 'memalingkan', 'muka', 'seakan', 'tidak', 'masyarakat', 'awam', 'rute', 'bus', 'trans', 'banyumas', 'wajar', 'faktanya', 'tidak', 'petugas', 'petugas', 'halte', 'tidak', 'salah', 'kurir', 'ojek', 'online', 'membantu', 'kecewa', 'pelayanan', 'petugas', 'segi', 'pelayanan', 'bus', 'bagus', 'ketidakramahan', 'petugas', 'halte', 'kecewa', 'pelayanan', 'halte', 'pasar', 'pon', 'semoga', 'keluhan', 'bahan', 'evaluasi', 'petugas', 'halte', 'pasar', 'pon', 'kedepannya', 'ramah', 'sopan', 'informatif', 'calon', 'penumpang', 'bus', 'trans', 'banyumas', 'sukses', 'pelayanan', 'bus', 'trans', 'banyumas', 'kedepannya']",pelayanan kurir bus trans banyumas akui bagus ramah disayangkan pelayanan petugas halte pasar pon tidak ramah tidak informasi calon penumpang kali bus trans banyumas alami rabu september rute bus trans banyumas arah rita supermall trans banyumas tidak kalinya bus petugas halte tidak memalingkan muka seakan tidak masyarakat awam rute bus trans banyumas wajar faktanya tidak petugas petugas halte tidak salah kurir ojek online membantu kecewa pelayanan petugas segi pelayanan bus bagus ketidakramahan petugas halte kecewa pelayanan halte pasar pon semoga keluhan bahan evaluasi petugas halte pasar pon kedepannya ramah sopan informatif calon penumpang bus trans banyumas sukses pelayanan bus trans banyumas kedepannya,-60,negative
4,"Halte nya bersih , petugas nya lumayan informatif cuma untuk pendatang yg baru pertama naik trans banyumas atau trans Jateng kurang informasi hanya ada jalur2 saja",Halte nya bersih  petugas nya lumayan informatif cuma untuk pendatang yg baru pertama naik trans banyumas atau trans Jateng kurang informasi hanya ada jalur saja,halte nya bersih  petugas nya lumayan informatif cuma untuk pendatang yg baru pertama naik trans banyumas atau trans jateng kurang informasi hanya ada jalur saja,halte nya bersih petugas nya lumayan informatif cuma untuk pendatang yang baru pertama naik trans banyumas atau trans jateng kurang informasi hanya ada jalur saja,"['halte', 'nya', 'bersih', 'petugas', 'nya', 'lumayan', 'informatif', 'cuma', 'untuk', 'pendatang', 'yang', 'baru', 'pertama', 'naik', 'trans', 'banyumas', 'atau', 'trans', 'jateng', 'kurang', 'informasi', 'hanya', 'ada', 'jalur', 'saja']","['halte', 'bersih', 'petugas', 'lumayan', 'informatif', 'pendatang', 'trans', 'banyumas', 'trans', 'jateng', 'informasi', 'jalur']",halte bersih petugas lumayan informatif pendatang trans banyumas trans jateng informasi jalur,-9,negative
4,halte terdekat dengan stasiun Purwokerto,halte terdekat dengan stasiun Purwokerto,halte terdekat dengan stasiun purwokerto,halte terdekat dengan stasiun purwokerto,"['halte', 'terdekat', 'dengan', 'stasiun', 'purwokerto']","['halte', 'terdekat', 'stasiun', 'purwokerto']",halte terdekat stasiun purwokerto,1,positive
5,Kalau pulang ke rumah selalu naik bus trans,Kalau pulang ke rumah selalu naik bus trans,kalau pulang ke rumah selalu naik bus trans,kalau pulang ke rumah selalu naik bus trans,"['kalau', 'pulang', 'ke', 'rumah', 'selalu', 'naik', 'bus', 'trans']","['pulang', 'rumah', 'bus', 'trans']",pulang rumah bus trans,3,positive
5,Petugas ramah.busway banyak.,Petugas ramahbusway banyak,petugas ramahbusway banyak,petugas ramahbusway banyak,"['petugas', 'ramahbusway', 'banyak']","['petugas', 'ramahbusway']",petugas ramahbusway,-3,negative
5,"Bisa ke stasiun naik trans banyumas, lewat pintu barat. Mantap🤠",Bisa ke stasiun naik trans banyumas lewat pintu barat Mantap,bisa ke stasiun naik trans banyumas lewat pintu barat mantap,bisa ke stasiun naik trans banyumas lewat pintu barat mantap,"['bisa', 'ke', 'stasiun', 'naik', 'trans', 'banyumas', 'lewat', 'pintu', 'barat', 'mantap']","['stasiun', 'trans', 'banyumas', 'pintu', 'barat', 'mantap']",stasiun trans banyumas pintu barat mantap,5,positive
5,Sangat bagus,Sangat bagus,sangat bagus,sangat bagus,"['sangat', 'bagus']",['bagus'],bagus,2,positive
5,"Tempat bis trans banyumas ke ajibarang, tiket yg sangat murah banget, semoga bisa di fasilitasi selain uang elektronik/qr code biar bisa membantu perjalanan warga",Tempat bis trans banyumas ke ajibarang tiket yg sangat murah banget semoga bisa di fasilitasi selain uang elektronikqr code biar bisa membantu perjalanan warga,tempat bis trans banyumas ke ajibarang tiket yg sangat murah banget semoga bisa di fasilitasi selain uang elektronikqr code biar bisa membantu perjalanan warga,tempat bis trans banyumas ke ajibarang tiket yang sangat murah  sekali semoga bisa di fasilitasi selain uang elektronikqr code biar bisa membantu perjalanan warga,"['tempat', 'bis', 'trans', 'banyumas', 'ke', 'ajibarang', 'tiket', 'yang', 'sangat', 'murah', 'sekali', 'semoga', 'bisa', 'di', 'fasilitasi', 'selain', 'uang', 'elektronikqr', 'code', 'biar', 'bisa', 'membantu', 'perjalanan', 'warga']","['bis', 'trans', 'banyumas', 'ajibarang', 'tiket', 'murah', 'semoga', 'fasilitasi', 'uang', 'elektronikqr', 'code', 'biar', 'membantu', 'perjalanan', 'warga']",bis trans banyumas ajibarang tiket murah semoga fasilitasi uang elektronikqr code biar membantu perjalanan warga,3,positive
5,"Menyenangkan, tapi klo bisa utk waktu tunggu transit dipersingkat",Menyenangkan tapi klo bisa utk waktu tunggu transit dipersingkat,menyenangkan tapi klo bisa utk waktu tunggu transit dipersingkat,menyenangkan tapi kalo bisa untuk waktu tunggu transit dipersingkat,"['menyenangkan', 'tapi', 'kalo', 'bisa', 'untuk', 'waktu', 'tunggu', 'transit', 'dipersingkat']","['menyenangkan', 'kalo', 'tunggu', 'transit', 'dipersingkat']",menyenangkan kalo tunggu transit dipersingkat,0,neutral
4,Halte Pasar Pon adalah Halte Transit Trans Banyumas yang menghubungkan ke beberapa lokasi di Kabupaten Banyumas ... Lokasi strategis di depan underpass jenderal Sudirman Banyumas .... Dan merupakan jalur utama di Kab. Banyumas,Halte Pasar Pon adalah Halte Transit Trans Banyumas yang menghubungkan ke beberapa lokasi di Kabupaten Banyumas  Lokasi strategis di depan underpass jenderal Sudirman Banyumas  Dan merupakan jalur utama di Kab Banyumas,halte pasar pon adalah halte transit trans banyumas yang menghubungkan ke beberapa lokasi di kabupaten banyumas  lokasi strategis di depan underpass jenderal sudirman banyumas  dan merupakan jalur utama di kab banyumas,halte pasar pon adalah halte transit trans banyumas yang menghubungkan ke beberapa lokasi di kabupaten banyumas lokasi strategis di depan underpass jenderal sudirman banyumas dan merupakan jalur utama di kabupaten banyumas,"['halte', 'pasar', 'pon', 'adalah', 'halte', 'transit', 'trans', 'banyumas', 'yang', 'menghubungkan', 'ke', 'beberapa', 'lokasi', 'di', 'kabupaten', 'banyumas', 'lokasi', 'strategis', 'di', 'depan', 'underpass', 'jenderal', 'sudirman', 'banyumas', 'dan', 'merupakan', 'jalur', 'utama', 'di', 'kabupaten', 'banyumas']","['halte', 'pasar', 'pon', 'halte', 'transit', 'trans', 'banyumas', 'menghubungkan', 'lokasi', 'kabupaten', 'banyumas', 'lokasi', 'strategis', 'underpass', 'jenderal', 'sudirman', 'banyumas', 'jalur', 'utama', 'kabupaten', 'banyumas']",halte pasar pon halte transit trans banyumas menghubungkan lokasi kabupaten banyumas lokasi strategis underpass jenderal sudirman banyumas jalur utama kabupaten banyumas,-4,negative
5,Coba ditambahi pohon atau tanaman biar ga gersang atau panas banget,Coba ditambahi pohon atau tanaman biar ga gersang atau panas banget,coba ditambahi pohon atau tanaman biar ga gersang atau panas banget,coba ditambahi pohon atau tanaman biar enggak gersang atau panas  sekali,"['coba', 'ditambahi', 'pohon', 'atau', 'tanaman', 'biar', 'enggak', 'gersang', 'atau', 'panas', 'sekali']","['coba', 'ditambahi', 'pohon', 'tanaman', 'biar', 'gersang', 'panas']",coba ditambahi pohon tanaman biar gersang panas,-7,negative
4,Semakin lengkap,Semakin lengkap,semakin lengkap,semakin lengkap,"['semakin', 'lengkap']",['lengkap'],lengkap,2,positive
4,"Halte bus paling sibuk di kawasan Purwokerto karena sebagai tempat basecamp bus Trans Banyumas untuk istirahat.

Pros:
+ Lokasi strategis dan mudah dijangkau karena terletak di depan Pasar Pon yang legendaris.
+ Area halte cukup bersih dan rapi.
+ Jarak menunggu cukup singkat karena hampir tiap 5 menit, bus akan silih berganti.
+ Ada petugas yang berjaga dan siap membantu kapan pun.
+ Ada petugas parkir pasar yang bersedia dititipi kendaraan hingga maksimal jam 7 malam dengan tarif hanya Rp 5.000,-

Cons:
- Jalanan menuju dan sekitar area halte rusak parah. Padahal yang jadi pusat utama adalah pasarnya. Perlu adanya perbaikan dan penguatan jalan agar tidak gampang rusak karena dijadikan tempat persinggahan untuk bus.",Halte bus paling sibuk di kawasan Purwokerto karena sebagai tempat basecamp bus Trans Banyumas untuk istirahat  Pros  Lokasi strategis dan mudah dijangkau karena terletak di depan Pasar Pon yang legendaris  Area halte cukup bersih dan rapi  Jarak menunggu cukup singkat karena hampir tiap  menit bus akan silih berganti  Ada petugas yang berjaga dan siap membantu kapan pun  Ada petugas parkir pasar yang bersedia dititipi kendaraan hingga maksimal jam  malam dengan tarif hanya Rp   Cons  Jalanan menuju dan sekitar area halte rusak parah Padahal yang jadi pusat utama adalah pasarnya Perlu adanya perbaikan dan penguatan jalan agar tidak gampang rusak karena dijadikan tempat persinggahan untuk bus,halte bus paling sibuk di kawasan purwokerto karena sebagai tempat basecamp bus trans banyumas untuk istirahat  pros  lokasi strategis dan mudah dijangkau karena terletak di depan pasar pon yang legendaris  area halte cukup bersih dan rapi  jarak menunggu cukup singkat karena hampir tiap  menit bus akan silih berganti  ada petugas yang berjaga dan siap membantu kapan pun  ada petugas parkir pasar yang bersedia dititipi kendaraan hingga maksimal jam  malam dengan tarif hanya rp   cons  jalanan menuju dan sekitar area halte rusak parah padahal yang jadi pusat utama adalah pasarnya perlu adanya perbaikan dan penguatan jalan agar tidak gampang rusak karena dijadikan tempat persinggahan untuk bus,halte bus paling sibuk di kawasan purwokerto karena sebagai tempat basecamp bus trans banyumas untuk istirahat pros lokasi strategis dan mudah dijangkau karena terletak di depan pasar pon yang legendaris area halte cukup bersih dan rapi jarak menunggu cukup singkat karena hampir tiap menit bus akan silih berganti ada petugas yang berjaga dan siap membantu kapan pun ada petugas parkir pasar yang bersedia dititipi kendaraan hingga maksimal jam malam dengan tarif hanya rp cons jalanan menuju dan sekitar area halte rusak parah padahal yang jadi pusat utama adalah pasarnya perlu adanya perbaikan dan penguatan jalan agar tidak gampang rusak karena dijadikan tempat persinggahan untuk bus,"['halte', 'bus', 'paling', 'sibuk', 'di', 'kawasan', 'purwokerto', 'karena', 'sebagai', 'tempat', 'basecamp', 'bus', 'trans', 'banyumas', 'untuk', 'istirahat', 'pros', 'lokasi', 'strategis', 'dan', 'mudah', 'dijangkau', 'karena', 'terletak', 'di', 'depan', 'pasar', 'pon', 'yang', 'legendaris', 'area', 'halte', 'cukup', 'bersih', 'dan', 'rapi', 'jarak', 'menunggu', 'cukup', 'singkat', 'karena', 'hampir', 'tiap', 'menit', 'bus', 'akan', 'silih', 'berganti', 'ada', 'petugas', 'yang', 'berjaga', 'dan', 'siap', 'membantu', 'kapan', 'pun', 'ada', 'petugas', 'parkir', 'pasar', 'yang', 'bersedia', 'dititipi', 'kendaraan', 'hingga', 'maksimal', 'jam', 'malam', 'dengan', 'tarif', 'hanya', 'rp', 'cons', 'jalanan', 'menuju', 'dan', 'sekitar', 'area', 'halte', 'rusak', 'parah', 'padahal', 'yang', 'jadi', 'pusat', 'utama', 'adalah', 'pasarnya', 'perlu', 'adanya', 'perbaikan', 'dan', 'penguatan', 'jalan', 'agar', 'tidak', 'gampang', 'rusak', 'karena', 'dijadikan', 'tempat', 'persinggahan', 'untuk', 'bus']","['halte', 'bus', 'sibuk', 'kawasan', 'purwokerto', 'basecamp', 'bus', 'trans', 'banyumas', 'istirahat', 'pros', 'lokasi', 'strategis', 'mudah', 'dijangkau', 'terletak', 'pasar', 'pon', 'legendaris', 'area', 'halte', 'bersih', 'rapi', 'jarak', 'menunggu', 'singkat', 'menit', 'bus', 'silih', 'berganti', 'petugas', 'berjaga', 'membantu', 'petugas', 'parkir', 'pasar', 'bersedia', 'dititipi', 'kendaraan', 'maksimal', 'jam', 'malam', 'tarif', 'rp', 'cons', 'jalanan', 'area', 'halte', 'rusak', 'parah', 'pusat', 'utama', 'pasarnya', 'perbaikan', 'penguatan', 'jalan', 'tidak', 'gampang', 'rusak', 'dijadikan', 'persinggahan', 'bus']",halte bus sibuk kawasan purwokerto basecamp bus trans banyumas istirahat pros lokasi strategis mudah dijangkau terletak pasar pon legendaris area halte bersih rapi jarak menunggu singkat menit bus silih berganti petugas berjaga membantu petugas parkir pasar bersedia dititipi kendaraan maksimal jam malam tarif rp cons jalanan area halte rusak parah pusat utama pasarnya perbaikan penguatan jalan tidak gampang rusak dijadikan persinggahan bus,-12,negative
4,"Pertama kali naik bus trans Banyumas untuk berpergian dari GKI - RSUD Aji barang dengan jarak tempuh sekitar 1 jam. Fasilitas cukup nyaman untuk busnya, hanya saja fasilitas halte masih belum seluruhnya ada.",Pertama kali naik bus trans Banyumas untuk berpergian dari GKI  RSUD Aji barang dengan jarak tempuh sekitar  jam Fasilitas cukup nyaman untuk busnya hanya saja fasilitas halte masih belum seluruhnya ada,pertama kali naik bus trans banyumas untuk berpergian dari gki  rsud aji barang dengan jarak tempuh sekitar  jam fasilitas cukup nyaman untuk busnya hanya saja fasilitas halte masih belum seluruhnya ada,pertama kali naik bus trans banyumas untuk berpergian dari gki rsud aji barang dengan jarak tempuh sekitar jam fasilitas cukup nyaman untuk busnya hanya saja fasilitas halte masih belum seluruhnya ada,"['pertama', 'kali', 'naik', 'bus', 'trans', 'banyumas', 'untuk', 'berpergian', 'dari', 'gki', 'rsud', 'aji', 'barang', 'dengan', 'jarak', 'tempuh', 'sekitar', 'jam', 'fasilitas', 'cukup', 'nyaman', 'untuk', 'busnya', 'hanya', 'saja', 'fasilitas', 'halte', 'masih', 'belum', 'seluruhnya', 'ada']","['kali', 'bus', 'trans', 'banyumas', 'berpergian', 'gki', 'rsud', 'aji', 'barang', 'jarak', 'tempuh', 'jam', 'fasilitas', 'nyaman', 'busnya', 'fasilitas', 'halte']",kali bus trans banyumas berpergian gki rsud aji barang jarak tempuh jam fasilitas nyaman busnya fasilitas halte,1,positive
5,Busy bus stop thanks to its usefullness as transit for 3 bus routes.,Busy bus stop thanks to its usefullness as transit for  bus routes,busy bus stop thanks to its usefullness as transit for  bus routes,busy bus stop thanks tapi its usefullness as transit for bus routes,"['busy', 'bus', 'stop', 'thanks', 'tapi', 'its', 'usefullness', 'as', 'transit', 'for', 'bus', 'routes']","['busy', 'bus', 'stop', 'thanks', 'usefullness', 'transit', 'bus', 'routes']",busy bus stop thanks usefullness transit bus routes,3,positive
5,Bagus halte terdekat klo mau turun ke stasiun,Bagus halte terdekat klo mau turun ke stasiun,bagus halte terdekat klo mau turun ke stasiun,bagus halte terdekat kalo mau turun ke stasiun,"['bagus', 'halte', 'terdekat', 'kalo', 'mau', 'turun', 'ke', 'stasiun']","['bagus', 'halte', 'terdekat', 'kalo', 'turun', 'stasiun']",bagus halte terdekat kalo turun stasiun,1,positive
5,Nah ini nunggu antrian pas naik busway hihi,Nah ini nunggu antrian pas naik busway hihi,nah ini nunggu antrian pas naik busway hihi,nah ini menunggu antrian  ketika naik busway hihi,"['nah', 'ini', 'menunggu', 'antrian', 'ketika', 'naik', 'busway', 'hihi']","['menunggu', 'antrian', 'busway', 'hihi']",menunggu antrian busway hihi,-3,negative
5,"Halte bis trans bms, trans jateng, ada banyak angkot juga. Haltene cukup luas",Halte bis trans bms trans jateng ada banyak angkot juga Haltene cukup luas,halte bis trans bms trans jateng ada banyak angkot juga haltene cukup luas,halte bis trans bms trans jateng ada banyak angkot juga haltene cukup luas,"['halte', 'bis', 'trans', 'bms', 'trans', 'jateng', 'ada', 'banyak', 'angkot', 'juga', 'haltene', 'cukup', 'luas']","['halte', 'bis', 'trans', 'bms', 'trans', 'jateng', 'angkot', 'haltene', 'luas']",halte bis trans bms trans jateng angkot haltene luas,2,positive
4,"dekat, strategis, nyaman, teduh, banyak transportasi umum yang murah murah",dekat strategis nyaman teduh banyak transportasi umum yang murah murah,dekat strategis nyaman teduh banyak transportasi umum yang murah murah,dekat strategis nyaman teduh banyak transportasi umum yang murah murah,"['dekat', 'strategis', 'nyaman', 'teduh', 'banyak', 'transportasi', 'umum', 'yang', 'murah', 'murah']","['strategis', 'nyaman', 'teduh', 'transportasi', 'murah', 'murah']",strategis nyaman teduh transportasi murah murah,6,positive
4,Bua Trans Jateng Sangat membantu perjalanan di lintas banyumas - purbalingga.,Bua Trans Jateng Sangat membantu perjalanan di lintas banyumas  purbalingga,bua trans jateng sangat membantu perjalanan di lintas banyumas  purbalingga,bua trans jateng sangat membantu perjalanan di lintas banyumas purbalingga,"['bua', 'trans', 'jateng', 'sangat', 'membantu', 'perjalanan', 'di', 'lintas', 'banyumas', 'purbalingga']","['bua', 'trans', 'jateng', 'membantu', 'perjalanan', 'lintas', 'banyumas', 'purbalingga']",bua trans jateng membantu perjalanan lintas banyumas purbalingga,4,positive
5,"Halte yang mudah ditemukan, jarena tepat dipinggir jalan dan depan pasar pon. Melayani rute TB 1 PasarPon-Ajibarang PP, dulewati oleh TB 3 Terminal Bulupitu-Kebondalem, juga ada halte Trans Jateng Termin Bulupitu-Terminal Bukateja. Tempat Bersih dan Nyaman, terdapat ruang transit untuk Penumpang Trans Banyumas yg nyaman. Banyak petugas baik dari trans banyumas maupun trans jateng yang akan membantu. Rute trans banyumas dan trans hateng tertempel dimasing-masing halte. Pengalaman baru di phrwomerto ada trabsportasi yang nyaman. Yang belum mencoba silahkan mencoba.
🍀✨️",Halte yang mudah ditemukan jarena tepat dipinggir jalan dan depan pasar pon Melayani rute TB  PasarPonAjibarang PP dulewati oleh TB  Terminal BulupituKebondalem juga ada halte Trans Jateng Termin BulupituTerminal Bukateja Tempat Bersih dan Nyaman terdapat ruang transit untuk Penumpang Trans Banyumas yg nyaman Banyak petugas baik dari trans banyumas maupun trans jateng yang akan membantu Rute trans banyumas dan trans hateng tertempel dimasingmasing halte Pengalaman baru di phrwomerto ada trabsportasi yang nyaman Yang belum mencoba silahkan mencoba,halte yang mudah ditemukan jarena tepat dipinggir jalan dan depan pasar pon melayani rute tb  pasarponajibarang pp dulewati oleh tb  terminal bulupitukebondalem juga ada halte trans jateng termin bulupituterminal bukateja tempat bersih dan nyaman terdapat ruang transit untuk penumpang trans banyumas yg nyaman banyak petugas baik dari trans banyumas maupun trans jateng yang akan membantu rute trans banyumas dan trans hateng tertempel dimasingmasing halte pengalaman baru di phrwomerto ada trabsportasi yang nyaman yang belum mencoba silahkan mencoba,halte yang mudah ditemukan jarena tepat dipinggir jalan dan depan pasar pon melayani rute tb pasarponajibarang pp dulewati oleh tb terminal bulupitukebondalem juga ada halte trans jateng termin bulupituterminal bukateja tempat bersih dan nyaman terdapat ruang transit untuk penumpang trans banyumas yang nyaman banyak petugas baik dari trans banyumas maupun trans jateng yang akan membantu rute trans banyumas dan trans hateng tertempel dimasingmasing halte pengalaman baru di phrwomerto ada trabsportasi yang nyaman yang belum mencoba silakan mencoba,"['halte', 'yang', 'mudah', 'ditemukan', 'jarena', 'tepat', 'dipinggir', 'jalan', 'dan', 'depan', 'pasar', 'pon', 'melayani', 'rute', 'tb', 'pasarponajibarang', 'pp', 'dulewati', 'oleh', 'tb', 'terminal', 'bulupitukebondalem', 'juga', 'ada', 'halte', 'trans', 'jateng', 'termin', 'bulupituterminal', 'bukateja', 'tempat', 'bersih', 'dan', 'nyaman', 'terdapat', 'ruang', 'transit', 'untuk', 'penumpang', 'trans', 'banyumas', 'yang', 'nyaman', 'banyak', 'petugas', 'baik', 'dari', 'trans', 'banyumas', 'maupun', 'trans', 'jateng', 'yang', 'akan', 'membantu', 'rute', 'trans', 'banyumas', 'dan', 'trans', 'hateng', 'tertempel', 'dimasingmasing', 'halte', 'pengalaman', 'baru', 'di', 'phrwomerto', 'ada', 'trabsportasi', 'yang', 'nyaman', 'yang', 'belum', 'mencoba', 'silakan', 'mencoba']","['halte', 'mudah', 'ditemukan', 'jarena', 'dipinggir', 'jalan', 'pasar', 'pon', 'melayani', 'rute', 'tb', 'pasarponajibarang', 'pp', 'dulewati', 'tb', 'terminal', 'bulupitukebondalem', 'halte', 'trans', 'jateng', 'termin', 'bulupituterminal', 'bukateja', 'bersih', 'nyaman', 'ruang', 'transit', 'penumpang', 'trans', 'banyumas', 'nyaman', 'petugas', 'trans', 'banyumas', 'trans', 'jateng', 'membantu', 'rute', 'trans', 'banyumas', 'trans', 'hateng', 'tertempel', 'dimasingmasing', 'halte', 'pengalaman', 'phrwomerto', 'trabsportasi', 'nyaman', 'mencoba', 'silakan', 'mencoba']",halte mudah ditemukan jarena dipinggir jalan pasar pon melayani rute tb pasarponajibarang pp dulewati tb terminal bulupitukebondalem halte trans jateng termin bulupituterminal bukateja bersih nyaman ruang transit penumpang trans banyumas nyaman petugas trans banyumas trans jateng membantu rute trans banyumas trans hateng tertempel dimasingmasing halte pengalaman phrwomerto trabsportasi nyaman mencoba silakan mencoba,5,positive
5,Dekat dengan pasar pon. Pas di terminal trans banyumas,Dekat dengan pasar pon Pas di terminal trans banyumas,dekat dengan pasar pon pas di terminal trans banyumas,dekat dengan pasar pon  ketika di terminal trans banyumas,"['dekat', 'dengan', 'pasar', 'pon', 'ketika', 'di', 'terminal', 'trans', 'banyumas']","['pasar', 'pon', 'terminal', 'trans', 'banyumas']",pasar pon terminal trans banyumas,-3,negative
5,"Halte Pasar Pon merupakan Halte Integrasi antara Bus Trans Banyumas dengan Bus Trans Jateng, hal ini sangat memudahkan masyarakat dalam melakukan perjalanan",Halte Pasar Pon merupakan Halte Integrasi antara Bus Trans Banyumas dengan Bus Trans Jateng hal ini sangat memudahkan masyarakat dalam melakukan perjalanan,halte pasar pon merupakan halte integrasi antara bus trans banyumas dengan bus trans jateng hal ini sangat memudahkan masyarakat dalam melakukan perjalanan,halte pasar pon merupakan halte integrasi antara bus trans banyumas dengan bus trans jateng hal ini sangat memudahkan masyarakat dalam melakukan perjalanan,"['halte', 'pasar', 'pon', 'merupakan', 'halte', 'integrasi', 'antara', 'bus', 'trans', 'banyumas', 'dengan', 'bus', 'trans', 'jateng', 'hal', 'ini', 'sangat', 'memudahkan', 'masyarakat', 'dalam', 'melakukan', 'perjalanan']","['halte', 'pasar', 'pon', 'halte', 'integrasi', 'bus', 'trans', 'banyumas', 'bus', 'trans', 'jateng', 'memudahkan', 'masyarakat', 'perjalanan']",halte pasar pon halte integrasi bus trans banyumas bus trans jateng memudahkan masyarakat perjalanan,5,positive
